fecha,temp_amb,hum_amb,presion,temp_suelo,hum_suelo,ph_suelo
2026-02-15 23:51:06,21.55,89.94,1013.38,16.21,25.57,6.21
2026-02-16 00:01:06,21.04,89.0,1009.85,15.83,25.83,6.2
2026-02-16 00:11:06,21.55,89.5,1012.66,15.97,23.92,6.2
2026-02-16 00:21:06,21.6,89.71,1013.5,15.58,25.44,6.21
2026-02-16 00:31:06,21.14,90.0,1011.83,15.42,25.1,6.21
2026-02-16 00:41:06,21.0,89.1,1013.34,15.38,24.8,6.16
2026-02-16 00:51:06,21.49,89.79,1011.12,15.26,25.88,6.2
2026-02-16 01:01:06,21.31,89.63,1015.51,15.05,24.74,6.21
2026-02-16 01:11:06,21.0,89.9,1012.5,15.13,24.83,6.21
2026-02-16 01:21:06,21.0,90.0,1011.47,14.68,25.72,6.22
2026-02-16 01:31:06,21.0,89.66,1012.7,14.66,25.35,6.16
2026-02-16 01:41:06,21.24,89.82,1011.85,14.37,24.26,6.19
2026-02-16 01:51:06,21.22,89.79,1014.02,14.48,25.11,6.22
2026-02-16 02:01:06,21.0,90.0,1011.5,14.46,24.11,6.25
2026-02-16 02:11:06,21.49,90.0,1010.47,14.58,24.3,6.19
2026-02-16 02:21:06,21.0,90.0,1011.79,14.43,25.08,6.2
2026-02-16 02:31:06,21.03,90.0,1012.06,14.23,24.4,6.22
2026-02-16 02:41:06,21.18,89.53,1013.65,14.73,25.18,6.19
2026-02-16 02:51:06,21.39,90.0,1014.11,14.21,24.23,6.18
2026-02-16 03:01:06,21.0,90.0,1012.54,14.26,24.14,6.19
2026-02-16 03:11:06,21.53,89.96,1010.92,14.06,24.2,6.25
2026-02-16 03:21:06,21.67,89.25,1011.94,14.13,24.78,6.2
2026-02-16 03:31:06,21.32,89.37,1010.77,14.31,24.99,6.2
2026-02-16 03:41:06,21.31,90.0,1009.03,13.69,23.78,6.24
2026-02-16 03:51:06,21.07,89.65,1010.2,13.72,25.87,6.22
2026-02-16 04:01:06,21.6,89.61,1010.41,14.2,25.28,6.2
2026-02-16 04:11:06,21.25,89.65,1012.08,13.84,24.49,6.22
2026-02-16 04:21:06,21.39,89.11,1010.7,14.41,24.12,6.2
2026-02-16 04:31:06,21.67,89.56,1012.88,14.31,25.21,6.22
2026-02-16 04:41:06,21.92,90.0,1010.97,14.28,25.15,6.19
2026-02-16 04:51:06,22.15,89.58,1010.08,14.17,25.47,6.18
2026-02-16 05:01:06,22.17,89.21,1014.53,14.04,24.66,6.2
2026-02-16 05:11:06,22.12,89.57,1011.18,14.25,25.27,6.2
2026-02-16 05:21:06,22.19,88.89,1012.91,14.45,25.44,6.2
2026-02-16 05:31:06,22.3,88.56,1010.57,14.2,25.17,6.19
2026-02-16 05:41:06,22.11,88.87,1012.18,14.17,25.19,6.18
2026-02-16 05:51:06,22.56,88.59,1012.4,14.51,25.15,6.16
2026-02-16 06:01:06,22.33,87.92,1014.6,14.84,25.19,6.21
2026-02-16 06:11:06,22.99,87.84,1013.79,14.62,24.91,6.21
2026-02-16 06:21:06,23.06,88.43,1012.07,14.95,25.32,6.15
2026-02-16 06:31:06,22.49,88.47,1012.38,14.79,25.38,6.22
2026-02-16 06:41:06,23.42,87.66,1013.5,15.1,24.62,6.2
2026-02-16 06:51:06,23.2,86.9,1013.37,14.79,24.52,6.16
2026-02-16 07:01:06,23.34,88.11,1012.94,15.42,24.93,6.24
2026-02-16 07:11:06,23.68,88.49,1013.12,15.5,24.75,6.24
2026-02-16 07:21:06,23.43,88.27,1011.23,15.49,25.1,6.17
2026-02-16 07:31:06,23.74,87.04,1010.28,15.4,25.1,6.22
2026-02-16 07:41:06,23.57,87.2,1009.68,15.52,23.5,6.2
2026-02-16 07:51:06,24.21,88.01,1012.78,15.67,25.46,6.19
2026-02-16 08:01:06,24.36,87.08,1012.65,16.08,24.5,6.21
2026-02-16 08:11:06,24.88,87.21,1012.8,16.04,24.6,6.23
2026-02-16 08:21:06,25.07,87.04,1014.16,16.43,24.85,6.19
2026-02-16 08:31:06,25.2,87.04,1011.85,16.65,25.38,6.21
2026-02-16 08:41:06,24.98,86.76,1009.32,16.68,24.86,6.17
2026-02-16 08:51:06,25.75,85.57,1013.55,17.11,25.87,6.2
2026-02-16 09:01:06,25.7,85.21,1012.26,16.83,24.66,6.2
2026-02-16 09:11:06,25.83,86.84,1011.46,16.81,25.62,6.2
2026-02-16 09:21:06,25.65,84.8,1013.29,17.25,25.24,6.18
2026-02-16 09:31:06,25.99,86.28,1010.36,17.41,24.48,6.21
2026-02-16 09:41:06,26.0,86.18,1010.76,17.66,24.65,6.2
2026-02-16 09:51:06,26.51,85.69,1011.78,17.59,24.58,6.2
2026-02-16 10:01:06,26.57,84.85,1013.53,17.7,25.92,6.2
2026-02-16 10:11:06,26.54,85.37,1013.57,18.35,25.09,6.18
2026-02-16 10:21:06,25.99,85.03,1012.04,18.37,25.02,6.22
2026-02-16 10:31:06,26.33,85.07,1013.11,18.62,25.21,6.22
2026-02-16 10:41:06,26.87,85.08,1010.34,18.27,25.43,6.2
2026-02-16 10:51:06,27.18,85.0,1010.22,18.67,24.75,6.16
2026-02-16 11:01:06,27.06,84.73,1013.72,18.66,25.0,6.21
2026-02-16 11:11:06,26.83,84.59,1012.45,19.46,24.73,6.19
2026-02-16 11:21:06,26.91,84.99,1010.84,19.32,24.07,6.17
2026-02-16 11:31:06,27.01,84.61,1011.63,19.61,24.37,6.18
2026-02-16 11:41:06,26.95,84.72,1011.46,19.59,24.31,6.22
2026-02-16 11:51:06,27.58,84.37,1012.71,19.62,24.6,6.17
2026-02-16 12:01:06,27.37,85.13,1011.56,20.04,24.25,6.21
2026-02-16 12:11:06,27.7,84.0,1012.12,20.02,24.71,6.2
2026-02-16 12:21:06,27.53,85.18,1013.76,20.47,24.68,6.21
2026-02-16 12:31:06,28.0,84.0,1012.47,20.62,24.02,6.21
2026-02-16 12:41:06,28.0,84.35,1012.95,20.8,24.83,6.2
2026-02-16 12:51:06,27.84,84.0,1010.84,20.86,24.3,6.19
2026-02-16 13:01:06,28.0,84.26,1014.26,20.99,25.45,6.21
2026-02-16 13:11:06,27.7,84.0,1011.5,20.81,24.15,6.23
2026-02-16 13:21:06,27.68,84.0,1014.37,20.86,23.92,6.21
2026-02-16 13:31:06,28.0,84.78,1012.18,21.31,24.82,6.23
2026-02-16 13:41:06,28.0,84.18,1009.67,21.43,23.83,6.17
2026-02-16 13:51:06,27.43,84.69,1011.15,21.62,24.58,6.19
2026-02-16 14:01:06,27.88,85.36,1014.75,21.63,25.05,6.18
2026-02-16 14:11:06,27.58,84.0,1010.29,21.45,24.92,6.19
2026-02-16 14:21:06,28.0,84.42,1012.19,21.83,24.4,6.21
2026-02-16 14:31:06,28.0,84.62,1012.52,21.8,24.6,6.17
2026-02-16 14:41:06,27.96,84.15,1011.98,21.73,25.1,6.22
2026-02-16 14:51:06,27.76,84.0,1014.2,21.69,25.33,6.19
2026-02-16 15:01:06,27.83,84.21,1011.47,21.81,24.57,6.23
2026-02-16 15:11:06,28.0,84.0,1013.37,21.69,24.57,6.18
2026-02-16 15:21:06,27.72,84.2,1010.43,21.95,24.84,6.23
2026-02-16 15:31:06,28.0,84.0,1013.02,21.74,23.97,6.2
2026-02-16 15:41:06,27.14,84.2,1015.09,21.57,24.2,6.19
2026-02-16 15:51:06,27.81,84.45,1008.86,22.18,24.22,6.22
2026-02-16 16:01:06,27.68,84.57,1013.11,22.27,24.6,6.2
2026-02-16 16:11:06,26.93,84.0,1016.64,21.85,24.65,6.18
2026-02-16 16:21:06,27.78,84.58,1011.49,21.71,24.31,6.18
2026-02-16 16:31:06,27.34,84.79,1015.84,21.95,24.43,6.2
2026-02-16 16:41:06,27.66,85.0,1012.4,22.08,24.84,6.21
2026-02-16 16:51:06,27.37,84.87,1011.91,22.07,25.04,6.23
2026-02-16 17:01:06,26.96,84.64,1012.37,21.88,25.07,6.22
2026-02-16 17:11:06,26.98,85.52,1015.41,21.92,23.77,6.2
2026-02-16 17:21:06,26.91,85.24,1012.8,21.92,24.08,6.2
2026-02-16 17:31:06,26.59,85.25,1014.17,21.94,24.62,6.21
2026-02-16 17:41:06,26.71,85.67,1012.35,21.56,23.72,6.18
2026-02-16 17:51:06,26.64,85.73,1009.99,21.82,24.03,6.21
2026-02-16 18:01:06,26.27,85.73,1014.2,21.35,24.75,6.18
2026-02-16 18:11:06,26.19,85.31,1013.32,21.33,24.04,6.19
2026-02-16 18:21:06,25.67,86.14,1013.16,21.46,24.03,6.24
2026-02-16 18:31:06,25.73,86.4,1012.3,21.2,25.38,6.2
2026-02-16 18:41:06,25.39,86.4,1013.03,21.05,24.96,6.18
2026-02-16 18:51:06,25.49,85.79,1011.77,20.74,24.76,6.19
2026-02-16 19:01:06,25.72,86.3,1014.7,20.77,24.19,6.21
2026-02-16 19:11:06,24.82,86.13,1012.92,20.85,23.64,6.16
2026-02-16 19:21:06,25.01,86.55,1011.09,20.6,24.99,6.16
2026-02-16 19:31:06,25.25,86.43,1012.32,20.39,24.01,6.16
2026-02-16 19:41:06,24.68,87.39,1012.01,20.42,24.59,6.18
2026-02-16 19:51:06,24.75,87.22,1012.77,19.96,24.02,6.19
2026-02-16 20:01:06,24.57,87.08,1014.11,20.2,24.99,6.19
2026-02-16 20:11:06,24.24,86.89,1013.16,19.99,23.63,6.2
2026-02-16 20:21:06,24.02,88.02,1013.28,19.56,24.1,6.19
2026-02-16 20:31:06,24.41,86.85,1010.2,19.9,24.68,6.19
2026-02-16 20:41:06,24.17,87.71,1011.71,19.13,23.7,6.16
2026-02-16 20:51:06,24.25,87.89,1013.14,19.24,24.84,6.17
2026-02-16 21:01:06,23.08,87.4,1012.84,18.93,24.58,6.27
2026-02-16 21:11:06,23.24,87.14,1012.91,18.67,24.65,6.16
2026-02-16 21:21:06,23.67,87.76,1011.48,18.72,23.14,6.21
2026-02-16 21:31:06,22.87,88.39,1012.88,18.5,24.97,6.16
2026-02-16 21:41:06,22.69,87.46,1009.61,18.36,24.14,6.19
2026-02-16 21:51:06,22.48,87.99,1011.2,18.26,25.03,6.17
2026-02-16 22:01:06,22.51,88.44,1011.77,18.27,24.46,6.18
2026-02-16 22:11:06,23.16,87.66,1012.36,17.7,23.25,6.2
2026-02-16 22:21:06,22.49,88.88,1014.0,17.79,24.93,6.17
2026-02-16 22:31:06,21.91,89.0,1012.86,17.39,24.68,6.18
2026-02-16 22:41:06,22.29,89.14,1012.62,17.1,24.84,6.21
2026-02-16 22:51:06,22.17,89.63,1012.13,17.07,24.1,6.21
2026-02-16 23:01:06,22.17,89.09,1010.81,16.84,24.38,6.23
2026-02-16 23:11:06,21.49,89.0,1012.56,16.65,25.07,6.22
2026-02-16 23:21:06,21.71,89.5,1011.47,16.67,23.83,6.2
2026-02-16 23:31:06,21.9,88.21,1010.98,16.28,24.38,6.22
2026-02-16 23:41:06,21.34,89.82,1013.62,16.19,23.89,6.19
2026-02-16 23:51:06,21.79,89.5,1011.4,16.26,24.4,6.21
2026-02-17 00:01:06,21.75,90.0,1013.05,15.73,24.21,6.2
2026-02-17 00:11:06,21.56,89.77,1012.79,15.37,24.39,6.23
2026-02-17 00:21:06,21.0,89.67,1011.34,15.82,23.96,6.21
2026-02-17 00:31:06,21.0,89.57,1014.99,15.75,23.39,6.21
2026-02-17 00:41:06,21.4,90.0,1010.88,15.41,24.17,6.23
2026-02-17 00:51:06,21.14,89.87,1011.81,15.35,24.07,6.21
2026-02-17 01:01:06,21.55,89.24,1012.83,15.31,23.82,6.2
2026-02-17 01:11:06,21.31,90.0,1011.76,15.41,23.29,6.18
2026-02-17 01:21:06,21.0,90.0,1011.58,15.42,24.01,6.2
2026-02-17 01:31:06,21.23,88.72,1010.92,14.78,24.46,6.18
2026-02-17 01:41:06,21.0,89.89,1012.93,14.76,23.65,6.21
2026-02-17 01:51:06,21.03,90.0,1011.34,14.54,24.41,6.18
2026-02-17 02:01:06,21.26,89.3,1010.35,14.36,23.66,6.2
2026-02-17 02:11:06,21.18,89.69,1012.2,14.72,24.75,6.17
2026-02-17 02:21:06,21.33,89.88,1007.95,14.78,23.84,6.23
2026-02-17 02:31:06,21.83,90.0,1011.37,14.17,24.16,6.19
2026-02-17 02:41:06,21.0,89.61,1012.87,14.3,23.97,6.19
2026-02-17 02:51:06,21.0,89.58,1010.83,14.23,24.19,6.22
2026-02-17 03:01:06,21.0,90.0,1013.55,14.31,24.36,6.19
2026-02-17 03:11:06,21.14,89.63,1012.56,13.95,23.81,6.19
2026-02-17 03:21:06,21.14,89.6,1011.87,14.08,23.94,6.2
2026-02-17 03:31:06,21.43,90.0,1011.96,14.31,24.42,6.17
2026-02-17 03:41:06,21.16,89.7,1012.01,13.97,24.36,6.21
2026-02-17 03:51:06,21.0,88.73,1011.87,13.9,24.48,6.2
2026-02-17 04:01:06,21.68,89.63,1009.65,14.39,24.18,6.19
2026-02-17 04:11:06,21.73,89.52,1011.99,14.24,24.42,6.19
2026-02-17 04:21:06,21.42,88.87,1013.71,14.2,24.94,6.21
2026-02-17 04:31:06,21.53,89.08,1011.76,13.68,24.38,6.21
2026-02-17 04:41:06,21.47,89.58,1013.48,14.1,24.53,6.19
2026-02-17 04:51:06,21.63,89.7,1011.4,14.03,24.17,6.22
2026-02-17 05:01:06,21.95,89.93,1012.5,14.45,24.68,6.21
2026-02-17 05:11:06,22.17,89.13,1011.86,14.42,23.04,6.19
2026-02-17 05:21:06,21.87,89.19,1011.55,14.38,24.62,6.21
2026-02-17 05:31:06,22.45,88.96,1012.54,14.44,24.32,6.22
2026-02-17 05:41:06,22.95,89.75,1013.99,14.13,22.92,6.19
2026-02-17 05:51:06,22.52,89.41,1011.57,14.18,25.13,6.25
2026-02-17 06:01:06,22.62,88.61,1012.18,14.9,23.63,6.2
2026-02-17 06:11:06,22.67,87.84,1011.44,14.44,23.85,6.21
2026-02-17 06:21:06,23.05,88.05,1013.97,14.7,24.24,6.21
2026-02-17 06:31:06,23.09,88.06,1010.91,14.82,24.26,6.19
2026-02-17 06:41:06,23.44,88.48,1013.35,14.83,23.94,6.17
2026-02-17 06:51:06,23.76,87.63,1011.06,15.0,24.12,6.21
2026-02-17 07:01:06,23.3,87.02,1011.74,15.17,24.47,6.19
2026-02-17 07:11:06,23.57,87.8,1013.47,15.71,23.74,6.19
2026-02-17 07:21:06,23.76,87.86,1014.55,15.79,24.37,6.18
2026-02-17 07:31:06,23.94,86.51,1014.92,15.54,23.73,6.19
2026-02-17 07:41:06,24.39,87.06,1009.2,15.69,24.32,6.2
2026-02-17 07:51:06,23.98,86.99,1010.49,15.92,24.09,6.2
2026-02-17 08:01:06,24.54,86.26,1013.35,16.03,24.1,6.19
2026-02-17 08:11:06,24.84,87.23,1012.68,16.14,24.88,6.22
2026-02-17 08:21:06,24.49,85.76,1013.84,15.95,24.44,6.21
2026-02-17 08:31:06,24.74,87.25,1011.21,16.52,23.87,6.2
2026-02-17 08:41:06,24.9,86.35,1012.93,16.67,24.32,6.2
2026-02-17 08:51:06,24.95,86.73,1012.44,16.82,23.06,6.22
2026-02-17 09:01:06,25.93,85.9,1015.0,16.9,24.25,6.23
2026-02-17 09:11:06,25.52,85.58,1011.06,17.43,23.94,6.21
2026-02-17 09:21:06,26.28,85.38,1011.84,17.53,24.19,6.21
2026-02-17 09:31:06,25.61,85.75,1011.54,17.63,24.31,6.17
2026-02-17 09:41:06,25.83,85.7,1007.94,18.03,23.89,6.2
2026-02-17 09:51:06,26.0,84.8,1013.36,17.59,24.03,6.2
2026-02-17 10:01:06,26.17,86.41,1012.32,17.8,23.53,6.17
2026-02-17 10:11:06,26.58,85.77,1009.23,18.53,23.58,6.18
2026-02-17 10:21:06,26.85,86.06,1014.04,18.24,24.28,6.22
2026-02-17 10:31:06,26.47,85.12,1011.08,18.44,23.46,6.19
2026-02-17 10:41:06,26.95,85.18,1009.72,18.9,24.82,6.18
2026-02-17 10:51:06,26.47,85.57,1013.01,19.03,23.63,6.22
2026-02-17 11:01:06,27.36,84.9,1010.7,19.18,24.67,6.19
2026-02-17 11:11:06,27.25,85.62,1009.76,19.28,24.11,6.21
2026-02-17 11:21:06,27.51,84.56,1010.86,19.63,24.46,6.18
2026-02-17 11:31:06,27.32,84.79,1011.87,19.82,23.83,6.19
2026-02-17 11:41:06,27.38,84.6,1014.0,19.72,23.5,6.18
2026-02-17 11:51:06,27.92,84.39,1012.25,19.76,23.53,6.21
2026-02-17 12:01:06,26.95,84.75,1010.53,20.17,23.63,6.18
2026-02-17 12:11:06,28.0,84.0,1015.27,19.82,23.6,6.21
2026-02-17 12:21:06,28.0,85.35,1012.28,20.25,23.77,6.25
2026-02-17 12:31:06,27.81,84.64,1011.78,20.4,23.21,6.17
2026-02-17 12:41:06,27.98,84.0,1012.33,21.09,24.02,6.21
2026-02-17 12:51:06,27.7,84.0,1012.28,20.61,24.48,6.2
2026-02-17 13:01:06,28.0,84.0,1010.02,20.66,23.45,6.18
2026-02-17 13:11:06,28.0,84.0,1013.22,20.69,24.11,6.2
2026-02-17 13:21:06,27.74,84.22,1012.63,21.25,23.88,6.23
2026-02-17 13:31:06,28.0,84.0,1013.43,20.89,24.19,6.2
2026-02-17 13:41:06,27.84,84.28,1013.65,21.38,23.87,6.19
2026-02-17 13:51:06,27.95,84.0,1011.06,21.55,22.67,6.23
2026-02-17 14:01:06,28.0,84.72,1010.73,21.5,24.35,6.17
2026-02-17 14:11:06,28.0,84.41,1010.67,21.56,23.61,6.18
2026-02-17 14:21:06,27.74,84.0,1012.5,21.63,23.84,6.2
2026-02-17 14:31:06,27.82,84.0,1011.18,22.1,23.54,6.19
2026-02-17 14:41:06,28.0,84.52,1009.88,21.43,24.29,6.18
2026-02-17 14:51:06,28.0,84.63,1013.71,21.71,23.3,6.2
2026-02-17 15:01:06,27.79,84.0,1012.31,21.88,24.24,6.21
2026-02-17 15:11:06,27.6,84.0,1013.99,21.9,24.13,6.18
2026-02-17 15:21:06,27.68,84.31,1012.72,22.17,23.68,6.19
2026-02-17 15:31:06,27.46,84.66,1012.05,21.93,23.32,6.17
2026-02-17 15:41:06,27.23,84.0,1011.19,22.22,24.21,6.18
2026-02-17 15:51:06,27.71,84.13,1012.92,21.96,24.13,6.2
2026-02-17 16:01:06,27.39,84.0,1011.11,21.76,24.69,6.24
2026-02-17 16:11:06,27.83,85.01,1013.34,22.36,23.58,6.18
2026-02-17 16:21:06,27.62,85.19,1012.94,21.59,23.21,6.2
2026-02-17 16:31:06,27.46,84.9,1012.45,21.98,22.92,6.18
2026-02-17 16:41:06,27.15,84.64,1011.69,21.95,23.96,6.19
2026-02-17 16:51:06,26.93,84.52,1012.06,21.63,24.14,6.21
2026-02-17 17:01:06,26.49,85.13,1009.63,21.74,24.64,6.19
2026-02-17 17:11:06,26.66,84.35,1011.47,21.54,23.73,6.23
2026-02-17 17:21:06,26.35,84.46,1011.14,21.43,23.63,6.2
2026-02-17 17:31:06,26.06,85.05,1013.59,21.83,24.12,6.2
2026-02-17 17:41:06,26.54,84.81,1010.14,21.97,22.26,6.21
2026-02-17 17:51:06,26.46,84.98,1012.23,21.17,24.25,6.2
2026-02-17 18:01:06,26.35,86.05,1011.91,21.04,23.87,6.22
2026-02-17 18:11:06,25.69,86.47,1012.93,21.9,22.91,6.21
2026-02-17 18:21:06,25.97,86.15,1010.94,21.42,23.89,6.23
2026-02-17 18:31:06,25.77,85.49,1013.84,20.84,24.15,6.15
2026-02-17 18:41:06,25.46,85.95,1012.81,21.21,23.47,6.22
2026-02-17 18:51:06,25.76,86.58,1010.23,20.77,23.92,6.19
2026-02-17 19:01:06,25.27,86.14,1011.6,21.0,22.75,6.18
2026-02-17 19:11:06,25.41,86.44,1014.28,20.89,23.6,6.21
2026-02-17 19:21:06,25.13,86.29,1011.09,20.71,24.3,6.16
2026-02-17 19:31:06,25.13,85.64,1009.82,20.28,23.7,6.18
2026-02-17 19:41:06,24.74,86.34,1014.31,19.73,23.92,6.21
2026-02-17 19:51:06,24.59,86.81,1010.17,20.49,23.3,6.19
2026-02-17 20:01:06,24.57,87.06,1012.59,20.27,23.03,6.21
2026-02-17 20:11:06,24.74,87.08,1010.55,20.1,23.84,6.18
2026-02-17 20:21:06,24.18,87.08,1013.12,19.15,24.83,6.22
2026-02-17 20:31:06,24.46,87.22,1014.58,19.66,23.41,6.21
2026-02-17 20:41:06,23.73,87.43,1011.15,19.4,23.3,6.19
2026-02-17 20:51:06,23.48,87.0,1010.54,19.14,24.62,6.19
2026-02-17 21:01:06,23.23,87.57,1008.57,19.45,23.07,6.19
2026-02-17 21:11:06,23.44,87.6,1015.96,19.13,23.44,6.19
2026-02-17 21:21:06,23.26,88.56,1011.62,18.86,24.0,6.17
2026-02-17 21:31:06,23.33,88.39,1011.49,18.55,23.24,6.18
2026-02-17 21:41:06,23.19,88.15,1011.38,18.48,23.53,6.22
2026-02-17 21:51:06,22.54,88.8,1010.93,18.27,24.34,6.22
2026-02-17 22:01:06,22.07,88.98,1012.17,17.68,24.49,6.19
2026-02-17 22:11:06,22.8,88.64,1012.51,17.49,23.61,6.2
2026-02-17 22:21:06,22.17,88.36,1011.32,17.71,23.97,6.17
2026-02-17 22:31:06,22.32,88.5,1010.52,17.17,24.03,6.23
2026-02-17 22:41:06,22.11,89.12,1010.36,17.53,24.66,6.19
2026-02-17 22:51:06,22.36,88.64,1012.74,17.16,24.43,6.2
2026-02-17 23:01:06,22.25,88.57,1012.52,17.2,23.74,6.2
2026-02-17 23:11:06,22.08,88.88,1012.06,16.6,23.33,6.18
2026-02-17 23:21:06,21.88,88.44,1011.32,16.86,23.96,6.24
2026-02-17 23:31:06,21.32,89.59,1010.64,16.4,23.31,6.22
2026-02-17 23:41:06,21.38,89.46,1013.29,16.24,23.79,6.24
2026-02-17 23:51:06,21.3,89.34,1010.87,16.5,23.55,6.18
2026-02-18 00:01:06,21.77,90.0,1010.99,16.04,23.32,6.19
2026-02-18 00:11:06,21.0,89.86,1013.68,15.73,24.1,6.23
2026-02-18 00:21:06,21.12,89.73,1013.42,15.35,22.91,6.22
2026-02-18 00:31:06,21.19,90.0,1011.01,15.82,24.31,6.2
2026-02-18 00:41:06,21.05,90.0,1010.84,15.55,23.17,6.2
2026-02-18 00:51:06,21.16,90.0,1010.89,14.95,23.57,6.18
2026-02-18 01:01:06,21.0,89.91,1012.69,14.61,23.55,6.19
2026-02-18 01:11:06,21.0,89.68,1011.38,14.74,23.42,6.22
2026-02-18 01:21:06,21.09,90.0,1010.05,14.91,23.12,6.23
2026-02-18 01:31:06,21.0,89.82,1011.68,14.59,22.79,6.21
2026-02-18 01:41:06,21.32,90.0,1012.84,14.66,22.8,6.2
2026-02-18 01:51:06,21.0,89.56,1011.34,14.5,23.34,6.19
2026-02-18 02:01:06,21.53,90.0,1010.25,14.59,23.81,6.2
2026-02-18 02:11:06,21.29,89.74,1013.45,14.52,23.73,6.19
2026-02-18 02:21:06,21.0,89.58,1012.63,14.2,23.4,6.17
2026-02-18 02:31:06,21.0,89.0,1012.96,14.18,24.23,6.19
2026-02-18 02:41:06,21.51,90.0,1011.76,14.27,24.39,6.21
2026-02-18 02:51:06,21.06,90.0,1010.95,14.39,22.79,6.2
2026-02-18 03:01:06,21.0,89.56,1011.73,14.2,24.17,6.23
2026-02-18 03:11:06,21.28,89.83,1013.73,14.19,24.2,6.2
2026-02-18 03:21:06,21.1,89.54,1010.04,13.85,22.98,6.17
2026-02-18 03:31:06,21.03,89.26,1013.18,13.95,22.87,6.19
2026-02-18 03:41:06,21.36,89.98,1014.46,13.8,23.19,6.18
2026-02-18 03:51:06,21.46,89.53,1010.63,13.77,23.13,6.18
2026-02-18 04:01:06,21.96,89.46,1013.42,13.99,23.86,6.23
2026-02-18 04:11:06,21.88,88.77,1011.4,13.87,23.33,6.2
2026-02-18 04:21:06,21.96,89.28,1014.22,13.86,23.28,6.17
2026-02-18 04:31:06,21.65,89.75,1010.31,14.49,23.61,6.21
2026-02-18 04:41:06,21.47,90.0,1011.93,14.29,23.38,6.24
2026-02-18 04:51:06,21.97,88.88,1013.37,14.39,23.07,6.23
2026-02-18 05:01:06,22.27,89.9,1013.37,14.4,23.38,6.22
2026-02-18 05:11:06,22.35,89.25,1009.09,14.34,22.88,6.2
2026-02-18 05:21:06,22.8,88.54,1011.74,14.06,23.52,6.2
2026-02-18 05:31:06,22.2,88.9,1010.94,14.03,22.75,6.22
2026-02-18 05:41:06,22.66,89.35,1011.27,14.32,24.29,6.22
2026-02-18 05:51:06,22.84,88.89,1012.47,14.1,23.24,6.19
2026-02-18 06:01:06,22.27,88.39,1011.97,14.27,22.42,6.2
2026-02-18 06:11:06,22.69,89.27,1012.13,14.61,22.75,6.19
2026-02-18 06:21:06,23.29,88.14,1010.86,14.55,22.56,6.23
2026-02-18 06:31:06,23.17,87.83,1009.7,14.95,23.58,6.16
2026-02-18 06:41:06,22.91,87.6,1013.08,14.48,23.91,6.19
2026-02-18 06:51:06,23.38,87.32,1014.09,14.96,23.35,6.22
2026-02-18 07:01:06,23.35,87.73,1011.01,15.24,24.02,6.21
2026-02-18 07:11:06,23.91,87.55,1011.17,15.21,23.25,6.2
2026-02-18 07:21:06,23.82,88.14,1011.97,15.25,23.67,6.22
2026-02-18 07:31:06,24.23,87.04,1010.57,15.73,23.24,6.18
2026-02-18 07:41:06,24.44,87.03,1011.79,15.78,24.34,6.19
2026-02-18 07:51:06,24.53,87.28,1013.96,15.78,23.47,6.21
2026-02-18 08:01:06,24.78,86.69,1010.18,16.06,23.29,6.17
2026-02-18 08:11:06,24.85,86.72,1011.98,16.12,22.84,6.21
2026-02-18 08:21:06,24.44,86.92,1010.52,16.33,23.6,6.17
2026-02-18 08:31:06,25.22,86.21,1009.75,16.68,23.71,6.16
2026-02-18 08:41:06,24.64,86.47,1011.74,16.27,23.67,6.19
2026-02-18 08:51:06,24.81,84.67,1011.45,16.9,22.52,6.2
2026-02-18 09:01:06,24.96,86.54,1012.76,16.79,23.11,6.19
2026-02-18 09:11:06,26.0,85.83,1013.51,17.09,23.47,6.16
2026-02-18 09:21:06,25.88,86.49,1012.47,17.11,23.94,6.17
2026-02-18 09:31:06,25.83,85.78,1013.61,17.42,22.53,6.18
2026-02-18 09:41:06,26.0,86.07,1013.23,18.08,23.61,6.18
2026-02-18 09:51:06,26.41,85.86,1011.95,17.92,22.33,6.16
2026-02-18 10:01:06,26.56,86.27,1011.72,17.81,23.63,6.2
2026-02-18 10:11:06,26.15,85.54,1010.43,18.06,22.54,6.18
2026-02-18 10:21:06,26.36,85.41,1009.6,18.33,22.33,6.19
2026-02-18 10:31:06,26.67,84.92,1011.6,18.66,23.17,6.17
2026-02-18 10:41:06,26.7,85.85,1012.81,18.77,23.05,6.21
2026-02-18 10:51:06,26.97,85.55,1010.82,18.92,22.66,6.17
2026-02-18 11:01:06,27.16,84.59,1012.93,19.29,24.29,6.19
2026-02-18 11:11:06,27.2,84.79,1013.94,19.68,24.07,6.25
2026-02-18 11:21:06,27.68,84.58,1010.71,19.18,23.64,6.21
2026-02-18 11:31:06,27.41,84.0,1011.83,19.42,22.1,6.21
2026-02-18 11:41:06,27.71,85.33,1013.4,19.75,21.8,6.24
2026-02-18 11:51:06,27.64,85.5,1012.69,19.99,23.39,6.21
2026-02-18 12:01:06,27.72,84.2,1012.04,20.1,23.48,6.18
2026-02-18 12:11:06,27.8,84.98,1012.65,20.04,23.02,6.19
2026-02-18 12:21:06,27.69,84.78,1010.91,20.19,22.82,6.19
2026-02-18 12:31:06,27.18,84.25,1013.33,20.71,23.19,6.2
2026-02-18 12:41:06,27.7,84.24,1011.94,21.12,23.81,6.18
2026-02-18 12:51:06,27.65,84.29,1012.27,20.6,24.0,6.21
2026-02-18 13:01:06,28.0,84.74,1009.71,20.77,24.17,6.18
2026-02-18 13:11:06,27.75,84.08,1012.94,21.04,23.35,6.2
2026-02-18 13:21:06,27.92,84.46,1016.5,20.76,23.67,6.19
2026-02-18 13:31:06,27.58,84.0,1012.09,21.31,22.78,6.2
2026-02-18 13:41:06,27.37,84.57,1014.25,21.23,22.26,6.19
2026-02-18 13:51:06,27.99,84.0,1015.2,21.39,22.98,6.21
2026-02-18 14:01:06,27.93,84.2,1010.37,21.65,23.56,6.21
2026-02-18 14:11:06,27.54,84.81,1011.72,21.58,22.43,6.2
2026-02-18 14:21:06,27.84,84.0,1011.12,21.39,22.02,6.26
2026-02-18 14:31:06,28.0,84.25,1012.91,21.74,23.51,6.21
2026-02-18 14:41:06,28.0,84.0,1012.25,22.07,22.73,6.2
2026-02-18 14:51:06,27.6,84.0,1012.0,22.43,23.77,6.22
2026-02-18 15:01:06,27.97,84.0,1009.41,21.65,23.48,6.18
2026-02-18 15:11:06,27.89,84.0,1012.1,21.87,23.78,6.19
2026-02-18 15:21:06,27.97,84.0,1011.16,22.08,23.83,6.21
2026-02-18 15:31:06,28.0,84.0,1011.5,21.62,22.03,6.23
2026-02-18 15:41:06,28.0,84.38,1015.1,21.96,22.32,6.19
2026-02-18 15:51:06,27.51,84.45,1014.2,21.87,23.37,6.2
2026-02-18 16:01:06,26.99,84.69,1011.92,22.09,23.11,6.19
2026-02-18 16:11:06,27.78,84.47,1012.5,21.45,22.85,6.2
2026-02-18 16:21:06,27.21,84.5,1011.04,21.82,23.05,6.2
2026-02-18 16:31:06,27.48,84.0,1009.03,21.59,23.63,6.16
2026-02-18 16:41:06,27.42,84.45,1010.67,21.61,22.9,6.2
2026-02-18 16:51:06,26.72,85.23,1011.34,21.96,22.66,6.2
2026-02-18 17:01:06,27.22,84.24,1009.14,22.09,22.76,6.17
2026-02-18 17:11:06,27.0,84.89,1014.38,21.66,22.62,6.19
2026-02-18 17:21:06,26.65,85.17,1009.46,21.57,22.4,6.21
2026-02-18 17:31:06,26.4,84.67,1013.77,21.95,22.39,6.22
2026-02-18 17:41:06,26.32,85.37,1009.88,21.59,23.72,6.21
2026-02-18 17:51:06,26.39,86.42,1012.52,21.72,22.92,6.2
2026-02-18 18:01:06,26.48,85.9,1010.35,21.37,22.84,6.21
2026-02-18 18:11:06,26.41,85.36,1013.69,21.57,22.27,6.19
2026-02-18 18:21:06,26.25,85.72,1011.38,21.26,22.89,6.22
2026-02-18 18:31:06,25.48,86.08,1013.8,21.19,23.0,6.17
2026-02-18 18:41:06,26.36,85.85,1013.39,21.3,23.69,6.22
2026-02-18 18:51:06,25.58,85.73,1010.9,20.61,22.05,6.2
2026-02-18 19:01:06,25.41,85.51,1011.07,20.65,23.07,6.2
2026-02-18 19:11:06,25.21,86.33,1009.77,20.66,22.37,6.22
2026-02-18 19:21:06,25.21,86.61,1011.49,20.8,23.87,6.19
2026-02-18 19:31:06,25.11,86.0,1014.27,20.18,22.93,6.22
2026-02-18 19:41:06,24.76,86.53,1013.74,20.42,22.71,6.2
2026-02-18 19:51:06,24.69,86.54,1011.28,19.95,22.9,6.18
2026-02-18 20:01:06,24.51,86.17,1013.27,19.94,22.87,6.21
2026-02-18 20:11:06,24.65,86.88,1011.67,19.84,22.99,6.19
2026-02-18 20:21:06,23.85,87.64,1013.26,19.63,22.65,6.23
2026-02-18 20:31:06,24.52,87.09,1012.86,19.3,21.86,6.19
2026-02-18 20:41:06,24.1,86.93,1013.6,19.28,23.59,6.21
2026-02-18 20:51:06,23.42,87.31,1011.45,18.85,23.37,6.17
2026-02-18 21:01:06,23.28,87.2,1011.45,19.35,22.32,6.23
2026-02-18 21:11:06,22.86,87.88,1014.45,18.82,24.05,6.2
2026-02-18 21:21:06,23.06,87.71,1011.95,18.66,23.01,6.22
2026-02-18 21:31:06,23.18,88.96,1010.77,18.59,22.88,6.22
2026-02-18 21:41:06,22.73,89.17,1010.97,18.44,21.99,6.19
2026-02-18 21:51:06,22.9,89.04,1010.3,17.82,22.87,6.21
2026-02-18 22:01:06,22.88,88.34,1010.7,17.92,23.01,6.22
2026-02-18 22:11:06,23.0,88.27,1010.32,18.05,24.05,6.19
2026-02-18 22:21:06,22.53,88.87,1012.09,17.56,22.51,6.24
2026-02-18 22:31:06,22.11,89.12,1012.93,17.59,22.71,6.18
2026-02-18 22:41:06,22.69,88.95,1010.02,17.26,22.54,6.21
2026-02-18 22:51:06,22.09,88.36,1012.7,17.19,24.08,6.2
2026-02-18 23:01:06,22.36,88.9,1009.8,17.05,22.85,6.2
2026-02-18 23:11:06,22.24,88.56,1012.3,17.14,22.91,6.21
2026-02-18 23:21:06,21.94,89.48,1012.98,16.38,23.14,6.19
2026-02-18 23:31:06,21.98,89.54,1011.8,16.51,22.21,6.22
2026-02-18 23:41:06,21.74,89.61,1008.59,16.21,22.61,6.2
2026-02-18 23:51:06,21.47,89.03,1010.58,16.37,22.47,6.18
2026-02-19 00:01:06,21.43,89.51,1011.29,16.03,22.63,6.16
2026-02-19 00:11:06,21.15,89.28,1010.17,15.72,23.11,6.22
2026-02-19 00:21:06,21.43,89.56,1013.97,15.74,22.81,6.19
2026-02-19 00:31:06,21.44,89.82,1013.68,15.97,23.43,6.22
2026-02-19 00:41:06,21.42,89.71,1011.43,15.46,22.89,6.2
2026-02-19 00:51:06,21.0,90.0,1012.3,15.47,23.23,6.2
2026-02-19 01:01:06,21.0,89.57,1012.68,14.94,22.81,6.2
2026-02-19 01:11:06,21.59,90.0,1014.09,14.91,22.23,6.21
2026-02-19 01:21:06,21.05,89.66,1013.7,14.92,22.23,6.21
2026-02-19 01:31:06,21.0,90.0,1010.62,14.64,21.88,6.19
2026-02-19 01:41:06,21.35,90.0,1011.87,14.75,23.73,6.22
2026-02-19 01:51:06,21.13,90.0,1012.16,14.28,22.41,6.2
2026-02-19 02:01:06,21.01,89.9,1012.93,15.12,22.51,6.19
2026-02-19 02:11:06,21.09,90.0,1014.17,14.58,22.5,6.16
2026-02-19 02:21:06,21.55,89.74,1010.57,14.16,22.24,6.21
2026-02-19 02:31:06,21.08,89.6,1008.58,14.27,22.92,6.2
2026-02-19 02:41:06,21.08,89.94,1011.26,14.04,22.99,6.18
2026-02-19 02:51:06,21.04,90.0,1011.51,13.95,22.7,6.23
2026-02-19 03:01:06,21.0,90.0,1010.09,13.75,22.91,6.2
2026-02-19 03:11:06,21.11,90.0,1011.12,14.09,22.04,6.16
2026-02-19 03:21:06,21.0,90.0,1011.52,14.02,23.11,6.23
2026-02-19 03:31:06,21.0,89.78,1010.5,14.36,22.31,6.24
2026-02-19 03:41:06,21.45,90.0,1015.51,13.98,21.93,6.18
2026-02-19 03:51:06,21.18,90.0,1010.01,13.98,23.62,6.22
2026-02-19 04:01:06,21.18,89.91,1010.97,13.94,23.9,6.2
2026-02-19 04:11:06,21.65,89.36,1012.66,13.98,23.3,6.21
2026-02-19 04:21:06,21.97,90.0,1011.25,13.74,23.46,6.2
2026-02-19 04:31:06,21.97,89.92,1012.28,14.08,22.38,6.21
2026-02-19 04:41:06,21.62,89.42,1012.1,14.31,22.88,6.2
2026-02-19 04:51:06,21.67,89.89,1008.77,14.08,23.42,6.2
2026-02-19 05:01:06,22.6,88.8,1010.21,14.17,22.76,6.2
2026-02-19 05:11:06,22.23,88.27,1013.46,14.63,22.27,6.2
2026-02-19 05:21:06,22.42,89.21,1010.19,14.41,23.07,6.23
2026-02-19 05:31:06,22.72,88.92,1008.79,13.82,22.86,6.23
2026-02-19 05:41:06,22.1,88.85,1012.31,14.39,22.6,6.23
2026-02-19 05:51:06,22.42,88.78,1013.92,14.65,22.62,6.19
2026-02-19 06:01:06,22.97,88.78,1009.59,14.37,21.43,6.18
2026-02-19 06:11:06,22.75,89.12,1011.56,14.83,22.29,6.19
2026-02-19 06:21:06,22.98,87.92,1011.86,14.58,22.33,6.18
2026-02-19 06:31:06,23.13,88.09,1010.54,14.89,21.76,6.21
2026-02-19 06:41:06,23.24,88.21,1012.08,15.36,22.76,6.22
2026-02-19 06:51:06,23.44,87.89,1012.16,15.37,24.08,6.17
2026-02-19 07:01:06,23.6,88.3,1010.77,15.15,22.4,6.18
2026-02-19 07:11:06,23.48,87.97,1011.3,15.29,22.4,6.19
2026-02-19 07:21:06,23.74,87.94,1014.3,15.32,22.01,6.2
2026-02-19 07:31:06,23.84,87.04,1012.53,15.82,22.18,6.21
2026-02-19 07:41:06,24.42,87.26,1011.2,15.37,23.59,6.18
2026-02-19 07:51:06,24.23,86.48,1012.85,15.72,21.88,6.19
2026-02-19 08:01:06,24.11,86.36,1011.54,16.03,22.89,6.19
2026-02-19 08:11:06,24.5,87.47,1011.36,16.26,22.65,6.17
2026-02-19 08:21:06,24.82,86.28,1010.6,16.33,22.7,6.18
2026-02-19 08:31:06,24.83,86.45,1013.56,16.53,23.23,6.2
2026-02-19 08:41:06,25.14,86.67,1011.88,16.6,22.91,6.2
2026-02-19 08:51:06,25.03,86.39,1013.92,16.74,23.1,6.19
2026-02-19 09:01:06,25.12,86.35,1013.68,16.73,22.77,6.19
2026-02-19 09:11:06,25.53,86.42,1011.39,17.35,22.67,6.2
2026-02-19 09:21:06,25.37,85.89,1010.66,17.36,22.63,6.17
2026-02-19 09:31:06,25.87,85.52,1012.66,17.63,22.92,6.19
2026-02-19 09:41:06,26.22,85.46,1013.83,17.69,22.29,6.17
2026-02-19 09:51:06,25.58,86.07,1012.33,18.07,22.53,6.19
2026-02-19 10:01:06,26.52,85.36,1011.09,18.31,22.43,6.2
2026-02-19 10:11:06,26.57,84.94,1011.91,18.45,22.58,6.2
2026-02-19 10:21:06,26.6,84.6,1012.0,18.21,21.83,6.21
2026-02-19 10:31:06,26.8,85.12,1013.21,18.63,23.28,6.21
2026-02-19 10:41:06,26.83,84.92,1012.57,18.77,23.33,6.15
2026-02-19 10:51:06,26.61,85.0,1011.14,18.57,22.69,6.22
2026-02-19 11:01:06,26.77,85.52,1013.26,18.88,22.45,6.18
2026-02-19 11:11:06,26.83,84.24,1011.92,19.17,22.55,6.19
2026-02-19 11:21:06,27.69,84.22,1013.05,19.21,23.28,6.21
2026-02-19 11:31:06,27.08,84.19,1010.61,19.48,21.85,6.18
2026-02-19 11:41:06,27.41,84.21,1012.27,19.8,23.01,6.2
2026-02-19 11:51:06,27.75,85.07,1013.06,19.72,22.2,6.22
2026-02-19 12:01:06,27.73,84.01,1012.37,20.21,21.1,6.17
2026-02-19 12:11:06,27.56,84.0,1012.44,20.01,23.22,6.23
2026-02-19 12:21:06,27.34,84.67,1010.6,20.65,21.79,6.19
2026-02-19 12:31:06,27.69,84.0,1011.0,20.56,22.07,6.21
2026-02-19 12:41:06,28.0,84.03,1010.01,20.33,23.08,6.19
2026-02-19 12:51:06,27.97,84.0,1013.96,20.57,22.01,6.21
2026-02-19 13:01:06,27.97,84.42,1009.14,21.24,22.97,6.18
2026-02-19 13:11:06,28.0,84.03,1008.69,20.98,21.5,6.18
2026-02-19 13:21:06,28.0,84.4,1016.56,21.2,22.7,6.21
2026-02-19 13:31:06,28.0,84.09,1011.23,21.39,22.7,6.2
2026-02-19 13:41:06,27.61,84.0,1010.04,21.0,22.07,6.18
2026-02-19 13:51:06,28.0,84.0,1014.82,21.4,22.88,6.17
2026-02-19 14:01:06,27.7,84.0,1011.22,21.54,22.24,6.19
2026-02-19 14:11:06,27.93,84.0,1011.82,21.32,22.13,6.17
2026-02-19 14:21:06,28.0,84.0,1008.11,21.66,22.57,6.2
2026-02-19 14:31:06,28.0,84.08,1009.67,21.86,22.34,6.2
2026-02-19 14:41:06,28.0,84.0,1010.86,21.69,22.12,6.17
2026-02-19 14:51:06,28.0,84.0,1011.15,21.63,22.29,6.16
2026-02-19 15:01:06,28.0,84.14,1010.69,21.95,23.03,6.2
2026-02-19 15:11:06,27.92,84.0,1012.12,22.27,22.55,6.23
2026-02-19 15:21:06,27.69,84.0,1012.18,21.7,21.41,6.21
2026-02-19 15:31:06,27.86,84.18,1011.83,22.08,22.38,6.21
2026-02-19 15:41:06,27.67,84.0,1009.39,21.79,22.75,6.2
2026-02-19 15:51:06,27.12,85.52,1011.37,21.99,23.9,6.23
2026-02-19 16:01:06,27.31,84.0,1010.55,22.14,22.05,6.2
2026-02-19 16:11:06,27.17,84.0,1012.57,21.85,23.1,6.23
2026-02-19 16:21:06,27.63,84.48,1011.28,21.98,22.3,6.21
2026-02-19 16:31:06,27.43,84.77,1011.07,21.85,22.5,6.21
2026-02-19 16:41:06,27.46,85.03,1013.02,22.06,23.14,6.2
2026-02-19 16:51:06,27.16,84.48,1011.29,22.05,22.29,6.2
2026-02-19 17:01:06,27.0,84.38,1011.21,21.6,22.02,6.21
2026-02-19 17:11:06,27.08,84.82,1011.58,21.71,21.93,6.2
2026-02-19 17:21:06,27.11,85.22,1013.37,21.78,22.98,6.19
2026-02-19 17:31:06,26.5,84.83,1015.28,21.51,22.38,6.17
2026-02-19 17:41:06,26.93,84.7,1010.73,22.05,22.16,6.16
2026-02-19 17:51:06,26.32,86.01,1010.74,21.32,22.2,6.22
2026-02-19 18:01:06,26.32,84.96,1011.39,21.22,23.29,6.21
2026-02-19 18:11:06,26.1,85.05,1009.27,21.25,23.25,6.18
2026-02-19 18:21:06,26.42,85.37,1009.76,21.08,22.27,6.19
2026-02-19 18:31:06,26.27,86.02,1012.45,21.21,22.73,6.19
2026-02-19 18:41:06,26.25,86.95,1008.75,20.88,21.47,6.19
2026-02-19 18:51:06,25.26,85.7,1010.39,21.01,22.7,6.17
2026-02-19 19:01:06,26.09,85.63,1010.16,21.21,22.08,6.2
2026-02-19 19:11:06,25.1,86.59,1013.23,20.79,21.71,6.2
2026-02-19 19:21:06,24.62,86.34,1014.12,20.48,22.18,6.18
2026-02-19 19:31:06,24.52,86.81,1012.85,20.11,21.55,6.18
2026-02-19 19:41:06,25.24,87.18,1012.08,20.19,22.79,6.19
2026-02-19 19:51:06,24.89,87.38,1012.11,20.15,21.9,6.21
2026-02-19 20:01:06,24.47,87.79,1015.25,20.15,21.76,6.23
2026-02-19 20:11:06,24.51,87.17,1011.72,20.02,22.23,6.22
2026-02-19 20:21:06,24.19,86.91,1009.28,20.11,22.2,6.16
2026-02-19 20:31:06,23.69,87.83,1011.05,19.59,21.67,6.21
2026-02-19 20:41:06,23.86,88.22,1009.9,19.26,21.49,6.22
2026-02-19 20:51:06,23.68,87.57,1012.7,18.99,22.08,6.21
2026-02-19 21:01:06,23.39,87.45,1011.75,18.92,21.79,6.21
2026-02-19 21:11:06,23.69,87.51,1011.57,18.8,21.91,6.21
2026-02-19 21:21:06,22.69,88.36,1013.48,18.76,22.88,6.2
2026-02-19 21:31:06,22.98,88.3,1012.25,18.52,22.36,6.2
2026-02-19 21:41:06,23.06,88.12,1013.81,18.25,21.72,6.18
2026-02-19 21:51:06,22.95,87.86,1011.34,18.31,22.87,6.22
2026-02-19 22:01:06,22.21,88.9,1013.31,17.96,22.67,6.22
2026-02-19 22:11:06,22.86,87.78,1011.01,17.9,21.99,6.23
2026-02-19 22:21:06,22.31,89.35,1012.25,17.37,22.68,6.19
2026-02-19 22:31:06,22.08,89.03,1013.37,17.44,22.5,6.2
2026-02-19 22:41:06,22.74,88.47,1013.37,17.62,22.04,6.19
2026-02-19 22:51:06,22.67,88.64,1009.35,16.73,21.87,6.2
2026-02-19 23:01:06,22.0,89.83,1013.64,17.19,22.38,6.18
2026-02-19 23:11:06,22.08,88.93,1013.28,16.81,22.11,6.2
2026-02-19 23:21:06,21.75,89.37,1011.63,16.84,22.01,6.24
2026-02-19 23:31:06,21.27,89.3,1010.88,16.76,22.9,6.17
2026-02-19 23:41:06,21.81,89.7,1009.7,16.22,21.53,6.22
2026-02-19 23:51:06,21.29,89.8,1014.17,16.16,21.36,6.2
2026-02-20 00:01:06,21.94,88.4,1011.09,16.06,22.27,6.17
2026-02-20 00:11:06,21.52,88.68,1013.98,15.75,21.52,6.2
2026-02-20 00:21:06,21.0,89.85,1013.23,15.81,21.85,6.19
2026-02-20 00:31:06,21.0,90.0,1014.75,15.43,22.38,6.13
2026-02-20 00:41:06,21.25,89.09,1011.5,15.31,22.2,6.2
2026-02-20 00:51:06,21.01,90.0,1013.81,15.29,21.78,6.21
2026-02-20 01:01:06,21.59,89.14,1011.94,14.67,21.81,6.2
2026-02-20 01:11:06,21.0,90.0,1012.89,15.13,22.18,6.21
2026-02-20 01:21:06,21.0,89.82,1011.45,14.95,22.09,6.19
2026-02-20 01:31:06,21.0,90.0,1012.97,14.84,21.81,6.2
2026-02-20 01:41:06,21.07,89.81,1010.07,14.65,22.65,6.22
2026-02-20 01:51:06,21.0,90.0,1012.32,14.8,20.96,6.2
2026-02-20 02:01:06,21.0,90.0,1010.32,14.36,21.51,6.2
2026-02-20 02:11:06,21.0,90.0,1012.09,14.79,22.14,6.2
2026-02-20 02:21:06,21.34,89.42,1013.04,14.56,21.88,6.19
2026-02-20 02:31:06,21.02,90.0,1009.44,14.27,21.97,6.19
2026-02-20 02:41:06,21.0,89.68,1013.43,14.06,21.77,6.21
2026-02-20 02:51:06,21.0,89.92,1011.8,14.36,21.85,6.22
2026-02-20 03:01:06,21.0,89.96,1010.94,13.92,22.71,6.23
2026-02-20 03:11:06,21.95,89.6,1012.72,14.08,21.53,6.2
2026-02-20 03:21:06,21.0,89.69,1011.86,13.92,21.88,6.2
2026-02-20 03:31:06,21.54,88.89,1012.82,14.19,22.2,6.21
2026-02-20 03:41:06,21.61,90.0,1010.61,13.45,22.58,6.16
2026-02-20 03:51:06,21.36,89.71,1011.08,14.23,22.01,6.22
2026-02-20 04:01:06,21.38,89.27,1012.73,13.82,22.25,6.24
2026-02-20 04:11:06,22.01,88.91,1013.9,13.66,21.42,6.19
2026-02-20 04:21:06,21.58,90.0,1012.56,14.11,21.68,6.23
2026-02-20 04:31:06,21.28,89.21,1011.37,13.85,21.86,6.19
2026-02-20 04:41:06,21.97,89.1,1010.89,14.08,21.92,6.22
2026-02-20 04:51:06,21.69,89.18,1011.22,14.02,21.56,6.18
2026-02-20 05:01:06,22.53,89.26,1011.6,14.27,22.37,6.18
2026-02-20 05:11:06,22.32,88.79,1012.24,14.21,22.18,6.21
2026-02-20 05:21:06,22.79,89.09,1015.42,14.11,21.9,6.24
2026-02-20 05:31:06,22.21,89.3,1010.95,14.36,21.85,6.2
2026-02-20 05:41:06,22.87,88.76,1011.91,14.59,21.58,6.2
2026-02-20 05:51:06,22.0,88.53,1013.28,14.78,21.98,6.21
2026-02-20 06:01:06,22.71,87.55,1011.09,14.3,22.34,6.21
2026-02-20 06:11:06,23.29,88.19,1014.69,14.62,22.23,6.22
2026-02-20 06:21:06,22.55,88.5,1009.59,14.62,22.37,6.23
2026-02-20 06:31:06,23.9,88.29,1013.79,14.81,22.18,6.22
2026-02-20 06:41:06,22.95,88.9,1011.59,15.01,21.81,6.19
2026-02-20 06:51:06,23.22,88.45,1010.35,14.81,21.8,6.21
2026-02-20 07:01:06,23.74,88.14,1012.27,15.09,22.34,6.15
2026-02-20 07:11:06,23.7,87.79,1009.77,15.7,22.06,6.19
2026-02-20 07:21:06,24.21,87.31,1011.81,15.51,21.63,6.21
2026-02-20 07:31:06,24.0,87.42,1014.02,15.8,21.56,6.18
2026-02-20 07:41:06,24.0,86.69,1013.37,15.76,22.15,6.22
2026-02-20 07:51:06,24.34,87.69,1010.74,16.11,22.33,6.18
2026-02-20 08:01:06,24.39,88.05,1011.84,16.1,22.2,6.22
2026-02-20 08:11:06,24.39,86.0,1012.58,16.72,22.91,6.22
2026-02-20 08:21:06,24.74,86.56,1010.67,16.34,21.17,6.19
2026-02-20 08:31:06,24.9,86.97,1013.44,16.63,22.18,6.19
2026-02-20 08:41:06,24.7,87.07,1013.32,16.75,22.02,6.22
2026-02-20 08:51:06,24.78,87.02,1014.09,16.59,21.87,6.21
2026-02-20 09:01:06,25.03,86.07,1013.17,17.1,21.76,6.19
2026-02-20 09:11:06,25.72,85.43,1012.81,17.1,21.35,6.19
2026-02-20 09:21:06,25.78,85.5,1011.59,17.26,21.81,6.2
2026-02-20 09:31:06,25.74,86.78,1010.61,17.33,21.76,6.2
2026-02-20 09:41:06,26.33,85.97,1013.58,17.77,21.38,6.17
2026-02-20 09:51:06,26.63,85.52,1009.99,17.91,21.36,6.21
2026-02-20 10:01:06,26.35,85.47,1011.75,18.04,21.81,6.18
2026-02-20 10:11:06,25.89,85.28,1013.21,18.51,21.75,6.16
2026-02-20 10:21:06,26.92,85.27,1013.26,17.9,22.09,6.16
2026-02-20 10:31:06,26.94,84.83,1013.32,18.39,22.22,6.24
2026-02-20 10:41:06,26.68,85.78,1012.92,18.95,22.21,6.18
2026-02-20 10:51:06,26.88,84.51,1010.19,19.08,21.85,6.2
2026-02-20 11:01:06,27.32,85.25,1012.91,18.98,22.48,6.19
2026-02-20 11:11:06,27.17,84.33,1009.93,19.37,21.85,6.17
2026-02-20 11:21:06,26.92,84.82,1014.92,19.46,21.46,6.2
2026-02-20 11:31:06,27.31,85.55,1013.38,19.8,21.68,6.21
2026-02-20 11:41:06,27.28,84.73,1011.5,19.33,21.53,6.23
2026-02-20 11:51:06,27.75,84.19,1011.73,20.0,22.22,6.22
2026-02-20 12:01:06,27.25,84.0,1010.45,20.19,21.56,6.19
2026-02-20 12:11:06,27.89,84.6,1010.92,20.35,21.98,6.22
2026-02-20 12:21:06,27.94,84.14,1011.34,20.63,21.4,6.21
2026-02-20 12:31:06,27.93,84.17,1010.76,20.88,21.66,6.2
2026-02-20 12:41:06,27.85,84.59,1008.86,20.2,21.39,6.2
2026-02-20 12:51:06,28.0,84.47,1014.07,20.56,21.06,6.2
2026-02-20 13:01:06,28.0,84.55,1012.61,20.55,22.16,6.18
2026-02-20 13:11:06,27.77,84.31,1011.02,20.8,21.36,6.17
2026-02-20 13:21:06,27.46,84.0,1010.39,21.09,22.32,6.21
2026-02-20 13:31:06,28.0,84.44,1012.17,21.11,21.25,6.21
2026-02-20 13:41:06,27.91,84.0,1007.88,21.27,21.91,6.2
2026-02-20 13:51:06,28.0,84.0,1012.0,21.2,21.52,6.19
2026-02-20 14:01:06,27.71,84.66,1009.25,21.52,21.39,6.19
2026-02-20 14:11:06,28.0,84.0,1010.41,21.6,21.62,6.19
2026-02-20 14:21:06,27.75,84.0,1012.93,21.52,21.71,6.21
2026-02-20 14:31:06,28.0,84.0,1012.69,21.6,21.89,6.18
2026-02-20 14:41:06,27.8,84.0,1012.94,21.7,21.4,6.21
2026-02-20 14:51:06,28.0,84.32,1012.98,21.88,21.04,6.18
2026-02-20 15:01:06,27.07,84.0,1015.05,21.95,20.92,6.18
2026-02-20 15:11:06,27.8,84.48,1014.37,21.7,21.01,6.21
2026-02-20 15:21:06,27.78,84.49,1011.73,21.72,20.86,6.2
2026-02-20 15:31:06,28.0,84.39,1015.86,21.74,21.82,6.2
2026-02-20 15:41:06,27.98,84.16,1011.11,21.94,22.25,6.2
2026-02-20 15:51:06,27.52,84.0,1012.08,22.25,22.36,6.2
2026-02-20 16:01:06,28.0,85.08,1011.57,22.19,21.52,6.18
2026-02-20 16:11:06,27.16,84.66,1012.47,22.27,21.45,6.23
2026-02-20 16:21:06,27.13,85.12,1014.61,21.89,21.72,6.18
2026-02-20 16:31:06,27.03,84.0,1010.02,22.12,21.43,6.2
2026-02-20 16:41:06,27.56,84.84,1010.33,22.01,22.33,6.21
2026-02-20 16:51:06,26.37,84.98,1013.91,21.82,21.48,6.19
2026-02-20 17:01:06,26.78,84.46,1013.6,21.97,21.34,6.19
2026-02-20 17:11:06,26.79,84.88,1012.78,21.82,21.21,6.19
2026-02-20 17:21:06,26.88,84.81,1013.49,21.59,21.79,6.19
2026-02-20 17:31:06,26.98,85.32,1013.57,21.88,22.06,6.2
2026-02-20 17:41:06,26.51,85.35,1010.02,21.22,21.25,6.22
2026-02-20 17:51:06,26.22,85.84,1013.54,21.4,21.91,6.19
2026-02-20 18:01:06,26.0,86.14,1015.4,21.1,21.91,6.2
2026-02-20 18:11:06,25.66,85.49,1010.98,21.59,22.11,6.22
2026-02-20 18:21:06,25.81,86.33,1011.61,21.1,21.93,6.16
2026-02-20 18:31:06,26.71,85.77,1015.44,20.98,21.41,6.19
2026-02-20 18:41:06,26.23,85.93,1010.63,21.04,22.39,6.19
2026-02-20 18:51:06,26.13,86.63,1010.28,20.85,21.46,6.22
2026-02-20 19:01:06,25.06,85.88,1014.11,20.54,22.74,6.2
2026-02-20 19:11:06,24.88,86.91,1012.85,20.67,22.13,6.18
2026-02-20 19:21:06,24.8,86.77,1015.07,20.26,22.2,6.19
2026-02-20 19:31:06,24.86,86.33,1011.39,20.42,21.81,6.2
2026-02-20 19:41:06,24.98,86.73,1010.36,20.14,21.2,6.2
2026-02-20 19:51:06,24.48,87.27,1013.61,20.13,20.75,6.2
2026-02-20 20:01:06,24.8,86.77,1011.86,20.16,21.42,6.19
2026-02-20 20:11:06,24.45,86.83,1013.05,19.81,21.77,6.19
2026-02-20 20:21:06,24.26,87.53,1013.47,19.75,21.5,6.23
2026-02-20 20:31:06,24.2,87.55,1010.67,19.47,21.39,6.19
2026-02-20 20:41:06,24.26,86.32,1010.66,19.64,20.82,6.23
2026-02-20 20:51:06,23.94,87.67,1011.11,19.19,21.77,6.17
2026-02-20 21:01:06,23.72,87.02,1011.1,19.15,21.42,6.16
2026-02-20 21:11:06,23.65,87.35,1013.6,19.12,21.2,6.19
2026-02-20 21:21:06,23.17,87.78,1010.62,18.78,20.6,6.19
2026-02-20 21:31:06,23.08,88.5,1012.18,18.53,20.81,6.17
2026-02-20 21:41:06,22.83,88.4,1011.72,18.39,20.96,6.21
2026-02-20 21:51:06,22.44,87.56,1009.44,18.23,20.98,6.23
2026-02-20 22:01:06,22.46,87.38,1011.55,17.89,21.56,6.2
2026-02-20 22:11:06,22.73,88.91,1010.57,17.73,20.8,6.18
2026-02-20 22:21:06,22.36,89.02,1011.84,17.38,21.65,6.22
2026-02-20 22:31:06,22.19,88.68,1012.0,17.47,21.36,6.24
2026-02-20 22:41:06,22.33,88.34,1012.51,17.28,21.88,6.22
2026-02-20 22:51:06,22.18,87.75,1011.86,17.02,21.16,6.2
2026-02-20 23:01:06,22.58,89.11,1011.6,17.05,21.82,6.2
2026-02-20 23:11:06,22.05,89.6,1010.86,16.75,21.94,6.2
2026-02-20 23:21:06,21.81,89.93,1008.75,16.77,21.39,6.22
2026-02-20 23:31:06,21.16,89.65,1012.3,16.39,21.43,6.19
2026-02-20 23:41:06,21.91,90.0,1011.88,16.37,21.31,6.19
2026-02-20 23:51:06,21.08,89.84,1010.69,15.79,22.1,6.24
2026-02-21 00:01:06,21.0,89.39,1012.69,16.0,21.58,6.18
2026-02-21 00:11:06,21.35,89.42,1013.21,15.71,20.85,6.19
2026-02-21 00:21:06,21.99,90.0,1012.45,15.58,20.68,6.2
2026-02-21 00:31:06,21.6,89.1,1012.18,15.07,20.85,6.22
2026-02-21 00:41:06,21.11,89.88,1011.09,15.58,21.74,6.19
2026-02-21 00:51:06,21.0,89.97,1013.78,15.09,22.04,6.23
2026-02-21 01:01:06,21.22,90.0,1010.19,15.29,21.96,6.19
2026-02-21 01:11:06,21.28,90.0,1008.81,15.15,21.35,6.22
2026-02-21 01:21:06,21.0,89.05,1012.95,14.77,20.33,6.23
2026-02-21 01:31:06,21.32,90.0,1014.53,14.4,20.97,6.19
2026-02-21 01:41:06,21.0,89.89,1010.3,14.91,21.3,6.22
2026-02-21 01:51:06,21.0,89.75,1010.78,14.67,21.82,6.21
2026-02-21 02:01:06,21.01,90.0,1009.94,14.77,21.92,6.23
2026-02-21 02:11:06,21.0,89.97,1012.69,14.43,21.15,6.18
2026-02-21 02:21:06,21.23,90.0,1008.11,14.56,21.09,6.17
2026-02-21 02:31:06,21.17,89.44,1012.67,14.46,21.61,6.17
2026-02-21 02:41:06,21.0,89.53,1011.04,14.43,21.36,6.21
2026-02-21 02:51:06,21.0,90.0,1013.57,14.13,20.7,6.24
2026-02-21 03:01:06,21.0,90.0,1010.93,14.06,22.24,6.22
2026-02-21 03:11:06,21.0,90.0,1014.17,13.78,21.35,6.17
2026-02-21 03:21:06,21.0,90.0,1010.27,13.88,21.42,6.24
2026-02-21 03:31:06,21.36,89.56,1013.67,13.89,20.81,6.23
2026-02-21 03:41:06,21.34,89.87,1011.46,13.97,20.47,6.19
2026-02-21 03:51:06,21.27,89.22,1014.18,13.68,21.14,6.2
2026-02-21 04:01:06,21.49,90.0,1012.77,14.09,21.55,6.19
2026-02-21 04:11:06,21.0,89.98,1013.1,14.04,20.95,6.21
2026-02-21 04:21:06,21.67,90.0,1011.36,13.99,21.79,6.19
2026-02-21 04:31:06,22.04,88.43,1011.07,13.87,20.77,6.23
2026-02-21 04:41:06,21.8,88.36,1013.76,14.04,21.67,6.24
2026-02-21 04:51:06,21.91,89.49,1012.3,14.16,21.91,6.21
2026-02-21 05:01:06,22.14,88.45,1011.38,14.01,22.12,6.21
2026-02-21 05:11:06,21.73,89.33,1011.99,14.31,22.15,6.19
2026-02-21 05:21:06,22.0,89.42,1013.23,14.17,21.33,6.2
2026-02-21 05:31:06,22.49,89.42,1011.07,14.42,20.97,6.18
2026-02-21 05:41:06,22.42,88.33,1012.11,14.64,21.09,6.2
2026-02-21 05:51:06,22.93,88.26,1013.31,14.22,21.63,6.19
2026-02-21 06:01:06,22.8,88.22,1010.27,14.58,21.73,6.23
2026-02-21 06:11:06,23.36,88.41,1010.33,14.61,21.65,6.21
2026-02-21 06:21:06,22.88,87.63,1011.17,14.95,20.76,6.21
2026-02-21 06:31:06,22.87,87.42,1011.47,14.68,21.6,6.16
2026-02-21 06:41:06,23.6,88.03,1010.72,15.13,22.01,6.21
2026-02-21 06:51:06,23.08,88.08,1012.52,14.99,20.58,6.21
2026-02-21 07:01:06,23.26,87.3,1013.32,15.34,21.37,6.23
2026-02-21 07:11:06,23.61,87.41,1014.11,15.45,21.19,6.2
2026-02-21 07:21:06,23.72,87.97,1015.39,15.27,21.65,6.19
2026-02-21 07:31:06,23.81,87.22,1013.09,15.65,22.13,6.2
2026-02-21 07:41:06,23.73,87.88,1012.46,15.67,20.12,6.18
2026-02-21 07:51:06,24.39,87.12,1011.62,15.72,21.08,6.22
2026-02-21 08:01:06,24.63,87.52,1011.03,15.91,20.79,6.18
2026-02-21 08:11:06,25.08,87.57,1011.46,15.94,21.18,6.19
2026-02-21 08:21:06,24.47,87.27,1011.59,16.48,21.36,6.18
2026-02-21 08:31:06,25.2,85.76,1015.98,16.33,21.21,6.23
2026-02-21 08:41:06,24.72,86.71,1011.05,16.24,21.69,6.2
2026-02-21 08:51:06,25.58,85.99,1011.65,16.7,21.39,6.21
2026-02-21 09:01:06,25.65,86.77,1011.75,17.02,20.4,6.21
2026-02-21 09:11:06,25.58,85.83,1014.65,17.19,20.73,6.2
2026-02-21 09:21:06,25.39,85.06,1012.7,17.43,21.2,6.2
2026-02-21 09:31:06,25.5,86.12,1010.3,17.26,21.17,6.21
2026-02-21 09:41:06,26.12,85.93,1011.36,17.41,21.25,6.21
2026-02-21 09:51:06,26.07,84.35,1013.24,17.91,20.71,6.2
2026-02-21 10:01:06,26.43,86.11,1013.43,18.13,21.17,6.2
2026-02-21 10:11:06,26.4,85.19,1013.17,17.89,20.98,6.21
2026-02-21 10:21:06,26.32,84.27,1012.11,18.34,20.51,6.14
2026-02-21 10:31:06,26.55,85.56,1011.31,18.51,21.27,6.17
2026-02-21 10:41:06,27.07,84.24,1009.85,19.32,21.68,6.22
2026-02-21 10:51:06,26.84,85.54,1012.39,18.83,21.56,6.2
2026-02-21 11:01:06,26.94,84.5,1012.64,19.03,21.07,6.2
2026-02-21 11:11:06,27.07,84.0,1013.15,19.35,21.08,6.21
2026-02-21 11:21:06,27.45,85.15,1013.8,19.62,21.3,6.22
2026-02-21 11:31:06,27.27,85.37,1010.9,19.13,20.3,6.2
2026-02-21 11:41:06,27.35,84.42,1014.46,19.88,20.71,6.17
2026-02-21 11:51:06,27.58,84.32,1010.33,19.72,20.42,6.22
2026-02-21 12:01:06,27.96,84.5,1010.24,19.95,20.66,6.17
2026-02-21 12:11:06,27.71,84.25,1010.25,19.87,21.94,6.16
2026-02-21 12:21:06,27.66,84.35,1014.0,20.35,20.92,6.2
2026-02-21 12:31:06,27.94,84.0,1010.9,20.49,20.65,6.2
2026-02-21 12:41:06,27.72,84.0,1011.68,21.12,21.15,6.2
2026-02-21 12:51:06,27.88,84.21,1011.58,20.64,20.58,6.23
2026-02-21 13:01:06,28.0,84.0,1011.31,20.97,21.25,6.18
2026-02-21 13:11:06,28.0,84.26,1012.91,21.24,21.12,6.23
2026-02-21 13:21:06,28.0,84.21,1012.88,20.93,20.77,6.19
2026-02-21 13:31:06,27.98,84.0,1012.32,20.95,21.01,6.16
2026-02-21 13:41:06,28.0,84.0,1011.48,21.38,22.02,6.13
2026-02-21 13:51:06,27.67,84.45,1013.63,21.68,21.04,6.23
2026-02-21 14:01:06,27.77,84.16,1011.73,21.26,20.89,6.21
2026-02-21 14:11:06,28.0,84.24,1012.63,21.76,21.73,6.21
2026-02-21 14:21:06,28.0,84.12,1012.29,21.44,20.29,6.23
2026-02-21 14:31:06,28.0,84.0,1011.15,21.9,20.85,6.19
2026-02-21 14:41:06,28.0,84.23,1012.32,21.78,20.25,6.2
2026-02-21 14:51:06,27.97,84.0,1012.6,21.75,20.21,6.2
2026-02-21 15:01:06,27.79,84.0,1012.34,22.1,21.5,6.2
2026-02-21 15:11:06,27.72,84.16,1013.4,22.07,20.01,6.19
2026-02-21 15:21:06,27.53,84.63,1012.83,21.95,20.35,6.2
2026-02-21 15:31:06,27.77,84.15,1010.83,21.87,20.67,6.2
2026-02-21 15:41:06,27.88,84.34,1012.96,21.65,21.1,6.19
2026-02-21 15:51:06,27.86,84.84,1014.05,21.92,21.0,6.19
2026-02-21 16:01:06,27.62,85.08,1014.09,22.18,20.69,6.18
2026-02-21 16:11:06,27.4,84.73,1013.58,22.06,20.46,6.2
2026-02-21 16:21:06,26.97,85.3,1011.15,22.1,19.87,6.23
2026-02-21 16:31:06,27.45,84.24,1013.8,21.84,20.65,6.17
2026-02-21 16:41:06,27.03,84.64,1010.4,21.55,21.45,6.19
2026-02-21 16:51:06,27.04,84.77,1014.09,21.95,21.04,6.22
2026-02-21 17:01:06,26.73,85.55,1011.54,21.72,20.05,6.18
2026-02-21 17:11:06,27.01,84.81,1012.33,21.53,21.05,6.18
2026-02-21 17:21:06,26.71,85.91,1009.28,21.76,20.31,6.21
2026-02-21 17:31:06,26.44,84.14,1011.74,21.59,20.99,6.23
2026-02-21 17:41:06,26.5,85.8,1011.5,21.42,20.59,6.22
2026-02-21 17:51:06,26.89,85.63,1011.18,21.63,21.32,6.21
2026-02-21 18:01:06,26.0,85.56,1015.35,21.67,20.98,6.21
2026-02-21 18:11:06,26.23,85.75,1011.75,21.54,20.85,6.18
2026-02-21 18:21:06,26.1,85.06,1009.81,21.48,20.5,6.19
2026-02-21 18:31:06,25.96,85.6,1011.66,21.15,19.71,6.21
2026-02-21 18:41:06,25.66,86.07,1013.87,20.77,20.95,6.21
2026-02-21 18:51:06,25.32,85.88,1010.9,20.65,21.08,6.17
2026-02-21 19:01:06,25.33,86.42,1010.42,20.62,20.67,6.21
2026-02-21 19:11:06,25.48,86.66,1013.2,20.76,20.56,6.19
2026-02-21 19:21:06,24.45,86.66,1013.49,20.76,20.08,6.23
2026-02-21 19:31:06,24.7,86.9,1012.09,20.71,21.66,6.23
2026-02-21 19:41:06,24.54,85.86,1010.67,20.15,21.06,6.22
2026-02-21 19:51:06,24.44,86.14,1009.33,20.05,20.44,6.23
2026-02-21 20:01:06,24.68,87.26,1012.17,20.02,20.71,6.21
2026-02-21 20:11:06,24.23,87.05,1010.7,19.72,20.39,6.2
2026-02-21 20:21:06,23.71,87.4,1014.07,20.05,20.61,6.19
2026-02-21 20:31:06,24.9,87.16,1013.46,19.46,20.65,6.18
2026-02-21 20:41:06,24.63,87.49,1009.93,19.38,20.9,6.2
2026-02-21 20:51:06,23.71,87.4,1010.92,19.17,20.89,6.22
2026-02-21 21:01:06,23.96,87.53,1010.59,18.92,19.96,6.2
2026-02-21 21:11:06,23.7,87.54,1013.08,18.52,20.58,6.22
2026-02-21 21:21:06,23.48,87.9,1011.91,18.69,20.66,6.2
2026-02-21 21:31:06,23.09,87.38,1010.71,18.59,20.79,6.18
2026-02-21 21:41:06,23.19,88.43,1010.84,18.34,20.6,6.22
2026-02-21 21:51:06,22.52,88.38,1012.01,18.27,20.83,6.16
2026-02-21 22:01:06,22.7,88.68,1011.33,18.1,20.28,6.22
2026-02-21 22:11:06,22.65,88.28,1014.88,17.82,20.8,6.18
2026-02-21 22:21:06,22.7,89.23,1010.02,17.46,21.87,6.2
2026-02-21 22:31:06,22.2,88.72,1010.95,17.45,20.68,6.22
2026-02-21 22:41:06,22.32,88.79,1013.45,17.46,21.18,6.19
2026-02-21 22:51:06,21.88,89.41,1012.34,17.35,20.18,6.19
2026-02-21 23:01:06,22.39,89.28,1009.74,16.93,19.8,6.21
2026-02-21 23:11:06,21.58,89.21,1007.92,16.56,20.46,6.22
2026-02-21 23:21:06,21.44,89.31,1011.13,16.48,20.46,6.21
2026-02-21 23:31:06,22.02,89.05,1012.65,16.42,20.94,6.22
2026-02-21 23:41:06,21.35,88.84,1012.27,16.02,21.17,6.19
2026-02-21 23:51:06,21.51,88.74,1013.25,15.84,21.27,6.2
2026-02-22 00:01:06,21.0,89.82,1011.21,15.65,20.93,6.2
2026-02-22 00:11:06,21.0,88.57,1012.91,15.77,20.25,6.17
2026-02-22 00:21:06,21.55,90.0,1014.05,15.44,21.08,6.19
2026-02-22 00:31:06,21.42,89.48,1016.21,15.28,21.17,6.23
2026-02-22 00:41:06,21.37,90.0,1012.16,15.35,19.95,6.17
2026-02-22 00:51:06,21.85,89.63,1012.03,15.25,20.93,6.19
2026-02-22 01:01:06,21.91,89.87,1008.69,14.92,19.95,6.19
2026-02-22 01:11:06,21.17,90.0,1011.8,14.69,20.67,6.22
2026-02-22 01:21:06,21.0,90.0,1012.79,14.91,21.75,6.22
2026-02-22 01:31:06,21.0,90.0,1014.14,14.66,20.55,6.16
2026-02-22 01:41:06,21.02,90.0,1010.86,14.76,20.98,6.21
2026-02-22 01:51:06,21.0,89.5,1012.49,14.33,20.44,6.18
2026-02-22 02:01:06,21.0,90.0,1011.38,14.62,20.48,6.19
2026-02-22 02:11:06,21.16,89.64,1010.93,14.27,20.31,6.22
2026-02-22 02:21:06,21.0,89.75,1013.35,14.38,20.39,6.21
2026-02-22 02:31:06,21.6,89.57,1013.17,14.57,20.82,6.15
2026-02-22 02:41:06,21.22,90.0,1014.11,14.46,20.59,6.16
2026-02-22 02:51:06,21.2,90.0,1009.61,14.3,21.18,6.21
2026-02-22 03:01:06,21.24,89.63,1012.48,13.91,20.97,6.19
2026-02-22 03:11:06,21.39,90.0,1009.54,14.37,20.58,6.21
2026-02-22 03:21:06,21.09,89.34,1009.61,14.12,20.0,6.17
2026-02-22 03:31:06,21.35,89.8,1014.39,14.12,21.19,6.2
2026-02-22 03:41:06,21.0,90.0,1009.83,14.25,21.21,6.19
2026-02-22 03:51:06,21.37,88.76,1013.35,13.67,20.62,6.19
2026-02-22 04:01:06,21.0,90.0,1010.33,13.75,20.8,6.2
2026-02-22 04:11:06,21.42,89.09,1010.74,13.85,20.28,6.21
2026-02-22 04:21:06,21.56,90.0,1013.7,13.89,20.4,6.22
2026-02-22 04:31:06,21.59,89.44,1012.05,14.08,20.63,6.23
2026-02-22 04:41:06,21.59,88.99,1012.85,13.94,20.25,6.18
2026-02-22 04:51:06,22.09,88.47,1014.73,13.65,20.0,6.21
2026-02-22 05:01:06,22.28,89.55,1010.75,13.93,21.06,6.19
2026-02-22 05:11:06,21.8,88.95,1010.93,14.24,19.9,6.18
2026-02-22 05:21:06,22.46,88.91,1012.52,14.29,20.68,6.17
2026-02-22 05:31:06,22.69,88.57,1011.55,14.03,19.4,6.19
2026-02-22 05:41:06,22.42,88.88,1013.15,14.35,20.73,6.15
2026-02-22 05:51:06,22.44,88.51,1008.96,14.46,20.65,6.19
2026-02-22 06:01:06,23.01,88.68,1014.18,14.6,20.22,6.19
2026-02-22 06:11:06,22.56,87.96,1011.96,14.59,20.24,6.24
2026-02-22 06:21:06,23.07,87.92,1012.54,14.73,20.03,6.18
2026-02-22 06:31:06,22.78,88.06,1013.94,15.19,19.91,6.21
2026-02-22 06:41:06,23.36,87.86,1011.14,15.19,20.79,6.17
2026-02-22 06:51:06,23.4,87.73,1013.3,15.23,19.95,6.19
2026-02-22 07:01:06,23.47,87.92,1012.82,15.13,20.81,6.23
2026-02-22 07:11:06,23.8,87.31,1012.04,15.7,20.34,6.19
2026-02-22 07:21:06,24.18,87.46,1011.73,15.49,21.13,6.17
2026-02-22 07:31:06,23.53,87.0,1012.65,16.04,20.76,6.21
2026-02-22 07:41:06,24.04,86.33,1010.29,15.68,20.6,6.21
2026-02-22 07:51:06,24.13,86.02,1013.12,15.92,20.43,6.19
2026-02-22 08:01:06,24.52,86.87,1011.38,15.98,20.86,6.19
2026-02-22 08:11:06,24.77,86.82,1010.16,16.07,20.85,6.22
2026-02-22 08:21:06,24.8,87.48,1013.02,16.44,20.82,6.21
2026-02-22 08:31:06,25.4,86.78,1011.53,16.7,21.25,6.21
2026-02-22 08:41:06,25.0,87.34,1011.89,17.05,20.39,6.22
2026-02-22 08:51:06,24.97,86.72,1013.42,17.2,21.35,6.22
2026-02-22 09:01:06,25.16,87.03,1009.82,17.01,19.01,6.21
2026-02-22 09:11:06,25.85,86.79,1013.74,17.42,19.45,6.19
2026-02-22 09:21:06,25.69,86.39,1012.71,17.7,20.37,6.19
2026-02-22 09:31:06,25.91,85.7,1013.7,17.19,20.62,6.24
2026-02-22 09:41:06,26.16,85.63,1012.27,18.01,21.04,6.2
2026-02-22 09:51:06,25.69,86.07,1011.7,17.92,20.64,6.21
2026-02-22 10:01:06,25.95,85.05,1012.24,18.33,19.9,6.17
2026-02-22 10:11:06,26.72,85.51,1013.55,17.99,19.27,6.21
2026-02-22 10:21:06,25.86,85.37,1013.14,18.16,20.03,6.22
2026-02-22 10:31:06,26.48,86.03,1012.87,18.15,20.3,6.17
2026-02-22 10:41:06,26.27,84.91,1012.46,18.65,20.33,6.2
2026-02-22 10:51:06,26.89,84.91,1011.34,18.87,20.12,6.19
2026-02-22 11:01:06,26.84,84.24,1010.61,19.14,20.19,6.2
2026-02-22 11:11:06,27.33,85.34,1013.96,19.26,21.21,6.19
2026-02-22 11:21:06,26.88,84.52,1010.94,19.54,20.33,6.21
2026-02-22 11:31:06,26.77,84.77,1011.71,19.6,19.3,6.19
2026-02-22 11:41:06,27.23,84.03,1013.45,19.89,19.94,6.21
2026-02-22 11:51:06,27.79,84.16,1011.35,19.87,20.69,6.19
2026-02-22 12:01:06,26.77,84.21,1012.03,19.99,20.02,6.15
2026-02-22 12:11:06,27.82,84.06,1011.71,20.12,20.61,6.23
2026-02-22 12:21:06,26.89,84.23,1011.88,20.41,20.0,6.17
2026-02-22 12:31:06,27.23,84.47,1012.05,20.62,20.72,6.19
2026-02-22 12:41:06,28.0,84.0,1012.73,20.6,19.71,6.24
2026-02-22 12:51:06,27.83,84.9,1010.34,20.52,19.62,6.18
2026-02-22 13:01:06,27.42,84.0,1012.62,20.95,19.06,6.23
2026-02-22 13:11:06,27.87,84.21,1011.0,21.03,19.97,6.23
2026-02-22 13:21:06,27.86,84.0,1012.03,21.09,20.3,6.19
2026-02-22 13:31:06,27.91,84.64,1011.86,21.23,20.54,6.22
2026-02-22 13:41:06,27.93,84.0,1013.41,21.63,20.36,6.19
2026-02-22 13:51:06,28.0,84.0,1011.4,21.25,20.0,6.16
2026-02-22 14:01:06,28.0,84.0,1010.51,21.32,19.93,6.2
2026-02-22 14:11:06,27.68,84.0,1006.74,21.4,20.65,6.21
2026-02-22 14:21:06,27.8,84.0,1013.31,21.5,19.6,6.21
2026-02-22 14:31:06,27.37,84.0,1011.94,22.22,20.32,6.17
2026-02-22 14:41:06,27.52,84.0,1008.42,21.52,19.83,6.19
2026-02-22 14:51:06,27.62,84.22,1012.62,21.7,20.41,6.24
2026-02-22 15:01:06,27.76,84.0,1016.04,22.13,20.31,6.2
2026-02-22 15:11:06,27.86,84.0,1013.78,21.76,20.92,6.21
2026-02-22 15:21:06,28.0,84.0,1013.08,21.92,20.47,6.22
2026-02-22 15:31:06,28.0,84.09,1011.95,22.3,21.12,6.19
2026-02-22 15:41:06,27.53,84.12,1010.98,21.99,20.74,6.14
2026-02-22 15:51:06,27.64,86.06,1011.3,21.87,20.23,6.22
2026-02-22 16:01:06,27.65,84.59,1011.99,21.4,20.67,6.2
2026-02-22 16:11:06,27.19,84.0,1013.97,22.07,20.01,6.2
2026-02-22 16:21:06,27.09,84.88,1012.26,21.72,20.48,6.2
2026-02-22 16:31:06,27.28,85.1,1012.31,21.83,20.11,6.2
2026-02-22 16:41:06,27.03,84.23,1010.61,21.9,19.9,6.2
2026-02-22 16:51:06,27.08,85.25,1011.1,22.01,20.44,6.18
2026-02-22 17:01:06,27.38,85.12,1011.53,22.0,20.0,6.18
2026-02-22 17:11:06,26.6,85.67,1013.1,21.61,20.09,6.23
2026-02-22 17:21:06,26.38,85.87,1010.64,21.71,20.66,6.2
2026-02-22 17:31:06,26.76,84.78,1012.89,21.67,20.91,6.18
2026-02-22 17:41:06,26.49,85.54,1011.76,21.82,20.86,6.21
2026-02-22 17:51:06,26.5,86.25,1011.12,21.54,20.59,6.21
2026-02-22 18:01:06,26.95,85.89,1014.2,21.42,19.67,6.18
2026-02-22 18:11:06,25.8,85.47,1011.08,21.33,20.85,6.21
2026-02-22 18:21:06,26.0,85.71,1012.28,21.35,20.66,6.22
2026-02-22 18:31:06,25.92,85.09,1013.96,21.16,19.86,6.2
2026-02-22 18:41:06,25.69,85.44,1013.28,21.4,20.78,6.21
2026-02-22 18:51:06,26.06,85.93,1013.67,20.98,20.15,6.2
2026-02-22 19:01:06,25.67,86.18,1014.34,20.39,20.97,6.21
2026-02-22 19:11:06,25.16,86.71,1009.74,21.03,20.14,6.19
2026-02-22 19:21:06,25.23,86.75,1012.95,20.55,19.16,6.21
2026-02-22 19:31:06,25.0,86.44,1011.91,20.34,19.58,6.19
2026-02-22 19:41:06,24.65,86.93,1009.82,20.33,19.89,6.17
2026-02-22 19:51:06,24.32,87.29,1013.04,20.5,20.04,6.2
2026-02-22 20:01:06,24.03,87.2,1013.33,19.94,20.43,6.18
2026-02-22 20:11:06,24.23,88.64,1011.85,19.89,21.06,6.19
2026-02-22 20:21:06,24.0,87.11,1012.26,19.64,19.01,6.18
2026-02-22 20:31:06,23.99,87.47,1010.48,19.28,19.03,6.22
2026-02-22 20:41:06,23.92,87.31,1013.16,19.53,20.14,6.23
2026-02-22 20:51:06,23.81,87.39,1012.76,19.02,20.69,6.2
2026-02-22 21:01:06,23.19,87.34,1012.88,19.02,20.34,6.16
2026-02-22 21:11:06,23.26,88.25,1011.8,18.91,19.71,6.25
2026-02-22 21:21:06,23.45,87.52,1010.37,18.65,20.91,6.2
2026-02-22 21:31:06,22.61,87.72,1013.63,18.24,19.74,6.2
2026-02-22 21:41:06,23.37,87.5,1012.58,18.18,20.81,6.17
2026-02-22 21:51:06,22.71,87.9,1013.61,18.42,20.05,6.2
2026-02-22 22:01:06,22.97,88.18,1011.14,17.68,20.56,6.23
2026-02-22 22:11:06,22.64,88.79,1012.01,17.64,20.58,6.21
2026-02-22 22:21:06,22.22,88.45,1010.63,17.78,19.29,6.22
2026-02-22 22:31:06,22.88,89.64,1011.94,17.2,20.69,6.2
2026-02-22 22:41:06,22.34,88.76,1012.7,16.99,19.77,6.18
2026-02-22 22:51:06,22.19,88.79,1013.4,17.16,19.72,6.2
2026-02-22 23:01:06,22.16,88.89,1014.07,17.2,21.16,6.21
2026-02-22 23:11:06,21.75,88.79,1011.86,16.83,20.34,6.2
2026-02-22 23:21:06,22.12,89.42,1010.44,16.32,20.08,6.22
2026-02-22 23:31:06,21.98,89.53,1013.46,16.21,20.64,6.2
2026-02-22 23:41:06,21.77,89.94,1011.3,16.38,19.48,6.17
2026-02-22 23:51:06,22.25,89.83,1013.56,16.26,40.25,6.23
2026-02-23 00:01:06,21.42,90.0,1014.91,15.83,39.96,6.2
2026-02-23 00:11:06,21.29,89.84,1010.22,15.93,40.27,6.16
2026-02-23 00:21:06,21.68,90.0,1012.43,15.6,39.9,6.19
2026-02-23 00:31:06,21.3,88.84,1014.08,15.41,40.0,6.21
2026-02-23 00:41:06,21.13,89.39,1011.51,15.44,39.81,6.17
2026-02-23 00:51:06,21.07,90.0,1012.49,15.44,40.99,6.19
2026-02-23 01:01:06,21.0,89.84,1012.3,15.13,38.85,6.18
2026-02-23 01:11:06,21.4,89.79,1013.26,15.01,39.88,6.21
2026-02-23 01:21:06,21.0,90.0,1012.11,14.95,39.17,6.22
2026-02-23 01:31:06,21.02,89.39,1015.34,14.98,39.73,6.19
2026-02-23 01:41:06,21.18,88.93,1012.66,14.67,39.89,6.21
2026-02-23 01:51:06,21.51,90.0,1009.75,14.57,39.98,6.21
2026-02-23 02:01:06,21.0,90.0,1014.13,14.62,40.29,6.23
2026-02-23 02:11:06,21.0,90.0,1011.7,14.41,40.14,6.19
2026-02-23 02:21:06,21.0,88.91,1011.07,14.04,40.26,6.24
2026-02-23 02:31:06,21.46,89.98,1011.18,14.19,39.95,6.2
2026-02-23 02:41:06,21.0,90.0,1014.56,14.26,40.04,6.21
2026-02-23 02:51:06,21.43,90.0,1012.01,14.23,40.25,6.19
2026-02-23 03:01:06,21.43,90.0,1011.15,14.23,40.28,6.2
2026-02-23 03:11:06,21.1,89.31,1013.68,14.48,39.98,6.22
2026-02-23 03:21:06,21.0,90.0,1013.08,13.77,39.89,6.23
2026-02-23 03:31:06,21.59,89.0,1010.86,13.99,40.63,6.18
2026-02-23 03:41:06,21.29,89.64,1014.17,14.42,40.25,6.17
2026-02-23 03:51:06,21.63,89.32,1013.84,13.95,39.78,6.18
2026-02-23 04:01:06,21.55,89.71,1013.48,14.01,40.47,6.18
2026-02-23 04:11:06,21.24,89.44,1010.06,13.71,40.41,6.19
2026-02-23 04:21:06,21.71,89.53,1008.94,14.34,38.84,6.21
2026-02-23 04:31:06,22.1,89.76,1012.14,14.29,40.08,6.18
2026-02-23 04:41:06,22.0,89.46,1013.27,13.98,40.38,6.17
2026-02-23 04:51:06,21.65,89.12,1012.56,14.07,40.04,6.2
2026-02-23 05:01:06,21.92,89.48,1013.54,14.14,40.99,6.21
2026-02-23 05:11:06,22.25,89.2,1010.68,14.19,39.14,6.19
2026-02-23 05:21:06,22.54,89.09,1009.63,14.12,39.6,6.22
2026-02-23 05:31:06,22.79,89.11,1012.28,14.1,39.46,6.22
2026-02-23 05:41:06,22.55,88.96,1013.95,14.35,40.41,6.19
2026-02-23 05:51:06,22.48,88.25,1013.04,14.56,39.74,6.22
2026-02-23 06:01:06,22.47,88.78,1012.42,14.44,39.34,6.24
2026-02-23 06:11:06,22.79,88.43,1010.46,14.66,39.35,6.22
2026-02-23 06:21:06,23.15,88.23,1011.68,15.11,39.8,6.24
2026-02-23 06:31:06,23.03,89.02,1009.87,14.92,39.47,6.22
2026-02-23 06:41:06,23.54,88.41,1011.17,14.73,41.0,6.2
2026-02-23 06:51:06,23.22,87.76,1013.75,14.77,39.39,6.22
2026-02-23 07:01:06,22.64,87.95,1014.36,15.37,40.04,6.2
2026-02-23 07:11:06,23.93,87.94,1012.03,15.21,39.53,6.18
2026-02-23 07:21:06,24.39,87.67,1012.03,15.64,39.3,6.17
2026-02-23 07:31:06,23.98,87.35,1015.14,15.59,39.38,6.16
2026-02-23 07:41:06,24.3,86.92,1011.07,15.88,40.51,6.23
2026-02-23 07:51:06,24.42,87.44,1011.37,15.59,39.11,6.21
2026-02-23 08:01:06,24.93,86.6,1013.14,15.74,39.86,6.19
2026-02-23 08:11:06,24.47,86.91,1012.53,16.18,39.93,6.19
2026-02-23 08:21:06,25.36,86.98,1009.09,16.57,39.08,6.19
2026-02-23 08:31:06,24.36,86.32,1012.13,16.33,39.57,6.18
2026-02-23 08:41:06,25.29,86.37,1011.3,16.61,38.88,6.22
2026-02-23 08:51:06,25.08,87.38,1010.4,16.84,39.76,6.21
2026-02-23 09:01:06,25.91,85.8,1013.82,16.71,40.2,6.23
2026-02-23 09:11:06,25.68,85.28,1014.44,16.59,40.26,6.19
2026-02-23 09:21:06,25.14,85.25,1010.75,17.12,40.56,6.19
2026-02-23 09:31:06,25.67,86.35,1010.64,17.8,40.3,6.17
2026-02-23 09:41:06,26.01,86.02,1010.74,17.77,38.75,6.21
2026-02-23 09:51:06,26.16,86.22,1015.03,17.64,40.35,6.2
2026-02-23 10:01:06,26.04,86.18,1011.91,17.84,39.16,6.18
2026-02-23 10:11:06,26.12,85.4,1011.26,18.41,38.95,6.22
2026-02-23 10:21:06,26.98,85.86,1011.05,18.64,39.94,6.21
2026-02-23 10:31:06,26.57,85.95,1015.57,18.78,39.13,6.22
2026-02-23 10:41:06,26.25,84.92,1011.78,18.48,40.01,6.23
2026-02-23 10:51:06,26.71,84.32,1011.84,18.83,38.96,6.2
2026-02-23 11:01:06,27.04,84.0,1011.22,18.89,39.82,6.22
2026-02-23 11:11:06,27.06,84.75,1013.82,19.25,40.02,6.22
2026-02-23 11:21:06,27.46,84.7,1011.59,19.1,39.64,6.2
2026-02-23 11:31:06,26.8,85.04,1012.21,18.88,39.36,6.22
2026-02-23 11:41:06,28.0,84.85,1012.74,19.47,39.43,6.21
2026-02-23 11:51:06,28.0,84.61,1011.11,20.12,40.27,6.2
2026-02-23 12:01:06,27.99,84.35,1011.8,19.9,39.77,6.17
2026-02-23 12:11:06,28.0,84.13,1013.97,19.79,40.15,6.18
2026-02-23 12:21:06,27.55,84.0,1011.15,20.41,40.14,6.21
2026-02-23 12:31:06,27.82,84.23,1010.44,20.17,39.69,6.2
2026-02-23 12:41:06,28.0,85.55,1012.92,20.61,39.21,6.19
2026-02-23 12:51:06,28.0,84.55,1011.47,20.86,39.73,6.19
2026-02-23 13:01:06,27.2,84.75,1010.88,20.87,39.83,6.18
2026-02-23 13:11:06,28.0,84.0,1012.98,21.02,40.01,6.21
2026-02-23 13:21:06,28.0,84.48,1011.24,21.04,39.22,6.19
2026-02-23 13:31:06,27.84,84.54,1011.47,20.93,39.8,6.19
2026-02-23 13:41:06,27.82,84.0,1010.57,21.49,39.06,6.2
2026-02-23 13:51:06,27.78,84.42,1011.59,21.62,40.11,6.2
2026-02-23 14:01:06,27.64,84.0,1012.72,21.14,39.3,6.2
2026-02-23 14:11:06,28.0,84.0,1010.46,21.75,40.0,6.22
2026-02-23 14:21:06,27.82,84.14,1012.98,21.7,39.73,6.17
2026-02-23 14:31:06,27.52,84.0,1011.84,21.87,39.35,6.23
2026-02-23 14:41:06,27.55,84.0,1010.67,21.75,40.14,6.18
2026-02-23 14:51:06,28.0,84.0,1012.0,21.81,40.52,6.17
2026-02-23 15:01:06,28.0,84.0,1012.24,22.0,39.81,6.22
2026-02-23 15:11:06,27.89,85.03,1013.77,22.09,40.38,6.23
2026-02-23 15:21:06,27.59,84.2,1012.28,21.88,39.21,6.17
2026-02-23 15:31:06,27.83,84.25,1011.74,22.23,39.52,6.18
2026-02-23 15:41:06,27.07,84.83,1012.09,21.8,39.05,6.22
2026-02-23 15:51:06,27.85,84.0,1010.81,21.83,40.55,6.23
2026-02-23 16:01:06,27.37,84.02,1010.74,22.38,38.74,6.21
2026-02-23 16:11:06,27.63,84.59,1010.57,21.79,39.07,6.18
2026-02-23 16:21:06,27.24,84.59,1011.64,21.95,38.78,6.24
2026-02-23 16:31:06,27.5,84.09,1012.15,22.08,39.48,6.19
2026-02-23 16:41:06,27.23,84.41,1013.42,22.15,39.7,6.18
2026-02-23 16:51:06,26.92,84.51,1012.04,21.82,39.33,6.19
2026-02-23 17:01:06,27.05,85.14,1015.1,21.82,38.54,6.21
2026-02-23 17:11:06,26.71,84.64,1011.48,21.85,38.68,6.23
2026-02-23 17:21:06,26.86,84.94,1013.5,21.98,39.83,6.2
2026-02-23 17:31:06,26.37,84.36,1012.63,21.89,38.72,6.15
2026-02-23 17:41:06,26.75,84.99,1010.65,21.63,39.22,6.16
2026-02-23 17:51:06,25.83,85.36,1009.36,21.43,39.15,6.19
2026-02-23 18:01:06,26.68,85.4,1012.71,21.61,39.22,6.19
2026-02-23 18:11:06,25.95,84.96,1013.4,21.47,38.87,6.19
2026-02-23 18:21:06,25.41,85.76,1010.61,21.36,39.66,6.17
2026-02-23 18:31:06,25.9,86.21,1010.1,21.36,39.56,6.2
2026-02-23 18:41:06,25.16,86.01,1011.64,20.7,40.16,6.2
2026-02-23 18:51:06,25.65,86.19,1009.46,21.09,37.83,6.2
2026-02-23 19:01:06,25.45,87.09,1013.55,20.51,39.74,6.18
2026-02-23 19:11:06,25.88,86.66,1012.44,20.73,39.96,6.17
2026-02-23 19:21:06,25.04,86.77,1009.19,20.74,38.62,6.2
2026-02-23 19:31:06,25.22,86.29,1011.09,19.94,39.34,6.22
2026-02-23 19:41:06,24.12,86.14,1014.22,20.38,39.1,6.2
2026-02-23 19:51:06,24.86,86.09,1011.37,20.21,40.14,6.16
2026-02-23 20:01:06,24.57,86.73,1012.07,20.44,39.2,6.2
2026-02-23 20:11:06,24.14,87.59,1012.5,19.58,38.47,6.2
2026-02-23 20:21:06,24.2,86.85,1008.17,20.06,39.76,6.18
2026-02-23 20:31:06,23.98,87.68,1011.59,19.39,39.46,6.2
2026-02-23 20:41:06,23.92,87.26,1014.9,19.1,38.38,6.21
2026-02-23 20:51:06,23.5,87.1,1012.32,19.03,38.87,6.19
2026-02-23 21:01:06,23.83,87.44,1010.29,19.05,40.31,6.21
2026-02-23 21:11:06,23.18,88.62,1013.42,18.67,39.54,6.18
2026-02-23 21:21:06,23.35,87.94,1012.82,19.12,39.47,6.2
2026-02-23 21:31:06,22.88,88.63,1012.83,18.4,39.61,6.21
2026-02-23 21:41:06,22.98,87.96,1013.54,18.04,39.82,6.22
2026-02-23 21:51:06,22.74,89.13,1012.34,17.99,39.59,6.22
2026-02-23 22:01:06,23.17,88.55,1013.97,17.97,39.76,6.2
2026-02-23 22:11:06,22.33,89.13,1007.88,18.09,40.08,6.21
2026-02-23 22:21:06,22.83,88.21,1012.48,18.05,39.98,6.21
2026-02-23 22:31:06,21.97,88.74,1014.14,17.82,40.2,6.19
2026-02-23 22:41:06,22.11,88.61,1010.13,17.39,38.83,6.2
2026-02-23 22:51:06,22.17,89.22,1009.69,17.06,39.62,6.21
2026-02-23 23:01:06,21.96,89.57,1008.8,17.49,38.68,6.21
2026-02-23 23:11:06,21.9,89.05,1011.91,16.68,38.97,6.21
2026-02-23 23:21:06,21.91,88.93,1011.77,16.58,39.46,6.22
2026-02-23 23:31:06,21.87,89.8,1013.58,16.57,39.1,6.18
2026-02-23 23:41:06,21.64,89.48,1010.11,16.22,38.52,6.2
2026-02-23 23:51:06,21.19,90.0,1011.4,16.21,39.39,6.2
2026-02-24 00:01:06,21.33,89.99,1013.09,15.87,39.81,6.19
2026-02-24 00:11:06,21.64,89.31,1012.06,16.14,38.92,6.18
2026-02-24 00:21:06,21.25,89.03,1010.52,15.54,39.15,6.19
2026-02-24 00:31:06,21.0,89.83,1009.7,15.72,39.02,6.2
2026-02-24 00:41:06,21.15,89.74,1012.26,15.24,38.81,6.19
2026-02-24 00:51:06,21.11,90.0,1011.74,15.38,39.29,6.18
2026-02-24 01:01:06,21.3,89.92,1010.05,15.25,39.67,6.21
2026-02-24 01:11:06,21.0,89.54,1012.77,15.12,39.1,6.2
2026-02-24 01:21:06,21.0,90.0,1011.77,15.27,39.19,6.18
2026-02-24 01:31:06,21.0,89.61,1011.93,14.59,39.41,6.21
2026-02-24 01:41:06,21.14,90.0,1012.78,14.58,39.24,6.17
2026-02-24 01:51:06,21.0,90.0,1012.66,14.94,39.01,6.2
2026-02-24 02:01:06,21.0,89.53,1012.59,14.99,39.12,6.21
2026-02-24 02:11:06,21.0,90.0,1012.47,14.52,39.52,6.24
2026-02-24 02:21:06,21.59,90.0,1012.76,14.66,39.62,6.17
2026-02-24 02:31:06,21.0,90.0,1013.31,14.32,39.12,6.2
2026-02-24 02:41:06,21.07,90.0,1011.12,14.2,38.69,6.16
2026-02-24 02:51:06,21.0,90.0,1012.38,13.93,38.65,6.21
2026-02-24 03:01:06,21.57,89.16,1014.17,14.11,38.82,6.19
2026-02-24 03:11:06,21.46,89.33,1013.08,13.82,39.57,6.2
2026-02-24 03:21:06,21.0,89.38,1011.43,13.8,38.87,6.22
2026-02-24 03:31:06,21.14,90.0,1011.55,13.99,39.71,6.2
2026-02-24 03:41:06,21.56,89.33,1013.5,14.15,38.92,6.2
2026-02-24 03:51:06,21.0,88.6,1011.93,13.7,39.56,6.21
2026-02-24 04:01:06,21.14,89.81,1011.11,13.78,39.73,6.18
2026-02-24 04:11:06,21.77,89.96,1012.35,13.91,38.72,6.22
2026-02-24 04:21:06,21.82,88.97,1008.56,14.06,38.94,6.23
2026-02-24 04:31:06,21.42,89.68,1013.72,14.06,38.76,6.18
2026-02-24 04:41:06,22.05,89.1,1014.02,14.23,39.04,6.22
2026-02-24 04:51:06,21.74,88.42,1014.4,13.98,39.18,6.22
2026-02-24 05:01:06,21.9,88.59,1012.24,14.23,39.16,6.21
2026-02-24 05:11:06,22.38,89.63,1010.97,14.08,38.61,6.23
2026-02-24 05:21:06,22.88,89.2,1014.69,13.98,39.49,6.19
2026-02-24 05:31:06,21.79,88.41,1011.14,14.0,40.09,6.21
2026-02-24 05:41:06,23.01,88.41,1009.9,14.22,39.19,6.18
2026-02-24 05:51:06,22.68,88.11,1011.41,14.38,38.44,6.19
2026-02-24 06:01:06,23.09,89.68,1013.61,14.94,38.89,6.19
2026-02-24 06:11:06,22.81,88.34,1012.94,14.6,39.36,6.2
2026-02-24 06:21:06,22.9,88.51,1012.71,14.88,38.54,6.19
2026-02-24 06:31:06,23.42,88.17,1011.17,14.5,38.45,6.17
2026-02-24 06:41:06,22.99,87.6,1014.14,14.88,38.44,6.19
2026-02-24 06:51:06,22.92,87.35,1014.32,14.95,39.15,6.16
2026-02-24 07:01:06,23.64,87.68,1012.86,15.19,38.95,6.24
2026-02-24 07:11:06,23.54,88.14,1010.0,14.84,38.96,6.23
2026-02-24 07:21:06,23.82,87.66,1011.68,15.22,39.63,6.18
2026-02-24 07:31:06,24.52,87.87,1012.5,15.19,38.73,6.18
2026-02-24 07:41:06,23.65,86.32,1012.12,15.54,39.24,6.2
2026-02-24 07:51:06,23.81,87.71,1010.92,16.04,39.74,6.17
2026-02-24 08:01:06,24.48,87.38,1011.23,16.29,38.74,6.17
2026-02-24 08:11:06,24.89,86.92,1011.32,16.11,39.89,6.19
2026-02-24 08:21:06,24.66,87.86,1012.73,16.38,39.77,6.24
2026-02-24 08:31:06,24.64,86.58,1010.98,16.78,38.33,6.21
2026-02-24 08:41:06,24.74,86.39,1012.59,16.97,38.52,6.22
2026-02-24 08:51:06,24.96,86.13,1009.79,16.95,39.87,6.23
2026-02-24 09:01:06,25.69,86.72,1014.11,17.18,39.15,6.21
2026-02-24 09:11:06,25.79,85.77,1014.59,17.12,39.22,6.22
2026-02-24 09:21:06,25.66,86.67,1010.87,17.1,38.53,6.21
2026-02-24 09:31:06,25.75,86.09,1012.93,17.41,38.99,6.22
2026-02-24 09:41:06,26.49,86.09,1011.74,17.82,38.86,6.23
2026-02-24 09:51:06,26.13,85.51,1011.04,17.76,38.92,6.21
2026-02-24 10:01:06,26.67,86.46,1012.82,17.6,39.31,6.2
2026-02-24 10:11:06,26.35,85.81,1011.85,18.26,39.53,6.19
2026-02-24 10:21:06,26.16,86.05,1010.98,18.34,39.68,6.21
2026-02-24 10:31:06,26.29,84.59,1011.52,18.69,39.14,6.17
2026-02-24 10:41:06,27.15,84.52,1011.8,18.76,38.55,6.21
2026-02-24 10:51:06,26.69,85.26,1009.27,18.81,38.66,6.18
2026-02-24 11:01:06,27.29,85.67,1011.93,19.27,38.15,6.2
2026-02-24 11:11:06,27.0,85.58,1011.33,19.39,38.5,6.21
2026-02-24 11:21:06,27.37,84.9,1012.18,19.18,39.1,6.15
2026-02-24 11:31:06,27.14,84.72,1011.45,19.3,38.75,6.16
2026-02-24 11:41:06,27.15,84.87,1010.2,19.68,38.9,6.23
2026-02-24 11:51:06,27.54,85.3,1010.95,19.95,38.87,6.17
2026-02-24 12:01:06,27.11,84.66,1013.33,20.08,37.86,6.18
2026-02-24 12:11:06,27.13,84.13,1013.12,20.26,38.35,6.2
2026-02-24 12:21:06,27.86,84.01,1013.81,20.19,38.05,6.2
2026-02-24 12:31:06,27.44,84.32,1013.98,20.27,38.86,6.23
2026-02-24 12:41:06,27.64,84.64,1009.37,20.46,38.5,6.22
2026-02-24 12:51:06,28.0,84.0,1010.96,20.73,39.0,6.2
2026-02-24 13:01:06,27.95,84.18,1013.76,20.64,38.37,6.21
2026-02-24 13:11:06,27.63,85.02,1011.04,20.5,38.65,6.18
2026-02-24 13:21:06,28.0,84.14,1012.86,21.15,38.35,6.23
2026-02-24 13:31:06,27.95,84.64,1013.13,21.1,40.02,6.16
2026-02-24 13:41:06,27.42,84.66,1012.24,21.24,39.22,6.25
2026-02-24 13:51:06,27.9,84.0,1009.93,21.47,38.73,6.19
2026-02-24 14:01:06,27.86,84.04,1012.86,21.49,38.47,6.23
2026-02-24 14:11:06,28.0,84.73,1010.96,21.43,39.22,6.22
2026-02-24 14:21:06,28.0,84.0,1011.42,21.41,37.97,6.22
2026-02-24 14:31:06,27.7,84.0,1011.9,22.01,39.56,6.19
2026-02-24 14:41:06,28.0,84.13,1013.65,21.72,38.46,6.19
2026-02-24 14:51:06,28.0,84.44,1011.21,21.37,39.16,6.19
2026-02-24 15:01:06,27.6,84.96,1010.72,21.64,38.69,6.2
2026-02-24 15:11:06,27.78,84.83,1012.26,21.73,38.84,6.2
2026-02-24 15:21:06,27.98,84.0,1012.13,21.45,38.94,6.21
2026-02-24 15:31:06,28.0,85.41,1011.11,21.73,39.52,6.17
2026-02-24 15:41:06,27.63,84.0,1012.37,21.87,38.74,6.21
2026-02-24 15:51:06,28.0,84.05,1008.75,21.5,38.05,6.2
2026-02-24 16:01:06,27.4,84.04,1012.85,21.61,39.14,6.19
2026-02-24 16:11:06,27.26,84.52,1013.03,22.0,38.49,6.19
2026-02-24 16:21:06,27.59,84.0,1012.02,22.12,39.17,6.23
2026-02-24 16:31:06,27.04,84.77,1011.47,21.8,39.53,6.18
2026-02-24 16:41:06,26.91,84.63,1010.24,21.77,39.08,6.23
2026-02-24 16:51:06,26.94,84.0,1012.39,21.75,39.03,6.18
2026-02-24 17:01:06,27.07,84.66,1010.43,21.88,39.71,6.19
2026-02-24 17:11:06,26.62,85.24,1013.57,21.63,39.08,6.22
2026-02-24 17:21:06,26.65,85.72,1012.21,21.67,38.65,6.2
2026-02-24 17:31:06,26.62,85.44,1010.74,21.79,38.38,6.17
2026-02-24 17:41:06,26.21,85.02,1012.0,21.64,38.46,6.16
2026-02-24 17:51:06,26.71,85.58,1011.56,21.53,38.38,6.2
2026-02-24 18:01:06,26.79,85.2,1011.31,21.45,38.6,6.22
2026-02-24 18:11:06,25.78,85.06,1010.39,21.39,39.12,6.2
2026-02-24 18:21:06,26.31,85.87,1012.16,21.06,38.59,6.17
2026-02-24 18:31:06,25.77,84.99,1009.79,20.96,38.4,6.2
2026-02-24 18:41:06,25.65,86.7,1013.37,20.87,38.23,6.25
2026-02-24 18:51:06,25.65,86.7,1011.42,21.01,38.55,6.18
2026-02-24 19:01:06,25.36,87.8,1009.21,20.62,38.49,6.2
2026-02-24 19:11:06,25.8,86.64,1011.34,20.68,38.35,6.18
2026-02-24 19:21:06,25.05,86.13,1012.04,20.6,37.91,6.23
2026-02-24 19:31:06,24.96,86.71,1009.72,20.58,38.97,6.18
2026-02-24 19:41:06,24.62,87.09,1013.99,20.48,38.87,6.22
2026-02-24 19:51:06,25.2,87.61,1013.54,20.21,39.18,6.25
2026-02-24 20:01:06,24.93,87.69,1013.7,20.06,39.38,6.21
2026-02-24 20:11:06,24.34,87.64,1011.18,19.89,38.59,6.24
2026-02-24 20:21:06,24.34,86.91,1009.24,19.67,37.9,6.22
2026-02-24 20:31:06,23.53,87.9,1011.26,19.45,38.94,6.17
2026-02-24 20:41:06,23.42,87.92,1012.68,19.39,38.42,6.18
2026-02-24 20:51:06,23.3,87.88,1013.56,19.36,38.4,6.21
2026-02-24 21:01:06,23.5,88.04,1013.5,18.96,39.85,6.2
2026-02-24 21:11:06,23.04,87.84,1015.67,18.86,38.51,6.18
2026-02-24 21:21:06,23.5,89.11,1012.14,18.27,38.3,6.21
2026-02-24 21:31:06,22.89,88.26,1012.44,18.65,38.65,6.19
2026-02-24 21:41:06,22.87,87.93,1010.8,18.53,38.74,6.2
2026-02-24 21:51:06,22.61,88.45,1009.83,18.21,39.36,6.19
2026-02-24 22:01:06,23.02,88.79,1014.72,18.13,39.16,6.2
2026-02-24 22:11:06,22.37,88.53,1012.16,17.95,38.36,6.21
2026-02-24 22:21:06,22.04,88.02,1010.5,18.06,38.81,6.18
2026-02-24 22:31:06,22.4,89.64,1013.17,17.44,38.2,6.2
2026-02-24 22:41:06,22.2,90.0,1011.84,17.68,37.79,6.22
2026-02-24 22:51:06,22.23,89.12,1010.09,16.98,37.87,6.19
2026-02-24 23:01:06,22.3,89.25,1010.41,16.77,38.14,6.18
2026-02-24 23:11:06,21.3,90.0,1011.02,16.67,38.22,6.18
2026-02-24 23:21:06,21.25,89.54,1011.34,16.65,37.55,6.22
2026-02-24 23:31:06,21.77,89.41,1013.52,16.72,38.22,6.21
2026-02-24 23:41:06,21.6,89.9,1011.4,16.02,38.69,6.19
2026-02-24 23:51:06,21.45,89.39,1012.28,16.19,38.24,6.23
2026-02-25 00:01:06,21.7,89.6,1013.4,15.59,38.82,6.22
2026-02-25 00:11:06,21.59,90.0,1012.81,15.53,39.44,6.19
2026-02-25 00:21:06,21.43,90.0,1012.03,15.83,38.39,6.2
2026-02-25 00:31:06,21.0,89.37,1011.38,15.6,38.78,6.2
2026-02-25 00:41:06,21.65,89.41,1014.26,15.51,38.25,6.21
2026-02-25 00:51:06,21.45,90.0,1011.88,15.17,38.23,6.18
2026-02-25 01:01:06,21.0,90.0,1011.57,15.38,38.14,6.22
2026-02-25 01:11:06,21.0,89.89,1012.05,15.31,38.8,6.22
2026-02-25 01:21:06,21.67,90.0,1012.73,14.83,38.48,6.14
2026-02-25 01:31:06,21.0,90.0,1009.2,15.0,37.63,6.21
2026-02-25 01:41:06,21.0,90.0,1014.0,14.91,37.93,6.22
2026-02-25 01:51:06,21.0,89.61,1013.25,14.71,38.01,6.21
2026-02-25 02:01:06,21.44,89.24,1013.38,14.35,38.85,6.21
2026-02-25 02:11:06,21.0,89.97,1010.09,14.63,38.36,6.21
2026-02-25 02:21:06,21.16,89.5,1012.08,14.06,38.52,6.25
2026-02-25 02:31:06,21.3,90.0,1013.65,14.06,37.69,6.22
2026-02-25 02:41:06,21.13,89.65,1011.85,14.26,38.96,6.2
2026-02-25 02:51:06,21.0,90.0,1013.28,14.3,38.68,6.21
2026-02-25 03:01:06,21.32,90.0,1009.29,14.15,38.33,6.2
2026-02-25 03:11:06,21.0,90.0,1011.4,14.1,38.49,6.17
2026-02-25 03:21:06,21.17,89.86,1012.15,14.2,38.22,6.21
2026-02-25 03:31:06,21.0,90.0,1011.54,13.88,38.62,6.2
2026-02-25 03:41:06,21.29,89.12,1010.89,14.31,38.63,6.22
2026-02-25 03:51:06,21.16,89.31,1013.08,13.54,38.48,6.25
2026-02-25 04:01:06,21.41,89.73,1013.3,13.92,39.19,6.19
2026-02-25 04:11:06,21.35,89.89,1011.02,13.73,38.48,6.22
2026-02-25 04:21:06,21.53,88.64,1011.85,14.03,38.16,6.19
2026-02-25 04:31:06,22.28,89.32,1010.49,13.81,38.16,6.23
2026-02-25 04:41:06,21.25,89.7,1011.68,14.33,39.1,6.19
2026-02-25 04:51:06,22.74,89.53,1012.15,14.08,39.19,6.19
2026-02-25 05:01:06,21.52,89.14,1013.56,14.2,38.22,6.19
2026-02-25 05:11:06,22.12,88.65,1012.87,14.11,38.93,6.2
2026-02-25 05:21:06,22.47,88.61,1009.84,14.28,38.57,6.19
2026-02-25 05:31:06,22.29,88.61,1012.81,14.06,37.22,6.2
2026-02-25 05:41:06,22.97,88.65,1012.64,14.49,37.84,6.2
2026-02-25 05:51:06,22.88,87.93,1011.16,14.45,38.97,6.19
2026-02-25 06:01:06,22.84,88.18,1012.53,14.73,39.02,6.2
2026-02-25 06:11:06,23.14,88.4,1009.78,14.46,37.89,6.19
2026-02-25 06:21:06,23.52,87.86,1013.85,14.74,38.72,6.21
2026-02-25 06:31:06,22.53,88.11,1014.72,14.78,38.74,6.18
2026-02-25 06:41:06,23.34,87.02,1010.27,14.97,38.82,6.17
2026-02-25 06:51:06,23.32,87.77,1010.65,15.13,38.43,6.23
2026-02-25 07:01:06,24.25,87.58,1012.26,15.11,38.79,6.21
2026-02-25 07:11:06,24.31,87.02,1010.34,15.55,38.34,6.22
2026-02-25 07:21:06,23.74,88.17,1009.89,15.46,38.52,6.18
2026-02-25 07:31:06,23.82,86.7,1011.39,15.58,38.28,6.22
2026-02-25 07:41:06,23.42,87.25,1010.29,15.88,38.85,6.21
2026-02-25 07:51:06,24.27,87.03,1011.85,15.83,37.64,6.19
2026-02-25 08:01:06,24.37,87.54,1013.43,16.14,38.35,6.21
2026-02-25 08:11:06,24.44,86.95,1012.57,16.05,37.73,6.19
2026-02-25 08:21:06,24.81,86.34,1012.04,16.24,38.74,6.23
2026-02-25 08:31:06,24.82,86.09,1010.71,16.59,38.34,6.23
2026-02-25 08:41:06,24.74,86.73,1011.61,16.64,38.47,6.2
2026-02-25 08:51:06,24.93,85.95,1011.24,16.68,37.73,6.19
2026-02-25 09:01:06,24.95,86.11,1011.57,16.76,38.2,6.2
2026-02-25 09:11:06,25.27,86.27,1011.6,17.42,38.01,6.23
2026-02-25 09:21:06,25.94,86.42,1010.59,17.0,38.04,6.2
2026-02-25 09:31:06,26.53,85.91,1015.99,17.16,38.27,6.18
2026-02-25 09:41:06,25.97,86.62,1010.4,17.8,38.08,6.24
2026-02-25 09:51:06,25.9,85.33,1011.52,17.44,38.47,6.22
2026-02-25 10:01:06,26.69,85.45,1012.53,17.75,37.85,6.22
2026-02-25 10:11:06,26.26,84.94,1013.92,18.36,36.95,6.21
2026-02-25 10:21:06,26.22,84.81,1013.26,18.38,37.81,6.21
2026-02-25 10:31:06,26.73,84.76,1012.31,19.02,37.94,6.24
2026-02-25 10:41:06,26.7,84.63,1011.52,18.86,38.27,6.21
2026-02-25 10:51:06,26.18,85.85,1012.6,18.36,38.49,6.2
2026-02-25 11:01:06,27.48,84.34,1011.45,18.92,37.88,6.17
2026-02-25 11:11:06,27.83,84.83,1012.83,19.26,38.45,6.19
2026-02-25 11:21:06,26.94,84.42,1012.06,19.28,38.02,6.19
2026-02-25 11:31:06,27.19,85.06,1011.99,19.79,37.91,6.22
2026-02-25 11:41:06,27.25,85.03,1010.06,19.89,37.39,6.19
2026-02-25 11:51:06,27.86,84.87,1011.55,19.67,38.36,6.22
2026-02-25 12:01:06,27.98,84.0,1013.5,19.97,37.6,6.18
2026-02-25 12:11:06,27.45,84.0,1014.12,19.79,38.66,6.2
2026-02-25 12:21:06,27.66,84.73,1011.8,20.2,37.02,6.22
2026-02-25 12:31:06,27.92,84.19,1012.75,20.5,37.29,6.18
2026-02-25 12:41:06,27.8,84.37,1012.54,20.57,38.56,6.23
2026-02-25 12:51:06,27.9,84.38,1013.2,20.62,38.28,6.21
2026-02-25 13:01:06,27.35,84.44,1010.77,20.89,38.88,6.2
2026-02-25 13:11:06,27.69,84.13,1011.6,20.99,38.42,6.2
2026-02-25 13:21:06,27.89,84.14,1013.64,21.18,38.81,6.2
2026-02-25 13:31:06,28.0,84.0,1011.18,20.99,38.6,6.2
2026-02-25 13:41:06,27.44,84.0,1011.07,21.61,36.98,6.19
2026-02-25 13:51:06,28.0,84.0,1010.59,21.35,37.12,6.17
2026-02-25 14:01:06,27.58,84.01,1012.23,21.21,37.71,6.19
2026-02-25 14:11:06,27.31,84.0,1013.97,21.44,38.71,6.21
2026-02-25 14:21:06,27.51,84.0,1012.03,21.7,37.76,6.21
2026-02-25 14:31:06,27.75,84.0,1010.71,21.83,38.5,6.19
2026-02-25 14:41:06,27.99,85.07,1012.54,21.79,37.83,6.21
2026-02-25 14:51:06,27.71,84.0,1007.82,21.39,37.45,6.21
2026-02-25 15:01:06,27.87,84.25,1009.96,21.87,37.87,6.15
2026-02-25 15:11:06,27.84,84.98,1014.81,21.87,38.04,6.2
2026-02-25 15:21:06,28.0,84.88,1013.77,21.92,38.27,6.17
2026-02-25 15:31:06,28.0,84.54,1013.0,21.92,37.3,6.18
2026-02-25 15:41:06,28.0,84.26,1012.0,21.98,37.28,6.21
2026-02-25 15:51:06,27.45,84.33,1009.83,22.3,38.61,6.2
2026-02-25 16:01:06,27.62,84.04,1012.29,21.87,38.93,6.22
2026-02-25 16:11:06,27.31,84.5,1011.14,21.86,37.0,6.16
2026-02-25 16:21:06,27.19,85.05,1011.32,22.09,37.89,6.19
2026-02-25 16:31:06,27.63,84.72,1014.38,21.43,37.2,6.2
2026-02-25 16:41:06,27.14,84.75,1012.44,22.02,37.92,6.18
2026-02-25 16:51:06,26.32,85.07,1012.51,22.14,38.31,6.2
2026-02-25 17:01:06,27.12,84.78,1011.16,21.8,38.18,6.2
2026-02-25 17:11:06,26.95,84.65,1011.56,21.87,38.66,6.22
2026-02-25 17:21:06,25.92,85.05,1012.25,21.74,38.3,6.21
2026-02-25 17:31:06,26.71,84.89,1011.15,21.78,38.53,6.19
2026-02-25 17:41:06,26.39,85.31,1012.41,21.95,37.86,6.2
2026-02-25 17:51:06,26.25,85.05,1011.8,21.47,37.79,6.17
2026-02-25 18:01:06,26.14,86.55,1011.69,21.63,38.39,6.18
2026-02-25 18:11:06,26.0,85.87,1011.04,21.23,37.4,6.19
2026-02-25 18:21:06,26.39,85.71,1012.26,21.33,37.92,6.2
2026-02-25 18:31:06,26.05,85.06,1011.24,21.59,37.86,6.22
2026-02-25 18:41:06,26.06,86.0,1011.95,20.92,38.17,6.2
2026-02-25 18:51:06,25.5,87.31,1013.88,20.91,38.03,6.17
2026-02-25 19:01:06,26.02,86.47,1011.79,20.53,38.45,6.22
2026-02-25 19:11:06,24.61,86.18,1011.62,20.74,39.33,6.22
2026-02-25 19:21:06,25.21,87.01,1011.05,20.77,38.17,6.18
2026-02-25 19:31:06,24.77,86.88,1010.64,20.49,37.56,6.17
2026-02-25 19:41:06,24.95,87.04,1011.63,19.89,38.23,6.2
2026-02-25 19:51:06,24.28,87.1,1013.65,20.09,38.76,6.22
2026-02-25 20:01:06,24.53,86.88,1013.25,19.9,37.46,6.2
2026-02-25 20:11:06,24.27,86.74,1010.23,19.69,38.47,6.2
2026-02-25 20:21:06,23.64,87.7,1013.28,19.52,37.9,6.17
2026-02-25 20:31:06,23.94,87.79,1012.22,19.76,38.63,6.2
2026-02-25 20:41:06,23.91,87.31,1011.37,19.34,38.27,6.23
2026-02-25 20:51:06,23.48,87.91,1013.25,19.26,37.99,6.22
2026-02-25 21:01:06,23.37,88.08,1012.2,18.98,37.75,6.16
2026-02-25 21:11:06,23.42,88.02,1012.48,18.8,38.74,6.23
2026-02-25 21:21:06,23.49,87.92,1011.13,18.49,39.04,6.18
2026-02-25 21:31:06,23.14,87.7,1011.67,18.43,37.34,6.2
2026-02-25 21:41:06,22.3,88.87,1015.02,18.12,38.94,6.19
2026-02-25 21:51:06,22.83,88.09,1010.94,18.15,37.78,6.17
2026-02-25 22:01:06,22.42,88.18,1013.19,18.05,37.74,6.2
2026-02-25 22:11:06,22.73,88.0,1012.22,17.51,38.6,6.18
2026-02-25 22:21:06,22.41,89.78,1010.75,17.42,37.8,6.19
2026-02-25 22:31:06,22.29,89.01,1011.88,17.78,38.39,6.18
2026-02-25 22:41:06,22.32,88.73,1011.69,17.02,38.38,6.22
2026-02-25 22:51:06,21.97,88.85,1015.61,17.02,37.55,6.2
2026-02-25 23:01:06,22.07,89.15,1013.74,16.78,38.02,6.21
2026-02-25 23:11:06,21.9,88.61,1010.91,16.85,38.08,6.12
2026-02-25 23:21:06,21.85,89.73,1010.26,16.91,38.19,6.21
2026-02-25 23:31:06,21.69,89.75,1013.76,16.1,37.91,6.21
2026-02-25 23:41:06,21.89,89.16,1015.25,16.04,38.22,6.2
2026-02-25 23:51:06,21.43,90.0,1014.91,16.0,38.7,6.21
2026-02-26 00:01:06,21.77,90.0,1010.07,15.92,37.55,6.18
2026-02-26 00:11:06,21.42,90.0,1012.53,16.02,37.82,6.22
2026-02-26 00:21:06,21.4,90.0,1012.73,15.73,37.88,6.21
2026-02-26 00:31:06,21.28,89.87,1014.07,15.46,37.72,6.21
2026-02-26 00:41:06,21.82,90.0,1014.54,15.71,37.53,6.19
2026-02-26 00:51:06,21.76,89.61,1010.63,14.97,38.1,6.22
2026-02-26 01:01:06,21.55,89.53,1011.64,15.16,37.29,6.22
2026-02-26 01:11:06,21.38,89.6,1013.74,14.88,36.84,6.19
2026-02-26 01:21:06,21.02,89.56,1013.84,14.86,37.09,6.21
2026-02-26 01:31:06,21.12,89.73,1009.46,14.85,36.81,6.2
2026-02-26 01:41:06,21.22,89.87,1011.11,14.9,37.45,6.18
2026-02-26 01:51:06,21.22,89.35,1012.18,14.77,37.75,6.21
2026-02-26 02:01:06,21.0,90.0,1013.86,14.41,37.81,6.22
2026-02-26 02:11:06,21.0,89.81,1012.78,14.61,37.53,6.21
2026-02-26 02:21:06,21.01,89.83,1013.86,14.43,37.43,6.21
2026-02-26 02:31:06,21.0,90.0,1011.51,14.15,37.91,6.17
2026-02-26 02:41:06,21.04,90.0,1009.48,13.76,37.21,6.18
2026-02-26 02:51:06,21.0,90.0,1010.83,14.31,38.52,6.21
2026-02-26 03:01:06,21.02,89.6,1010.51,14.33,37.5,6.18
2026-02-26 03:11:06,21.32,89.43,1013.25,14.15,37.62,6.21
2026-02-26 03:21:06,21.0,89.71,1012.05,14.17,38.12,6.16
2026-02-26 03:31:06,21.24,90.0,1012.26,13.76,38.78,6.21
2026-02-26 03:41:06,21.0,89.85,1010.59,13.94,37.4,6.2
2026-02-26 03:51:06,21.0,90.0,1009.17,14.13,38.05,6.18
2026-02-26 04:01:06,21.73,89.98,1010.75,13.88,37.74,6.2
2026-02-26 04:11:06,21.44,88.68,1012.15,14.26,37.55,6.22
2026-02-26 04:21:06,21.33,89.76,1010.6,13.95,37.37,6.22
2026-02-26 04:31:06,21.82,89.06,1012.33,14.0,38.05,6.21
2026-02-26 04:41:06,22.34,88.85,1011.78,14.14,37.39,6.2
2026-02-26 04:51:06,21.88,89.09,1012.15,14.21,37.96,6.17
2026-02-26 05:01:06,21.92,89.21,1011.55,14.73,38.13,6.19
2026-02-26 05:11:06,22.24,89.06,1015.56,14.05,38.03,6.17
2026-02-26 05:21:06,21.87,88.84,1010.86,14.31,36.86,6.18
2026-02-26 05:31:06,22.1,88.79,1010.97,14.44,37.49,6.21
2026-02-26 05:41:06,22.08,88.62,1011.75,14.22,38.12,6.18
2026-02-26 05:51:06,22.73,88.54,1014.06,14.62,37.39,6.19
2026-02-26 06:01:06,23.05,89.01,1011.02,14.62,37.9,6.19
2026-02-26 06:11:06,22.81,87.98,1010.64,14.81,37.89,6.2
2026-02-26 06:21:06,22.75,87.84,1012.72,14.98,37.86,6.19
2026-02-26 06:31:06,23.26,87.33,1012.64,14.87,37.49,6.17
2026-02-26 06:41:06,23.15,88.92,1009.49,15.16,36.92,6.19
2026-02-26 06:51:06,23.53,87.09,1009.87,15.17,37.9,6.15
2026-02-26 07:01:06,23.92,87.82,1011.41,15.32,38.15,6.19
2026-02-26 07:11:06,23.57,87.97,1008.45,15.48,37.75,6.23
2026-02-26 07:21:06,23.92,87.04,1010.3,15.49,37.53,6.21
2026-02-26 07:31:06,24.14,86.85,1013.42,15.65,37.45,6.18
2026-02-26 07:41:06,24.4,87.64,1011.86,15.97,37.64,6.19
2026-02-26 07:51:06,24.72,87.46,1012.11,16.16,38.0,6.2
2026-02-26 08:01:06,24.84,87.36,1010.92,16.33,37.69,6.2
2026-02-26 08:11:06,24.7,86.95,1012.92,15.5,36.44,6.15
2026-02-26 08:21:06,24.7,86.83,1012.08,16.02,38.46,6.2
2026-02-26 08:31:06,24.67,86.85,1011.98,16.99,36.82,6.2
2026-02-26 08:41:06,24.87,86.38,1010.1,16.58,38.11,6.18
2026-02-26 08:51:06,25.82,85.71,1012.98,17.06,38.09,6.18
2026-02-26 09:01:06,25.52,85.99,1014.01,17.07,37.61,6.2
2026-02-26 09:11:06,25.43,86.34,1013.85,17.16,37.55,6.2
2026-02-26 09:21:06,26.14,86.39,1012.75,17.14,38.05,6.24
2026-02-26 09:31:06,25.23,86.09,1011.29,17.42,37.3,6.22
2026-02-26 09:41:06,25.81,86.84,1012.89,17.54,37.6,6.16
2026-02-26 09:51:06,26.34,84.72,1012.39,17.97,37.64,6.19
2026-02-26 10:01:06,26.75,84.74,1010.87,17.83,37.81,6.2
2026-02-26 10:11:06,26.56,85.21,1010.29,18.47,37.36,6.22
2026-02-26 10:21:06,26.82,85.06,1011.96,18.62,37.84,6.21
2026-02-26 10:31:06,27.1,85.48,1013.32,18.55,37.86,6.2
2026-02-26 10:41:06,27.15,84.74,1011.13,18.48,36.97,6.2
2026-02-26 10:51:06,26.67,84.99,1010.26,18.86,37.15,6.24
2026-02-26 11:01:06,27.54,84.42,1010.93,19.23,37.41,6.22
2026-02-26 11:11:06,27.2,84.52,1014.09,18.93,36.82,6.21
2026-02-26 11:21:06,27.08,85.17,1010.08,19.67,37.32,6.19
2026-02-26 11:31:06,27.03,84.03,1012.17,19.13,37.01,6.22
2026-02-26 11:41:06,27.38,84.41,1012.3,19.89,36.98,6.17
2026-02-26 11:51:06,27.68,84.37,1011.29,19.56,37.65,6.22
2026-02-26 12:01:06,27.64,84.43,1011.89,20.35,37.42,6.2
2026-02-26 12:11:06,27.67,84.84,1012.39,19.68,37.49,6.23
2026-02-26 12:21:06,27.58,84.67,1013.36,20.63,37.58,6.18
2026-02-26 12:31:06,27.93,84.0,1010.98,20.75,38.48,6.2
2026-02-26 12:41:06,26.98,84.81,1010.32,20.57,36.81,6.2
2026-02-26 12:51:06,27.64,84.31,1013.12,20.72,37.51,6.15
2026-02-26 13:01:06,27.85,84.0,1010.32,20.66,37.37,6.21
2026-02-26 13:11:06,27.46,84.0,1011.23,20.7,37.21,6.24
2026-02-26 13:21:06,28.0,84.15,1014.59,21.26,37.73,6.18
2026-02-26 13:31:06,28.0,84.03,1013.22,21.22,38.47,6.23
2026-02-26 13:41:06,27.33,84.0,1011.23,21.33,37.5,6.2
2026-02-26 13:51:06,28.0,84.4,1014.11,21.14,37.5,6.2
2026-02-26 14:01:06,27.85,84.02,1011.04,21.19,37.06,6.19
2026-02-26 14:11:06,28.0,84.0,1011.75,21.55,36.85,6.22
2026-02-26 14:21:06,28.0,84.32,1009.53,21.32,38.06,6.2
2026-02-26 14:31:06,28.0,84.1,1012.49,22.02,36.88,6.18
2026-02-26 14:41:06,27.89,84.0,1011.1,21.57,37.04,6.19
2026-02-26 14:51:06,27.87,84.0,1010.84,21.77,37.47,6.19
2026-02-26 15:01:06,27.79,84.44,1009.41,21.78,37.31,6.23
2026-02-26 15:11:06,27.81,84.26,1011.52,22.1,37.57,6.22
2026-02-26 15:21:06,27.77,84.75,1012.1,22.2,38.08,6.24
2026-02-26 15:31:06,27.82,84.0,1010.88,22.21,36.97,6.16
2026-02-26 15:41:06,27.78,84.0,1011.23,21.74,37.13,6.2
2026-02-26 15:51:06,27.02,84.76,1011.04,22.22,37.04,6.21
2026-02-26 16:01:06,27.71,84.0,1008.64,22.16,37.04,6.19
2026-02-26 16:11:06,26.95,84.67,1012.75,22.18,36.85,6.21
2026-02-26 16:21:06,27.24,84.95,1013.45,22.0,36.98,6.19
2026-02-26 16:31:06,27.84,84.81,1011.05,22.2,37.09,6.23
2026-02-26 16:41:06,27.32,84.51,1013.03,21.88,36.95,6.2
2026-02-26 16:51:06,26.94,84.6,1010.98,22.06,37.02,6.21
2026-02-26 17:01:06,27.57,84.6,1012.99,21.7,37.46,6.23
2026-02-26 17:11:06,27.2,84.37,1011.29,21.87,37.67,6.24
2026-02-26 17:21:06,26.66,84.24,1013.39,21.6,35.92,6.21
2026-02-26 17:31:06,26.24,85.08,1011.48,21.63,37.71,6.21
2026-02-26 17:41:06,26.51,85.41,1009.26,21.67,37.3,6.24
2026-02-26 17:51:06,26.58,85.51,1013.85,21.63,37.14,6.21
2026-02-26 18:01:06,25.42,85.66,1010.05,21.18,36.69,6.21
2026-02-26 18:11:06,25.83,86.43,1012.87,21.33,38.39,6.2
2026-02-26 18:21:06,25.5,86.43,1012.64,21.27,37.49,6.2
2026-02-26 18:31:06,26.18,85.46,1013.35,21.17,36.95,6.2
2026-02-26 18:41:06,25.89,86.22,1014.89,21.31,37.24,6.21
2026-02-26 18:51:06,25.9,86.03,1011.41,20.81,37.24,6.21
2026-02-26 19:01:06,25.43,87.22,1010.03,21.02,37.39,6.2
2026-02-26 19:11:06,25.49,85.9,1011.92,20.49,37.22,6.2
2026-02-26 19:21:06,25.29,86.06,1014.02,20.46,37.03,6.22
2026-02-26 19:31:06,25.15,86.61,1012.46,20.3,36.88,6.21
2026-02-26 19:41:06,25.34,86.63,1014.71,20.19,38.86,6.23
2026-02-26 19:51:06,24.87,86.06,1010.53,20.37,37.75,6.2
2026-02-26 20:01:06,24.43,87.35,1011.85,20.18,37.21,6.2
2026-02-26 20:11:06,24.2,86.87,1012.33,19.63,38.21,6.18
2026-02-26 20:21:06,24.84,86.87,1011.42,19.63,37.46,6.2
2026-02-26 20:31:06,23.59,87.56,1012.17,19.46,37.56,6.18
2026-02-26 20:41:06,23.69,88.01,1010.38,19.48,37.34,6.22
2026-02-26 20:51:06,23.88,87.54,1014.72,19.31,36.82,6.2
2026-02-26 21:01:06,23.38,88.08,1008.8,19.01,37.37,6.21
2026-02-26 21:11:06,23.6,88.51,1009.74,18.87,37.48,6.24
2026-02-26 21:21:06,22.87,88.67,1012.19,18.52,37.55,6.23
2026-02-26 21:31:06,22.83,88.64,1010.6,18.35,37.21,6.15
2026-02-26 21:41:06,23.02,88.21,1011.81,18.52,37.26,6.2
2026-02-26 21:51:06,22.54,87.92,1011.05,18.44,37.82,6.19
2026-02-26 22:01:06,23.24,89.36,1011.46,18.14,36.92,6.17
2026-02-26 22:11:06,22.91,88.1,1012.16,17.94,37.44,6.2
2026-02-26 22:21:06,22.87,88.72,1012.67,17.54,37.55,6.25
2026-02-26 22:31:06,22.48,88.93,1010.65,17.59,36.61,6.22
2026-02-26 22:41:06,22.39,89.04,1012.7,17.18,37.57,6.21
2026-02-26 22:51:06,22.49,88.14,1012.76,17.14,37.66,6.18
2026-02-26 23:01:06,22.13,89.78,1013.22,16.88,37.87,6.21
2026-02-26 23:11:06,21.94,90.0,1013.83,16.66,37.08,6.18
2026-02-26 23:21:06,21.43,89.91,1012.01,16.8,37.06,6.19
2026-02-26 23:31:06,22.0,89.85,1011.18,16.67,37.06,6.21
2026-02-26 23:41:06,21.76,89.17,1011.77,16.47,36.23,6.19
2026-02-26 23:51:06,21.71,89.16,1014.69,16.31,35.41,6.21
2026-02-27 00:01:06,21.84,89.32,1013.5,16.39,36.97,6.23
2026-02-27 00:11:06,21.7,88.49,1012.82,15.73,37.34,6.2
2026-02-27 00:21:06,21.36,90.0,1013.2,15.32,37.15,6.17
2026-02-27 00:31:06,22.13,89.8,1012.03,15.47,36.41,6.22
2026-02-27 00:41:06,21.23,89.78,1010.48,15.29,36.42,6.21
2026-02-27 00:51:06,21.0,89.34,1012.81,14.98,37.85,6.19
2026-02-27 01:01:06,21.37,89.81,1009.41,15.54,37.48,6.19
2026-02-27 01:11:06,21.28,90.0,1010.45,14.72,36.44,6.21
2026-02-27 01:21:06,21.0,90.0,1010.6,14.82,37.57,6.19
2026-02-27 01:31:06,21.0,89.76,1013.52,14.27,36.16,6.2
2026-02-27 01:41:06,21.45,89.84,1009.97,14.82,37.39,6.21
2026-02-27 01:51:06,21.37,90.0,1011.79,14.99,37.18,6.19
2026-02-27 02:01:06,21.0,90.0,1013.18,14.54,37.22,6.18
2026-02-27 02:11:06,21.06,90.0,1012.53,14.52,36.54,6.17
2026-02-27 02:21:06,21.0,90.0,1015.22,14.36,37.12,6.2
2026-02-27 02:31:06,21.0,89.66,1010.77,14.17,36.65,6.18
2026-02-27 02:41:06,21.68,90.0,1008.34,14.47,37.14,6.23
2026-02-27 02:51:06,21.0,90.0,1012.01,13.82,36.17,6.2
2026-02-27 03:01:06,21.49,89.23,1011.96,14.03,37.23,6.17
2026-02-27 03:11:06,21.32,90.0,1010.91,14.47,36.27,6.24
2026-02-27 03:21:06,21.76,90.0,1013.2,13.88,36.72,6.2
2026-02-27 03:31:06,21.29,89.63,1011.21,13.63,37.92,6.19
2026-02-27 03:41:06,21.69,89.15,1014.3,14.02,37.34,6.22
2026-02-27 03:51:06,21.37,90.0,1012.02,13.94,36.43,6.2
2026-02-27 04:01:06,22.36,89.32,1010.08,14.05,37.09,6.18
2026-02-27 04:11:06,21.5,89.9,1011.44,13.94,36.84,6.19
2026-02-27 04:21:06,21.83,89.87,1011.13,14.31,37.51,6.24
2026-02-27 04:31:06,21.77,89.52,1011.39,14.02,37.1,6.21
2026-02-27 04:41:06,21.95,88.57,1012.42,13.91,37.29,6.21
2026-02-27 04:51:06,21.13,88.86,1012.09,14.19,37.82,6.21
2026-02-27 05:01:06,22.11,88.89,1012.07,14.34,35.51,6.16
2026-02-27 05:11:06,22.03,89.91,1012.81,13.89,36.84,6.22
2026-02-27 05:21:06,22.46,89.11,1010.29,14.25,36.92,6.18
2026-02-27 05:31:06,21.63,88.34,1013.34,14.26,37.37,6.18
2026-02-27 05:41:06,22.12,88.85,1013.33,14.64,37.47,6.25
2026-02-27 05:51:06,22.58,88.71,1009.87,14.31,37.04,6.22
2026-02-27 06:01:06,22.65,88.02,1012.24,14.61,36.75,6.19
2026-02-27 06:11:06,22.6,88.16,1011.05,14.79,38.01,6.16
2026-02-27 06:21:06,22.41,88.02,1012.7,14.83,36.94,6.2
2026-02-27 06:31:06,23.24,88.12,1011.42,14.6,37.27,6.22
2026-02-27 06:41:06,22.74,88.35,1012.72,15.13,36.12,6.21
2026-02-27 06:51:06,23.38,88.38,1013.12,14.97,36.71,6.22
2026-02-27 07:01:06,24.07,88.0,1009.3,15.16,36.89,6.18
2026-02-27 07:11:06,23.34,87.64,1014.74,15.11,37.74,6.19
2026-02-27 07:21:06,22.94,87.46,1010.34,15.52,36.95,6.21
2026-02-27 07:31:06,23.88,88.13,1012.13,15.42,36.72,6.22
2026-02-27 07:41:06,24.19,86.3,1010.61,15.85,37.46,6.21
2026-02-27 07:51:06,24.41,87.47,1013.43,15.93,36.23,6.2
2026-02-27 08:01:06,24.22,87.46,1011.74,16.36,36.8,6.17
2026-02-27 08:11:06,24.86,86.75,1012.03,15.96,36.97,6.2
2026-02-27 08:21:06,25.01,86.45,1009.42,16.02,36.19,6.22
2026-02-27 08:31:06,25.3,87.1,1011.36,16.77,36.87,6.19
2026-02-27 08:41:06,25.14,85.74,1010.34,16.96,37.5,6.21
2026-02-27 08:51:06,25.56,86.48,1011.14,16.6,36.82,6.19
2026-02-27 09:01:06,25.78,86.55,1010.12,17.0,37.21,6.19
2026-02-27 09:11:06,25.72,85.69,1010.11,17.2,37.24,6.21
2026-02-27 09:21:06,25.27,86.16,1008.87,17.27,36.23,6.18
2026-02-27 09:31:06,26.68,86.24,1014.37,17.73,36.37,6.19
2026-02-27 09:41:06,26.08,86.14,1010.9,17.85,36.98,6.16
2026-02-27 09:51:06,26.11,85.8,1010.94,18.28,36.89,6.2
2026-02-27 10:01:06,26.46,85.78,1011.69,18.42,36.95,6.19
2026-02-27 10:11:06,25.94,84.62,1011.81,18.24,36.2,6.19
2026-02-27 10:21:06,26.07,85.25,1010.39,18.67,37.77,6.2
2026-02-27 10:31:06,26.59,84.59,1009.21,18.91,37.9,6.19
2026-02-27 10:41:06,26.82,85.3,1011.73,18.95,37.69,6.19
2026-02-27 10:51:06,26.67,85.19,1011.01,19.47,37.31,6.21
2026-02-27 11:01:06,27.05,85.35,1011.5,18.95,37.13,6.18
2026-02-27 11:11:06,27.07,84.29,1013.17,19.23,36.96,6.23
2026-02-27 11:21:06,27.38,84.77,1012.06,19.29,36.33,6.19
2026-02-27 11:31:06,27.37,84.04,1011.54,19.55,37.16,6.17
2026-02-27 11:41:06,27.54,84.35,1014.27,19.89,36.36,6.18
2026-02-27 11:51:06,27.59,84.91,1013.44,19.74,36.47,6.19
2026-02-27 12:01:06,27.84,84.4,1009.41,20.13,37.5,6.2
2026-02-27 12:11:06,27.88,84.0,1014.07,20.51,36.86,6.2
2026-02-27 12:21:06,27.56,84.4,1012.76,20.35,36.55,6.21
2026-02-27 12:31:06,27.89,84.0,1015.11,20.6,36.31,6.23
2026-02-27 12:41:06,27.63,84.5,1009.36,20.42,37.29,6.22
2026-02-27 12:51:06,27.97,84.0,1012.1,20.91,36.84,6.21
2026-02-27 13:01:06,27.95,84.14,1014.58,21.02,36.95,6.18
2026-02-27 13:11:06,27.81,84.25,1012.25,20.98,36.68,6.24
2026-02-27 13:21:06,28.0,84.0,1014.46,20.73,36.81,6.21
2026-02-27 13:31:06,27.92,84.25,1011.68,21.14,36.73,6.17
2026-02-27 13:41:06,28.0,84.5,1014.45,21.17,36.79,6.21
2026-02-27 13:51:06,27.32,84.0,1011.79,21.6,36.62,6.2
2026-02-27 14:01:06,27.78,84.0,1010.64,21.43,37.19,6.18
2026-02-27 14:11:06,28.0,84.11,1011.26,21.78,37.38,6.2
2026-02-27 14:21:06,28.0,84.46,1011.5,21.75,37.03,6.2
2026-02-27 14:31:06,27.8,84.0,1012.65,21.5,36.75,6.21
2026-02-27 14:41:06,27.73,84.42,1011.14,21.74,36.82,6.19
2026-02-27 14:51:06,27.99,84.22,1010.89,21.67,36.23,6.19
2026-02-27 15:01:06,27.91,84.0,1011.44,21.81,36.7,6.19
2026-02-27 15:11:06,27.6,84.03,1009.64,22.13,36.0,6.23
2026-02-27 15:21:06,27.49,84.0,1016.91,21.76,37.14,6.21
2026-02-27 15:31:06,27.48,84.74,1011.96,21.89,36.77,6.21
2026-02-27 15:41:06,27.37,84.0,1013.18,22.13,36.72,6.22
2026-02-27 15:51:06,27.8,85.2,1014.35,21.92,36.62,6.21
2026-02-27 16:01:06,27.73,84.11,1013.33,21.93,36.4,6.19
2026-02-27 16:11:06,27.56,84.56,1012.92,21.96,36.15,6.19
2026-02-27 16:21:06,27.02,85.62,1011.67,21.96,36.63,6.21
2026-02-27 16:31:06,27.72,84.96,1009.98,22.05,36.02,6.16
2026-02-27 16:41:06,27.26,84.17,1014.12,22.15,36.48,6.2
2026-02-27 16:51:06,26.95,85.19,1012.73,22.01,36.56,6.22
2026-02-27 17:01:06,26.7,84.76,1011.69,21.88,36.19,6.14
2026-02-27 17:11:06,26.7,85.51,1011.5,21.48,35.98,6.21
2026-02-27 17:21:06,26.49,85.46,1013.35,21.6,36.47,6.16
2026-02-27 17:31:06,26.08,84.98,1012.22,21.72,36.98,6.2
2026-02-27 17:41:06,25.88,85.16,1012.2,21.68,36.29,6.18
2026-02-27 17:51:06,26.17,85.92,1010.03,21.59,36.98,6.21
2026-02-27 18:01:06,26.05,85.54,1010.15,21.64,36.61,6.2
2026-02-27 18:11:06,25.85,85.2,1011.69,21.46,37.27,6.19
2026-02-27 18:21:06,26.18,85.44,1011.14,21.15,36.09,6.21
2026-02-27 18:31:06,26.31,85.47,1012.6,21.01,36.14,6.2
2026-02-27 18:41:06,25.62,85.64,1011.28,21.02,35.66,6.18
2026-02-27 18:51:06,25.64,84.94,1012.52,20.79,35.89,6.21
2026-02-27 19:01:06,25.56,86.34,1012.03,21.02,36.77,6.21
2026-02-27 19:11:06,24.7,86.57,1012.85,20.87,36.2,6.16
2026-02-27 19:21:06,24.95,86.53,1013.4,20.49,37.2,6.21
2026-02-27 19:31:06,24.91,87.11,1007.61,20.64,37.53,6.22
2026-02-27 19:41:06,24.65,86.77,1013.47,20.56,36.24,6.21
2026-02-27 19:51:06,24.58,87.57,1011.88,20.22,36.47,6.2
2026-02-27 20:01:06,24.36,86.77,1012.25,19.95,37.16,6.19
2026-02-27 20:11:06,24.44,86.69,1012.1,20.01,36.38,6.2
2026-02-27 20:21:06,24.27,87.49,1010.32,20.18,36.13,6.21
2026-02-27 20:31:06,24.77,87.7,1010.8,19.77,36.38,6.2
2026-02-27 20:41:06,24.0,86.96,1010.12,19.63,35.93,6.19
2026-02-27 20:51:06,23.98,88.78,1012.55,19.16,36.14,6.18
2026-02-27 21:01:06,23.91,87.78,1013.19,18.86,36.55,6.2
2026-02-27 21:11:06,23.29,88.24,1009.91,18.91,37.0,6.23
2026-02-27 21:21:06,23.82,88.12,1012.25,18.5,36.71,6.21
2026-02-27 21:31:06,22.83,87.91,1011.1,18.66,36.83,6.19
2026-02-27 21:41:06,22.89,87.93,1012.2,18.44,36.81,6.2
2026-02-27 21:51:06,23.23,88.21,1011.28,18.46,36.65,6.23
2026-02-27 22:01:06,22.16,87.46,1011.51,17.55,35.64,6.21
2026-02-27 22:11:06,22.49,89.09,1011.17,17.77,35.6,6.21
2026-02-27 22:21:06,22.22,88.7,1014.66,17.82,36.86,6.18
2026-02-27 22:31:06,22.65,88.59,1012.77,17.77,37.21,6.19
2026-02-27 22:41:06,21.7,87.71,1012.85,17.03,36.56,6.18
2026-02-27 22:51:06,21.97,88.94,1012.54,17.24,36.72,6.19
2026-02-27 23:01:06,22.04,90.0,1012.11,16.93,35.86,6.21
2026-02-27 23:11:06,22.36,90.0,1011.56,16.63,35.95,6.21
2026-02-27 23:21:06,21.76,89.32,1010.74,16.65,36.28,6.19
2026-02-27 23:31:06,21.81,89.09,1009.79,16.64,35.9,6.19
2026-02-27 23:41:06,22.09,89.18,1011.49,16.59,37.09,6.17
2026-02-27 23:51:06,22.22,89.64,1011.38,16.34,35.64,6.21
2026-02-28 00:01:06,21.0,89.69,1011.58,15.91,36.21,6.23
2026-02-28 00:11:06,21.74,89.55,1009.36,16.34,36.5,6.18
2026-02-28 00:21:06,21.0,89.75,1014.98,15.86,36.55,6.19
2026-02-28 00:31:06,21.47,89.65,1012.89,15.37,35.99,6.18
2026-02-28 00:41:06,21.18,90.0,1015.82,15.57,36.41,6.19
2026-02-28 00:51:06,21.19,90.0,1010.9,15.29,36.09,6.22
2026-02-28 01:01:06,21.0,90.0,1011.1,15.22,35.56,6.18
2026-02-28 01:11:06,21.53,89.93,1013.27,15.22,35.94,6.24
2026-02-28 01:21:06,21.16,90.0,1012.46,14.78,36.45,6.2
2026-02-28 01:31:06,21.42,90.0,1013.79,14.78,36.25,6.21
2026-02-28 01:41:06,21.06,89.71,1010.23,15.04,36.31,6.23
2026-02-28 01:51:06,21.0,89.45,1011.66,14.61,35.56,6.21
2026-02-28 02:01:06,21.74,89.35,1013.37,14.36,35.01,6.21
2026-02-28 02:11:06,21.0,89.91,1013.74,14.57,36.97,6.19
2026-02-28 02:21:06,21.0,89.35,1014.46,14.24,36.21,6.21
2026-02-28 02:31:06,21.0,90.0,1013.31,14.34,36.61,6.2
2026-02-28 02:41:06,21.1,89.79,1011.53,14.3,36.39,6.22
2026-02-28 02:51:06,21.0,89.25,1009.06,14.07,36.63,6.17
2026-02-28 03:01:06,21.0,90.0,1011.27,14.18,36.99,6.2
2026-02-28 03:11:06,21.0,89.69,1010.83,14.26,36.67,6.21
2026-02-28 03:21:06,21.27,88.65,1011.37,13.78,36.08,6.22
2026-02-28 03:31:06,21.28,89.24,1011.25,14.21,36.94,6.22
2026-02-28 03:41:06,21.2,89.29,1009.87,13.93,36.15,6.19
2026-02-28 03:51:06,21.26,90.0,1014.22,14.35,36.48,6.19
2026-02-28 04:01:06,21.64,90.0,1013.38,13.76,35.79,6.24
2026-02-28 04:11:06,21.62,89.69,1013.03,13.97,36.0,6.2
2026-02-28 04:21:06,21.15,88.38,1013.75,13.96,36.26,6.22
2026-02-28 04:31:06,22.07,89.22,1011.73,14.38,35.78,6.2
2026-02-28 04:41:06,21.65,89.23,1008.06,13.88,35.14,6.2
2026-02-28 04:51:06,21.55,88.63,1011.48,14.22,36.53,6.2
2026-02-28 05:01:06,21.47,88.91,1010.36,14.22,35.64,6.19
2026-02-28 05:11:06,22.15,89.01,1012.43,14.27,35.32,6.22
2026-02-28 05:21:06,22.26,88.38,1010.75,14.05,35.53,6.18
2026-02-28 05:31:06,22.15,89.39,1012.19,14.09,37.18,6.2
2026-02-28 05:41:06,22.33,88.68,1013.32,14.52,37.17,6.2
2026-02-28 05:51:06,22.63,88.3,1012.45,14.37,36.04,6.19
2026-02-28 06:01:06,22.64,88.32,1010.27,14.19,36.05,6.19
2026-02-28 06:11:06,22.7,87.75,1014.21,14.5,36.2,6.2
2026-02-28 06:21:06,23.03,87.66,1015.42,14.66,36.14,6.2
2026-02-28 06:31:06,23.38,88.88,1012.19,14.92,35.92,6.2
2026-02-28 06:41:06,23.41,87.94,1014.53,15.19,36.25,6.21
2026-02-28 06:51:06,23.41,87.89,1010.68,15.24,36.54,6.21
2026-02-28 07:01:06,23.1,88.17,1011.1,15.26,36.79,6.18
2026-02-28 07:11:06,23.36,88.13,1011.45,15.29,35.64,6.2
2026-02-28 07:21:06,24.02,87.25,1013.55,15.31,35.89,6.2
2026-02-28 07:31:06,24.28,87.53,1013.42,15.27,35.19,6.19
2026-02-28 07:41:06,24.33,87.07,1012.24,15.75,36.33,6.23
2026-02-28 07:51:06,24.4,87.21,1009.45,15.93,36.23,6.22
2026-02-28 08:01:06,24.47,87.11,1012.28,16.14,36.62,6.21
2026-02-28 08:11:06,24.86,86.55,1011.53,16.02,35.51,6.22
2026-02-28 08:21:06,24.18,86.86,1012.33,16.46,36.52,6.28
2026-02-28 08:31:06,25.1,87.27,1009.68,16.42,35.72,6.23
2026-02-28 08:41:06,24.77,86.8,1010.19,16.7,36.8,6.2
2026-02-28 08:51:06,25.2,86.02,1011.92,16.48,36.96,6.21
2026-02-28 09:01:06,25.27,86.13,1011.96,16.97,36.48,6.2
2026-02-28 09:11:06,25.71,85.57,1012.56,17.1,36.45,6.21
2026-02-28 09:21:06,25.51,87.29,1013.15,17.64,35.83,6.19
2026-02-28 09:31:06,25.87,85.91,1012.87,17.7,35.63,6.15
2026-02-28 09:41:06,25.58,86.0,1012.48,18.04,35.7,6.22
2026-02-28 09:51:06,25.94,85.77,1014.41,18.13,36.31,6.22
2026-02-28 10:01:06,26.0,84.89,1009.93,18.06,36.55,6.19
2026-02-28 10:11:06,26.62,85.75,1012.5,17.98,36.62,6.22
2026-02-28 10:21:06,26.24,84.71,1011.01,18.46,35.85,6.19
2026-02-28 10:31:06,26.14,85.66,1011.06,18.16,35.86,6.2
2026-02-28 10:41:06,26.62,85.8,1011.14,18.82,36.07,6.18
2026-02-28 10:51:06,27.27,84.86,1012.08,18.84,35.76,6.24
2026-02-28 11:01:06,26.78,84.47,1010.54,18.92,36.1,6.19
2026-02-28 11:11:06,27.08,85.33,1012.66,19.06,34.99,6.18
2026-02-28 11:21:06,27.15,84.0,1011.52,19.04,37.19,6.2
2026-02-28 11:31:06,27.14,85.63,1013.32,19.44,35.29,6.19
2026-02-28 11:41:06,27.52,84.57,1011.7,19.55,36.42,6.2
2026-02-28 11:51:06,27.01,84.77,1013.24,19.81,35.8,6.23
2026-02-28 12:01:06,27.29,84.19,1013.63,19.66,36.1,6.19
2026-02-28 12:11:06,27.62,84.22,1012.93,20.38,36.07,6.2
2026-02-28 12:21:06,27.9,84.0,1011.75,20.54,36.37,6.18
2026-02-28 12:31:06,27.73,84.0,1010.55,20.62,36.24,6.19
2026-02-28 12:41:06,27.95,84.57,1012.22,20.98,36.31,6.25
2026-02-28 12:51:06,28.0,84.36,1010.27,20.35,36.36,6.18
2026-02-28 13:01:06,27.68,84.0,1012.57,21.09,36.8,6.23
2026-02-28 13:11:06,28.0,84.0,1014.03,20.74,35.74,6.2
2026-02-28 13:21:06,27.77,84.0,1012.67,21.53,35.99,6.21
2026-02-28 13:31:06,28.0,84.0,1009.38,21.1,35.67,6.18
2026-02-28 13:41:06,28.0,84.0,1011.38,21.11,36.18,6.17
2026-02-28 13:51:06,27.88,84.1,1010.19,21.37,35.26,6.2
2026-02-28 14:01:06,27.75,84.0,1013.31,21.41,36.55,6.19
2026-02-28 14:11:06,28.0,84.0,1012.07,21.86,35.7,6.19
2026-02-28 14:21:06,28.0,84.0,1011.02,22.1,35.97,6.2
2026-02-28 14:31:06,27.32,84.41,1012.39,21.75,35.91,6.22
2026-02-28 14:41:06,28.0,84.0,1009.64,21.86,36.79,6.19
2026-02-28 14:51:06,28.0,84.19,1016.99,21.65,36.6,6.19
2026-02-28 15:01:06,28.0,84.0,1013.58,21.95,36.35,6.2
2026-02-28 15:11:06,27.91,84.0,1013.37,21.97,35.99,6.21
2026-02-28 15:21:06,28.0,84.11,1012.67,21.77,35.89,6.24
2026-02-28 15:31:06,27.76,84.0,1011.51,21.89,36.7,6.21
2026-02-28 15:41:06,27.4,85.11,1013.3,21.99,36.06,6.24
2026-02-28 15:51:06,27.21,84.65,1014.17,22.09,35.07,6.18
2026-02-28 16:01:06,27.47,84.14,1009.97,21.59,35.4,6.19
2026-02-28 16:11:06,27.44,84.24,1010.98,21.99,36.29,6.21
2026-02-28 16:21:06,27.14,84.4,1011.19,22.19,35.51,6.2
2026-02-28 16:31:06,27.47,84.04,1014.39,22.0,36.0,6.2
2026-02-28 16:41:06,26.62,84.66,1012.86,21.8,35.13,6.2
2026-02-28 16:51:06,27.58,85.16,1012.37,21.58,35.62,6.21
2026-02-28 17:01:06,27.13,84.92,1011.5,22.0,36.08,6.16
2026-02-28 17:11:06,27.08,84.99,1012.7,21.86,35.39,6.19
2026-02-28 17:21:06,26.6,84.45,1011.85,21.8,35.41,6.21
2026-02-28 17:31:06,26.82,84.41,1013.07,21.92,36.0,6.18
2026-02-28 17:41:06,26.35,85.62,1013.18,21.52,35.87,6.2
2026-02-28 17:51:06,26.4,85.39,1012.65,21.44,36.22,6.19
2026-02-28 18:01:06,25.9,86.08,1011.76,21.58,36.16,6.21
2026-02-28 18:11:06,26.13,85.4,1012.19,21.45,35.49,6.2
2026-02-28 18:21:06,25.72,86.39,1012.62,20.97,36.75,6.21
2026-02-28 18:31:06,26.12,86.01,1010.26,21.08,36.28,6.22
2026-02-28 18:41:06,25.95,85.31,1009.65,20.91,36.0,6.22
2026-02-28 18:51:06,25.79,85.18,1008.34,20.75,36.16,6.17
2026-02-28 19:01:06,24.89,86.28,1011.63,20.87,36.09,6.22
2026-02-28 19:11:06,25.42,86.7,1011.29,20.42,36.1,6.2
2026-02-28 19:21:06,25.41,87.36,1012.78,20.36,35.66,6.18
2026-02-28 19:31:06,25.01,86.11,1012.61,20.46,35.67,6.18
2026-02-28 19:41:06,24.88,85.66,1012.44,20.57,36.5,6.21
2026-02-28 19:51:06,24.73,86.39,1013.75,20.39,35.29,6.21
2026-02-28 20:01:06,24.46,86.45,1008.39,20.19,35.95,6.2
2026-02-28 20:11:06,24.59,88.17,1011.84,19.69,36.34,6.21
2026-02-28 20:21:06,23.63,88.28,1011.87,19.85,36.94,6.21
2026-02-28 20:31:06,24.36,87.75,1010.58,19.42,36.07,6.17
2026-02-28 20:41:06,24.23,87.76,1011.65,19.61,35.39,6.22
2026-02-28 20:51:06,23.77,87.44,1011.2,19.19,35.35,6.19
2026-02-28 21:01:06,24.22,86.66,1014.79,19.27,36.32,6.18
2026-02-28 21:11:06,23.88,88.17,1007.94,18.89,35.41,6.18
2026-02-28 21:21:06,23.18,88.42,1011.31,19.01,35.84,6.2
2026-02-28 21:31:06,23.3,89.66,1008.64,18.67,35.24,6.2
2026-02-28 21:41:06,23.0,87.9,1012.29,18.24,36.09,6.2
2026-02-28 21:51:06,23.39,88.09,1013.41,18.1,36.14,6.17
2026-02-28 22:01:06,22.91,89.43,1011.52,17.9,35.17,6.19
2026-02-28 22:11:06,23.0,88.57,1016.08,17.84,35.9,6.21
2026-02-28 22:21:06,22.29,89.02,1010.59,17.69,35.91,6.23
2026-02-28 22:31:06,23.01,88.84,1012.84,17.49,35.93,6.19
2026-02-28 22:41:06,22.23,88.18,1013.48,16.79,35.15,6.16
2026-02-28 22:51:06,21.83,88.5,1011.26,17.17,34.99,6.18
2026-02-28 23:01:06,21.91,89.83,1012.65,16.69,35.72,6.21
2026-02-28 23:11:06,21.74,88.46,1013.84,16.96,36.01,6.18
2026-02-28 23:21:06,22.03,89.58,1012.23,16.59,36.05,6.21
2026-02-28 23:31:06,22.2,90.0,1011.46,16.47,36.11,6.19
2026-02-28 23:41:06,21.0,89.95,1011.71,16.41,36.07,6.19
2026-02-28 23:51:06,21.54,89.09,1013.52,15.95,35.47,6.21
2026-03-01 00:01:06,21.94,90.0,1010.83,15.88,35.63,6.19
2026-03-01 00:11:06,21.2,90.0,1011.68,15.95,35.98,6.19
2026-03-01 00:21:06,21.1,89.87,1011.97,15.84,35.72,6.2
2026-03-01 00:31:06,21.46,89.66,1010.42,15.5,36.25,6.2
2026-03-01 00:41:06,21.0,89.03,1011.05,15.35,35.13,6.22
2026-03-01 00:51:06,21.64,90.0,1014.43,15.41,36.11,6.16
2026-03-01 01:01:06,21.42,89.48,1012.36,15.14,36.0,6.22
2026-03-01 01:11:06,21.0,90.0,1011.09,15.01,35.75,6.21
2026-03-01 01:21:06,21.0,90.0,1011.24,15.35,36.34,6.21
2026-03-01 01:31:06,21.0,90.0,1010.66,14.83,35.86,6.22
2026-03-01 01:41:06,21.17,89.45,1011.11,14.92,35.26,6.22
2026-03-01 01:51:06,21.0,89.98,1011.8,14.61,34.75,6.2
2026-03-01 02:01:06,21.0,89.86,1009.79,14.59,36.63,6.18
2026-03-01 02:11:06,21.0,89.9,1012.47,14.57,36.06,6.17
2026-03-01 02:21:06,21.27,89.15,1013.96,14.32,35.0,6.18
2026-03-01 02:31:06,21.44,90.0,1011.71,14.22,35.5,6.2
2026-03-01 02:41:06,21.01,89.53,1013.28,14.51,35.58,6.22
2026-03-01 02:51:06,21.0,90.0,1013.46,14.53,35.39,6.22
2026-03-01 03:01:06,21.0,90.0,1010.91,14.04,35.34,6.16
2026-03-01 03:11:06,21.4,90.0,1014.47,14.01,36.13,6.22
2026-03-01 03:21:06,21.37,90.0,1009.15,13.63,35.77,6.22
2026-03-01 03:31:06,21.12,89.91,1011.89,13.97,36.89,6.21
2026-03-01 03:41:06,21.4,90.0,1013.37,14.06,35.99,6.16
2026-03-01 03:51:06,21.26,89.05,1012.41,14.26,36.59,6.17
2026-03-01 04:01:06,21.0,89.89,1013.07,14.06,35.66,6.23
2026-03-01 04:11:06,21.48,90.0,1010.87,13.57,35.02,6.21
2026-03-01 04:21:06,21.3,89.13,1008.89,13.94,35.08,6.24
2026-03-01 04:31:06,22.05,88.95,1013.42,14.16,35.7,6.2
2026-03-01 04:41:06,21.91,89.47,1009.72,14.18,36.08,6.17
2026-03-01 04:51:06,21.92,88.5,1008.87,13.86,35.82,6.2
2026-03-01 05:01:06,22.1,89.33,1010.72,14.15,34.88,6.16
2026-03-01 05:11:06,21.53,88.51,1015.23,13.91,35.03,6.21
2026-03-01 05:21:06,22.14,88.39,1010.8,13.95,34.73,6.21
2026-03-01 05:31:06,22.17,88.56,1016.07,14.19,35.46,6.18
2026-03-01 05:41:06,22.33,88.72,1011.25,14.49,35.39,6.21
2026-03-01 05:51:06,22.05,87.75,1011.84,14.49,36.5,6.17
2026-03-01 06:01:06,22.25,87.83,1009.29,14.48,35.78,6.16
2026-03-01 06:11:06,23.05,88.77,1011.06,14.78,35.9,6.22
2026-03-01 06:21:06,22.64,88.55,1012.64,14.65,34.69,6.21
2026-03-01 06:31:06,22.84,88.33,1009.92,14.82,35.23,6.21
2026-03-01 06:41:06,23.07,88.59,1010.74,14.77,35.48,6.21
2026-03-01 06:51:06,23.36,88.53,1012.52,15.32,35.04,6.19
2026-03-01 07:01:06,23.68,87.89,1013.05,15.25,35.55,6.19
2026-03-01 07:11:06,24.03,87.68,1013.46,15.65,34.89,6.18
2026-03-01 07:21:06,24.43,87.43,1011.98,15.54,35.33,6.2
2026-03-01 07:31:06,24.82,87.39,1013.78,15.41,36.2,6.2
2026-03-01 07:41:06,24.47,87.51,1014.28,15.52,35.27,6.19
2026-03-01 07:51:06,24.06,87.23,1014.07,15.93,34.92,6.2
2026-03-01 08:01:06,24.24,86.65,1012.42,15.99,35.11,6.21
2026-03-01 08:11:06,24.83,86.06,1010.58,16.52,34.79,6.18
2026-03-01 08:21:06,24.5,86.52,1013.19,16.2,35.39,6.2
2026-03-01 08:31:06,25.11,87.04,1011.46,16.15,35.26,6.18
2026-03-01 08:41:06,25.24,85.92,1014.16,16.58,35.75,6.2
2026-03-01 08:51:06,25.54,87.09,1011.54,16.74,35.44,6.21
2026-03-01 09:01:06,25.04,85.43,1010.78,17.14,35.58,6.22
2026-03-01 09:11:06,24.99,86.03,1008.03,17.08,35.02,6.2
2026-03-01 09:21:06,25.46,84.25,1012.49,17.55,35.82,6.2
2026-03-01 09:31:06,26.09,86.03,1013.52,17.68,35.02,6.22
2026-03-01 09:41:06,25.4,86.43,1013.15,17.86,35.54,6.23
2026-03-01 09:51:06,26.57,85.6,1012.24,17.98,35.04,6.19
2026-03-01 10:01:06,26.6,86.1,1009.08,18.18,35.0,6.2
2026-03-01 10:11:06,26.51,85.39,1009.84,18.18,35.11,6.16
2026-03-01 10:21:06,26.96,85.17,1012.0,18.34,34.86,6.19
2026-03-01 10:31:06,26.62,86.02,1011.41,18.46,35.17,6.21
2026-03-01 10:41:06,26.34,84.92,1012.01,18.56,34.42,6.19
2026-03-01 10:51:06,26.82,85.43,1012.0,18.84,35.26,6.21
2026-03-01 11:01:06,26.3,85.41,1010.11,18.83,35.4,6.18
2026-03-01 11:11:06,26.65,85.61,1012.37,19.63,36.31,6.23
2026-03-01 11:21:06,26.47,85.12,1015.24,19.27,35.8,6.18
2026-03-01 11:31:06,27.44,85.8,1011.94,19.26,35.47,6.18
2026-03-01 11:41:06,27.92,84.35,1013.63,19.75,35.24,6.22
2026-03-01 11:51:06,27.16,84.51,1011.73,19.72,34.56,6.21
2026-03-01 12:01:06,28.0,84.0,1013.39,20.43,35.74,6.2
2026-03-01 12:11:06,27.0,84.45,1013.75,20.22,34.46,6.18
2026-03-01 12:21:06,27.55,84.0,1013.24,20.73,35.3,6.2
2026-03-01 12:31:06,27.64,84.75,1011.08,20.76,35.7,6.22
2026-03-01 12:41:06,28.0,85.12,1011.06,20.58,35.87,6.22
2026-03-01 12:51:06,27.99,84.18,1011.06,20.77,35.4,6.2
2026-03-01 13:01:06,27.95,84.63,1011.23,20.6,35.95,6.14
2026-03-01 13:11:06,28.0,85.43,1012.48,21.1,35.89,6.22
2026-03-01 13:21:06,27.93,84.1,1014.39,21.0,34.83,6.18
2026-03-01 13:31:06,27.87,84.0,1013.34,21.34,34.62,6.17
2026-03-01 13:41:06,28.0,84.0,1012.76,21.83,35.73,6.2
2026-03-01 13:51:06,28.0,84.48,1009.11,21.58,36.28,6.18
2026-03-01 14:01:06,28.0,84.14,1011.56,21.74,35.28,6.19
2026-03-01 14:11:06,28.0,84.0,1011.19,21.53,34.65,6.21
2026-03-01 14:21:06,27.69,84.2,1011.92,21.66,35.72,6.19
2026-03-01 14:31:06,27.9,84.0,1010.77,21.74,34.78,6.18
2026-03-01 14:41:06,28.0,84.13,1011.19,21.94,34.98,6.22
2026-03-01 14:51:06,28.0,84.1,1011.14,21.8,34.53,6.19
2026-03-01 15:01:06,27.67,84.82,1011.14,21.78,35.15,6.21
2026-03-01 15:11:06,27.83,84.0,1011.21,21.81,34.5,6.23
2026-03-01 15:21:06,27.75,84.35,1013.22,22.2,34.23,6.19
2026-03-01 15:31:06,27.46,84.0,1010.48,22.24,35.55,6.23
2026-03-01 15:41:06,28.0,84.04,1012.07,22.01,34.28,6.2
2026-03-01 15:51:06,27.5,84.81,1012.25,22.1,34.65,6.24
2026-03-01 16:01:06,27.03,84.4,1015.34,22.01,34.94,6.22
2026-03-01 16:11:06,27.67,84.51,1014.42,21.43,34.81,6.19
2026-03-01 16:21:06,27.51,84.9,1011.91,22.21,34.99,6.22
2026-03-01 16:31:06,27.29,84.59,1012.48,22.29,35.12,6.2
2026-03-01 16:41:06,27.53,84.86,1012.48,22.09,35.53,6.2
2026-03-01 16:51:06,27.14,84.64,1013.51,21.6,34.84,6.21
2026-03-01 17:01:06,27.17,85.06,1009.75,21.69,34.75,6.19
2026-03-01 17:11:06,27.02,84.35,1009.96,22.09,34.48,6.23
2026-03-01 17:21:06,27.18,85.19,1010.25,21.95,35.45,6.19
2026-03-01 17:31:06,26.39,85.09,1010.09,21.4,34.92,6.22
2026-03-01 17:41:06,26.38,85.59,1012.74,21.57,34.76,6.21
2026-03-01 17:51:06,26.4,85.49,1013.66,21.45,35.73,6.2
2026-03-01 18:01:06,25.83,86.28,1011.13,21.25,33.82,6.18
2026-03-01 18:11:06,26.43,85.55,1012.37,21.23,35.05,6.15
2026-03-01 18:21:06,25.97,85.51,1012.26,21.1,34.28,6.22
2026-03-01 18:31:06,26.11,85.09,1011.44,21.06,35.34,6.17
2026-03-01 18:41:06,25.91,85.62,1009.97,21.19,35.61,6.21
2026-03-01 18:51:06,25.04,87.13,1012.83,21.34,35.78,6.25
2026-03-01 19:01:06,25.04,86.75,1010.32,20.88,35.35,6.22
2026-03-01 19:11:06,25.49,86.06,1014.76,20.83,35.57,6.2
2026-03-01 19:21:06,24.62,86.46,1015.3,20.86,34.87,6.21
2026-03-01 19:31:06,25.09,85.76,1012.7,20.82,34.63,6.19
2026-03-01 19:41:06,25.24,86.23,1012.41,20.42,34.58,6.23
2026-03-01 19:51:06,24.14,87.1,1011.76,19.94,35.56,6.22
2026-03-01 20:01:06,24.87,87.67,1010.98,19.92,34.85,6.21
2026-03-01 20:11:06,23.81,86.22,1009.87,19.69,34.72,6.15
2026-03-01 20:21:06,23.92,87.7,1010.69,19.46,35.41,6.18
2026-03-01 20:31:06,23.71,87.79,1008.52,19.47,34.98,6.2
2026-03-01 20:41:06,23.83,86.69,1013.06,19.67,34.86,6.16
2026-03-01 20:51:06,24.06,87.51,1011.57,19.3,34.96,6.19
2026-03-01 21:01:06,23.79,87.63,1012.87,19.22,35.17,6.19
2026-03-01 21:11:06,23.44,88.13,1013.04,18.75,34.96,6.19
2026-03-01 21:21:06,23.38,87.87,1011.57,18.8,34.65,6.19
2026-03-01 21:31:06,22.92,88.11,1013.19,18.33,34.6,6.18
2026-03-01 21:41:06,22.8,88.18,1011.05,18.32,35.48,6.2
2026-03-01 21:51:06,23.27,88.46,1010.23,17.91,35.16,6.21
2026-03-01 22:01:06,22.27,88.84,1011.58,18.26,34.16,6.2
2026-03-01 22:11:06,22.59,89.31,1012.45,18.0,35.24,6.22
2026-03-01 22:21:06,22.53,88.64,1010.54,17.61,35.67,6.2
2026-03-01 22:31:06,21.91,89.18,1009.84,17.59,34.58,6.2
2026-03-01 22:41:06,22.47,88.72,1010.8,17.5,34.57,6.17
2026-03-01 22:51:06,22.1,88.86,1012.56,16.98,34.8,6.21
2026-03-01 23:01:06,22.56,89.48,1012.82,16.95,35.75,6.19
2026-03-01 23:11:06,21.68,89.17,1012.04,16.99,34.61,6.21
2026-03-01 23:21:06,21.69,88.57,1010.06,16.88,35.3,6.18
2026-03-01 23:31:06,21.38,89.74,1011.82,16.41,36.07,6.18
2026-03-01 23:41:06,21.98,89.54,1013.43,16.72,35.03,6.18
2026-03-01 23:51:06,21.85,88.29,1009.98,15.92,39.8,6.23
2026-03-02 00:01:06,21.54,89.31,1013.44,16.02,39.46,6.16
2026-03-02 00:11:06,21.34,89.5,1010.45,15.91,39.74,6.19
2026-03-02 00:21:06,21.59,90.0,1011.3,15.83,39.9,6.2
2026-03-02 00:31:06,21.59,88.87,1012.24,15.0,40.17,6.2
2026-03-02 00:41:06,21.76,89.7,1015.29,15.35,39.66,6.19
2026-03-02 00:51:06,21.0,89.96,1013.98,14.76,40.67,6.21
2026-03-02 01:01:06,21.0,90.0,1011.38,15.16,40.09,6.23
2026-03-02 01:11:06,21.74,89.5,1011.87,14.82,40.05,6.21
2026-03-02 01:21:06,21.0,89.93,1011.67,14.82,39.19,6.18
2026-03-02 01:31:06,21.3,89.61,1013.4,14.84,39.96,6.21
2026-03-02 01:41:06,21.13,89.29,1013.24,14.97,40.62,6.22
2026-03-02 01:51:06,21.08,90.0,1012.71,14.46,39.73,6.23
2026-03-02 02:01:06,21.02,90.0,1012.94,14.42,39.59,6.19
2026-03-02 02:11:06,21.0,89.08,1012.74,14.4,40.84,6.23
2026-03-02 02:21:06,21.12,90.0,1009.0,14.28,40.26,6.19
2026-03-02 02:31:06,21.0,90.0,1011.15,14.36,40.42,6.17
2026-03-02 02:41:06,21.22,89.96,1012.27,14.3,39.52,6.23
2026-03-02 02:51:06,21.14,89.23,1013.56,14.03,39.95,6.18
2026-03-02 03:01:06,21.26,90.0,1011.97,14.38,39.29,6.22
2026-03-02 03:11:06,21.0,89.11,1010.48,13.96,38.92,6.21
2026-03-02 03:21:06,21.52,89.26,1010.68,13.91,38.94,6.22
2026-03-02 03:31:06,21.0,90.0,1014.32,14.1,39.41,6.2
2026-03-02 03:41:06,21.0,88.78,1010.45,14.26,40.94,6.23
2026-03-02 03:51:06,21.06,90.0,1012.43,13.56,39.61,6.18
2026-03-02 04:01:06,22.01,89.13,1009.35,13.97,39.18,6.19
2026-03-02 04:11:06,21.96,89.46,1010.21,14.12,40.09,6.19
2026-03-02 04:21:06,21.52,89.2,1013.09,13.87,39.87,6.22
2026-03-02 04:31:06,21.69,89.28,1011.32,13.85,39.81,6.2
2026-03-02 04:41:06,22.64,89.09,1011.87,14.08,39.61,6.2
2026-03-02 04:51:06,21.68,88.41,1013.56,13.92,40.72,6.2
2026-03-02 05:01:06,21.77,89.86,1011.29,14.13,39.07,6.23
2026-03-02 05:11:06,22.14,90.0,1011.69,14.26,39.46,6.2
2026-03-02 05:21:06,22.21,88.82,1010.65,14.29,39.17,6.22
2026-03-02 05:31:06,22.63,89.23,1009.88,13.99,39.64,6.21
2026-03-02 05:41:06,22.02,88.5,1012.34,14.56,39.96,6.21
2026-03-02 05:51:06,22.54,89.1,1011.66,14.45,40.77,6.2
2026-03-02 06:01:06,22.43,88.21,1010.84,14.58,39.38,6.2
2026-03-02 06:11:06,22.81,88.62,1012.85,14.0,39.36,6.21
2026-03-02 06:21:06,23.07,88.0,1011.94,14.89,40.15,6.22
2026-03-02 06:31:06,23.12,88.35,1014.23,14.88,39.9,6.17
2026-03-02 06:41:06,23.63,88.49,1012.11,14.34,39.86,6.17
2026-03-02 06:51:06,22.82,88.23,1011.98,14.93,39.25,6.21
2026-03-02 07:01:06,23.69,86.91,1012.74,15.33,39.96,6.2
2026-03-02 07:11:06,23.32,88.0,1009.68,15.28,40.21,6.17
2026-03-02 07:21:06,23.67,87.63,1015.89,15.44,40.69,6.25
2026-03-02 07:31:06,23.7,87.55,1011.66,15.58,40.18,6.18
2026-03-02 07:41:06,24.33,86.97,1013.96,15.96,39.7,6.23
2026-03-02 07:51:06,24.42,87.23,1010.28,15.86,39.51,6.22
2026-03-02 08:01:06,24.27,87.05,1011.45,16.0,39.6,6.2
2026-03-02 08:11:06,24.78,87.48,1012.84,16.26,40.46,6.2
2026-03-02 08:21:06,24.86,86.78,1011.27,16.57,39.95,6.19
2026-03-02 08:31:06,25.61,86.53,1010.9,16.4,39.65,6.19
2026-03-02 08:41:06,24.65,86.09,1012.15,16.6,39.15,6.21
2026-03-02 08:51:06,25.62,86.45,1012.46,16.76,39.95,6.22
2026-03-02 09:01:06,25.72,86.37,1013.66,17.11,39.92,6.21
2026-03-02 09:11:06,25.6,86.05,1010.55,17.26,38.62,6.19
2026-03-02 09:21:06,26.13,86.56,1011.0,17.36,40.08,6.18
2026-03-02 09:31:06,26.25,87.55,1013.31,17.46,40.46,6.19
2026-03-02 09:41:06,25.96,86.23,1012.17,17.82,39.33,6.2
2026-03-02 09:51:06,27.04,84.58,1010.72,17.62,39.36,6.19
2026-03-02 10:01:06,26.56,85.04,1012.6,17.86,39.66,6.17
2026-03-02 10:11:06,26.36,85.41,1009.91,18.1,40.2,6.21
2026-03-02 10:21:06,26.38,85.78,1015.56,18.26,40.02,6.2
2026-03-02 10:31:06,26.65,84.9,1014.78,18.67,39.11,6.17
2026-03-02 10:41:06,26.84,84.34,1013.98,18.67,38.74,6.17
2026-03-02 10:51:06,27.37,84.99,1012.47,18.9,40.02,6.21
2026-03-02 11:01:06,26.9,84.66,1009.44,19.37,39.77,6.22
2026-03-02 11:11:06,27.2,84.2,1012.74,19.1,39.66,6.2
2026-03-02 11:21:06,27.02,84.7,1012.58,19.51,39.7,6.21
2026-03-02 11:31:06,27.14,84.0,1008.67,19.59,39.38,6.19
2026-03-02 11:41:06,27.73,84.86,1011.21,19.74,39.3,6.2
2026-03-02 11:51:06,27.47,84.88,1012.13,19.46,39.6,6.24
2026-03-02 12:01:06,27.95,84.38,1010.78,20.03,39.99,6.2
2026-03-02 12:11:06,27.74,84.09,1014.52,20.05,39.57,6.21
2026-03-02 12:21:06,27.75,85.03,1013.06,20.16,39.91,6.19
2026-03-02 12:31:06,27.93,84.0,1013.29,20.2,39.3,6.22
2026-03-02 12:41:06,27.61,84.16,1010.98,20.42,38.93,6.2
2026-03-02 12:51:06,27.37,84.0,1013.16,21.2,39.73,6.2
2026-03-02 13:01:06,27.99,84.15,1015.01,20.88,39.93,6.17
2026-03-02 13:11:06,27.91,84.0,1013.26,21.49,40.03,6.19
2026-03-02 13:21:06,28.0,84.0,1009.93,20.73,39.66,6.21
2026-03-02 13:31:06,27.78,84.06,1010.1,21.24,39.49,6.2
2026-03-02 13:41:06,27.91,84.03,1012.72,21.01,39.79,6.22
2026-03-02 13:51:06,28.0,84.35,1011.49,21.23,39.74,6.19
2026-03-02 14:01:06,28.0,84.57,1013.95,21.16,39.27,6.18
2026-03-02 14:11:06,28.0,84.58,1010.99,21.21,39.57,6.21
2026-03-02 14:21:06,28.0,84.0,1010.95,21.73,41.04,6.22
2026-03-02 14:31:06,27.54,84.03,1012.96,21.62,40.17,6.22
2026-03-02 14:41:06,27.99,85.51,1010.32,21.6,38.9,6.21
2026-03-02 14:51:06,27.95,84.11,1011.97,21.49,39.55,6.21
2026-03-02 15:01:06,27.98,84.09,1011.37,21.6,40.44,6.21
2026-03-02 15:11:06,27.83,84.85,1014.94,21.7,39.04,6.22
2026-03-02 15:21:06,27.13,84.0,1012.28,21.81,40.42,6.21
2026-03-02 15:31:06,27.44,84.15,1013.21,22.29,40.23,6.2
2026-03-02 15:41:06,28.0,84.0,1012.44,21.89,39.02,6.21
2026-03-02 15:51:06,27.41,84.06,1014.15,22.04,39.34,6.19
2026-03-02 16:01:06,27.39,84.81,1012.68,21.81,39.55,6.18
2026-03-02 16:11:06,27.07,84.24,1013.88,22.02,38.79,6.18
2026-03-02 16:21:06,27.54,85.17,1012.69,22.06,39.08,6.19
2026-03-02 16:31:06,26.72,84.58,1012.79,22.0,39.3,6.21
2026-03-02 16:41:06,26.96,84.34,1012.13,22.04,39.09,6.17
2026-03-02 16:51:06,26.78,84.88,1011.28,21.79,38.92,6.19
2026-03-02 17:01:06,26.94,84.54,1015.19,21.8,39.63,6.21
2026-03-02 17:11:06,26.8,85.61,1014.13,21.82,39.37,6.18
2026-03-02 17:21:06,26.71,85.56,1011.08,21.45,39.04,6.21
2026-03-02 17:31:06,26.59,84.82,1011.24,21.8,40.25,6.22
2026-03-02 17:41:06,26.66,85.11,1012.41,21.84,38.93,6.18
2026-03-02 17:51:06,26.43,85.19,1010.9,21.59,40.24,6.2
2026-03-02 18:01:06,26.25,86.44,1009.36,21.54,39.88,6.19
2026-03-02 18:11:06,26.73,84.98,1012.0,21.42,39.57,6.22
2026-03-02 18:21:06,25.35,85.51,1012.43,21.16,39.48,6.19
2026-03-02 18:31:06,25.71,86.3,1012.46,20.94,39.25,6.22
2026-03-02 18:41:06,25.96,86.0,1012.75,21.2,38.77,6.21
2026-03-02 18:51:06,25.55,86.07,1012.82,20.96,39.72,6.21
2026-03-02 19:01:06,25.41,85.83,1008.27,20.93,39.46,6.23
2026-03-02 19:11:06,25.38,85.91,1011.42,20.93,39.53,6.21
2026-03-02 19:21:06,25.2,86.95,1011.13,20.6,40.16,6.21
2026-03-02 19:31:06,24.91,86.22,1012.14,20.63,39.17,6.2
2026-03-02 19:41:06,24.69,87.49,1009.32,20.06,38.73,6.19
2026-03-02 19:51:06,24.08,87.23,1012.05,20.58,39.16,6.2
2026-03-02 20:01:06,24.48,87.1,1012.93,20.14,39.97,6.16
2026-03-02 20:11:06,24.46,87.23,1012.44,19.85,39.11,6.18
2026-03-02 20:21:06,23.98,87.95,1008.58,19.81,39.31,6.21
2026-03-02 20:31:06,24.34,87.56,1009.3,19.25,39.65,6.18
2026-03-02 20:41:06,24.1,87.26,1009.77,19.6,38.85,6.2
2026-03-02 20:51:06,23.79,87.41,1010.69,18.88,39.58,6.19
2026-03-02 21:01:06,23.46,87.35,1010.89,19.03,39.23,6.2
2026-03-02 21:11:06,22.86,87.47,1012.56,19.16,39.26,6.17
2026-03-02 21:21:06,23.36,87.23,1010.82,18.64,39.44,6.2
2026-03-02 21:31:06,22.98,88.28,1010.62,18.48,38.95,6.25
2026-03-02 21:41:06,22.64,87.97,1011.92,18.08,39.74,6.19
2026-03-02 21:51:06,22.93,88.91,1012.87,18.17,39.58,6.2
2026-03-02 22:01:06,23.05,89.5,1012.2,17.92,39.5,6.2
2026-03-02 22:11:06,22.7,87.78,1010.52,17.51,40.47,6.22
2026-03-02 22:21:06,22.45,89.34,1012.97,17.65,39.3,6.22
2026-03-02 22:31:06,22.59,88.66,1009.34,17.33,40.06,6.22
2026-03-02 22:41:06,22.23,88.37,1013.85,17.03,39.08,6.19
2026-03-02 22:51:06,22.13,88.76,1012.69,17.68,39.3,6.19
2026-03-02 23:01:06,22.25,88.83,1013.64,17.24,39.01,6.22
2026-03-02 23:11:06,21.73,89.24,1011.5,17.02,39.57,6.18
2026-03-02 23:21:06,21.82,89.29,1011.77,16.78,38.83,6.24
2026-03-02 23:31:06,21.85,89.22,1011.62,16.67,39.09,6.21
2026-03-02 23:41:06,21.94,89.83,1014.13,16.27,39.29,6.21
2026-03-02 23:51:06,22.27,89.56,1011.95,16.03,40.32,6.23
2026-03-03 00:01:06,21.41,90.0,1010.84,16.1,38.87,6.23
2026-03-03 00:11:06,21.38,90.0,1011.32,16.21,38.68,6.19
2026-03-03 00:21:06,21.66,89.46,1012.22,15.35,40.18,6.22
2026-03-03 00:31:06,21.22,89.88,1011.12,15.58,39.16,6.22
2026-03-03 00:41:06,21.0,89.1,1012.75,15.56,39.11,6.22
2026-03-03 00:51:06,21.43,90.0,1012.12,15.39,38.26,6.22
2026-03-03 01:01:06,21.0,90.0,1011.35,15.14,38.79,6.2
2026-03-03 01:11:06,21.0,90.0,1012.35,14.95,39.11,6.2
2026-03-03 01:21:06,21.0,89.39,1011.94,14.76,39.39,6.22
2026-03-03 01:31:06,21.0,90.0,1011.07,15.15,39.4,6.19
2026-03-03 01:41:06,21.45,89.73,1012.16,15.04,38.85,6.2
2026-03-03 01:51:06,21.0,90.0,1013.76,14.31,39.5,6.2
2026-03-03 02:01:06,21.0,89.79,1012.12,14.63,39.02,6.2
2026-03-03 02:11:06,21.0,90.0,1013.35,14.17,39.5,6.19
2026-03-03 02:21:06,21.0,89.02,1015.38,14.48,39.07,6.16
2026-03-03 02:31:06,21.0,90.0,1012.15,14.43,39.07,6.19
2026-03-03 02:41:06,21.36,90.0,1010.67,14.07,38.97,6.21
2026-03-03 02:51:06,21.16,89.53,1010.43,14.01,39.68,6.17
2026-03-03 03:01:06,21.17,90.0,1011.13,14.72,39.0,6.2
2026-03-03 03:11:06,21.0,90.0,1011.54,13.87,40.07,6.21
2026-03-03 03:21:06,21.04,89.99,1011.0,14.14,38.59,6.18
2026-03-03 03:31:06,21.67,90.0,1013.09,14.13,39.22,6.21
2026-03-03 03:41:06,21.3,89.75,1011.74,13.71,38.93,6.17
2026-03-03 03:51:06,21.5,90.0,1010.79,13.67,39.14,6.18
2026-03-03 04:01:06,21.02,89.88,1012.86,13.92,39.3,6.23
2026-03-03 04:11:06,21.77,90.0,1012.15,13.9,39.47,6.2
2026-03-03 04:21:06,21.66,89.61,1008.86,14.21,38.6,6.2
2026-03-03 04:31:06,22.09,89.17,1012.3,14.23,38.43,6.18
2026-03-03 04:41:06,22.06,89.37,1013.09,14.22,38.91,6.22
2026-03-03 04:51:06,22.44,89.35,1013.55,14.11,38.67,6.18
2026-03-03 05:01:06,21.5,89.28,1010.31,14.4,39.08,6.18
2026-03-03 05:11:06,22.72,89.11,1011.43,14.3,38.94,6.22
2026-03-03 05:21:06,22.57,89.04,1014.17,14.3,39.6,6.18
2026-03-03 05:31:06,22.9,88.82,1010.28,14.34,39.18,6.17
2026-03-03 05:41:06,22.54,89.03,1011.51,14.38,38.79,6.23
2026-03-03 05:51:06,21.92,88.72,1011.01,14.26,38.45,6.2
2026-03-03 06:01:06,22.86,88.57,1012.85,14.33,38.84,6.24
2026-03-03 06:11:06,22.87,88.45,1011.01,14.84,39.77,6.21
2026-03-03 06:21:06,22.81,88.79,1012.53,15.02,39.7,6.22
2026-03-03 06:31:06,22.41,88.71,1014.34,15.05,38.96,6.19
2026-03-03 06:41:06,23.23,87.7,1010.33,15.01,38.34,6.22
2026-03-03 06:51:06,23.56,87.47,1015.83,15.52,38.9,6.22
2026-03-03 07:01:06,23.34,88.29,1010.33,15.31,39.29,6.19
2026-03-03 07:11:06,24.47,87.7,1010.7,15.2,39.15,6.2
2026-03-03 07:21:06,23.75,87.6,1012.2,15.06,38.74,6.23
2026-03-03 07:31:06,24.13,87.56,1010.95,15.77,39.23,6.22
2026-03-03 07:41:06,24.21,86.85,1014.11,15.63,39.37,6.18
2026-03-03 07:51:06,24.27,87.46,1010.66,15.81,38.75,6.2
2026-03-03 08:01:06,24.97,85.99,1011.1,16.45,37.99,6.2
2026-03-03 08:11:06,24.83,86.63,1013.77,16.23,39.09,6.2
2026-03-03 08:21:06,24.82,86.89,1009.23,16.43,39.69,6.21
2026-03-03 08:31:06,24.46,86.42,1008.97,16.85,39.05,6.23
2026-03-03 08:41:06,24.58,86.6,1011.38,16.44,39.49,6.2
2026-03-03 08:51:06,25.09,86.11,1011.58,16.54,39.12,6.21
2026-03-03 09:01:06,25.41,86.68,1012.04,16.82,38.36,6.19
2026-03-03 09:11:06,25.08,86.76,1012.07,16.77,39.87,6.14
2026-03-03 09:21:06,25.28,85.88,1011.11,17.48,39.81,6.2
2026-03-03 09:31:06,25.64,85.73,1011.07,17.31,39.18,6.18
2026-03-03 09:41:06,26.3,86.13,1015.82,17.78,39.65,6.2
2026-03-03 09:51:06,25.68,85.97,1012.28,17.54,38.17,6.18
2026-03-03 10:01:06,26.37,86.12,1012.92,18.32,39.24,6.18
2026-03-03 10:11:06,26.64,84.65,1013.98,17.92,39.2,6.22
2026-03-03 10:21:06,26.32,85.69,1013.52,18.82,38.76,6.18
2026-03-03 10:31:06,26.86,84.71,1013.2,18.26,38.46,6.2
2026-03-03 10:41:06,26.72,85.2,1009.89,18.36,38.33,6.22
2026-03-03 10:51:06,27.12,84.33,1012.72,18.85,38.93,6.17
2026-03-03 11:01:06,26.49,85.84,1009.26,18.83,39.21,6.21
2026-03-03 11:11:06,27.21,86.39,1010.58,19.44,38.04,6.19
2026-03-03 11:21:06,27.12,85.05,1009.76,19.77,38.6,6.2
2026-03-03 11:31:06,27.54,85.39,1009.82,19.78,39.35,6.18
2026-03-03 11:41:06,27.46,85.41,1013.03,19.53,40.38,6.21
2026-03-03 11:51:06,28.0,84.29,1015.0,20.03,39.6,6.21
2026-03-03 12:01:06,27.63,85.15,1012.7,20.22,38.74,6.18
2026-03-03 12:11:06,26.95,85.1,1011.48,20.41,38.46,6.18
2026-03-03 12:21:06,27.34,84.78,1010.51,20.43,38.55,6.22
2026-03-03 12:31:06,27.77,84.74,1010.66,20.43,39.08,6.19
2026-03-03 12:41:06,27.48,84.0,1014.14,20.58,39.24,6.22
2026-03-03 12:51:06,27.56,84.0,1011.7,20.62,39.78,6.2
2026-03-03 13:01:06,27.8,84.56,1011.33,20.75,39.06,6.23
2026-03-03 13:11:06,27.63,84.1,1013.01,20.9,38.19,6.17
2026-03-03 13:21:06,27.12,84.02,1013.23,21.31,39.27,6.2
2026-03-03 13:31:06,28.0,84.09,1014.09,21.31,39.34,6.2
2026-03-03 13:41:06,28.0,84.0,1014.4,21.26,38.6,6.21
2026-03-03 13:51:06,28.0,84.0,1014.58,21.13,38.89,6.19
2026-03-03 14:01:06,28.0,84.0,1010.45,21.54,38.31,6.2
2026-03-03 14:11:06,27.58,84.01,1012.8,21.64,39.55,6.17
2026-03-03 14:21:06,28.0,84.0,1009.98,22.0,38.82,6.21
2026-03-03 14:31:06,27.89,84.34,1013.31,21.54,38.35,6.18
2026-03-03 14:41:06,28.0,84.0,1009.94,21.57,38.51,6.19
2026-03-03 14:51:06,28.0,85.01,1013.31,21.65,38.61,6.19
2026-03-03 15:01:06,28.0,84.0,1011.28,22.3,39.12,6.18
2026-03-03 15:11:06,27.76,84.0,1011.95,22.17,39.43,6.2
2026-03-03 15:21:06,28.0,84.0,1012.04,21.85,39.53,6.2
2026-03-03 15:31:06,27.29,84.0,1013.07,22.27,38.9,6.19
2026-03-03 15:41:06,27.12,84.39,1010.6,22.3,39.02,6.21
2026-03-03 15:51:06,27.68,84.01,1011.07,22.37,39.54,6.23
2026-03-03 16:01:06,27.56,84.92,1013.89,22.12,38.48,6.2
2026-03-03 16:11:06,27.08,84.35,1010.31,22.24,38.82,6.22
2026-03-03 16:21:06,27.35,85.74,1010.2,22.11,39.01,6.23
2026-03-03 16:31:06,27.3,84.05,1012.73,22.09,38.79,6.15
2026-03-03 16:41:06,27.09,84.0,1010.02,22.02,39.17,6.18
2026-03-03 16:51:06,27.35,84.49,1014.04,21.94,39.07,6.19
2026-03-03 17:01:06,26.21,84.53,1013.16,21.95,38.68,6.2
2026-03-03 17:11:06,26.8,84.47,1012.57,22.06,38.87,6.19
2026-03-03 17:21:06,26.8,85.52,1013.53,21.41,39.31,6.16
2026-03-03 17:31:06,26.68,84.84,1012.3,21.99,38.14,6.16
2026-03-03 17:41:06,26.5,85.44,1011.26,21.95,38.65,6.21
2026-03-03 17:51:06,26.39,85.62,1010.45,21.7,38.46,6.21
2026-03-03 18:01:06,26.25,85.89,1013.27,21.62,38.35,6.18
2026-03-03 18:11:06,25.86,85.37,1013.32,20.92,38.53,6.22
2026-03-03 18:21:06,25.68,86.06,1012.76,21.46,38.66,6.25
2026-03-03 18:31:06,25.74,86.01,1013.48,20.72,38.08,6.18
2026-03-03 18:41:06,25.6,86.5,1012.73,21.11,38.09,6.19
2026-03-03 18:51:06,25.8,87.28,1011.82,20.82,39.23,6.2
2026-03-03 19:01:06,25.23,85.59,1012.13,20.73,38.56,6.19
2026-03-03 19:11:06,25.53,86.73,1009.99,20.59,38.2,6.19
2026-03-03 19:21:06,24.41,86.66,1013.76,20.37,38.63,6.21
2026-03-03 19:31:06,24.59,86.02,1014.14,20.6,38.33,6.19
2026-03-03 19:41:06,24.33,86.03,1010.19,20.18,38.7,6.19
2026-03-03 19:51:06,24.93,86.7,1011.97,20.26,38.81,6.24
2026-03-03 20:01:06,24.34,86.03,1012.2,19.41,37.96,6.22
2026-03-03 20:11:06,24.94,86.88,1011.52,19.64,37.31,6.24
2026-03-03 20:21:06,24.28,87.44,1012.66,19.72,38.73,6.2
2026-03-03 20:31:06,24.45,86.31,1014.41,19.23,38.68,6.21
2026-03-03 20:41:06,24.01,87.58,1011.47,19.5,39.25,6.23
2026-03-03 20:51:06,23.94,87.04,1011.05,19.12,38.77,6.2
2026-03-03 21:01:06,23.57,87.47,1010.54,19.2,38.39,6.18
2026-03-03 21:11:06,22.98,88.07,1013.92,19.18,38.42,6.19
2026-03-03 21:21:06,23.42,88.55,1010.45,18.32,38.3,6.21
2026-03-03 21:31:06,23.02,87.37,1010.56,18.42,38.98,6.19
2026-03-03 21:41:06,23.17,88.33,1012.51,18.48,37.91,6.21
2026-03-03 21:51:06,22.84,88.3,1012.27,18.15,39.17,6.22
2026-03-03 22:01:06,22.55,88.83,1009.41,18.08,38.96,6.2
2026-03-03 22:11:06,22.51,88.32,1012.72,17.99,38.52,6.23
2026-03-03 22:21:06,22.24,88.14,1012.83,17.5,37.82,6.2
2026-03-03 22:31:06,22.3,87.85,1013.93,17.76,38.22,6.16
2026-03-03 22:41:06,22.74,89.49,1012.02,17.16,39.97,6.24
2026-03-03 22:51:06,22.1,90.0,1012.9,17.19,39.11,6.17
2026-03-03 23:01:06,21.69,89.32,1012.38,16.84,38.96,6.2
2026-03-03 23:11:06,22.38,89.45,1009.95,16.96,38.08,6.2
2026-03-03 23:21:06,21.97,89.83,1015.3,16.47,38.73,6.19
2026-03-03 23:31:06,21.6,88.69,1009.54,16.19,37.44,6.2
2026-03-03 23:41:06,21.19,89.41,1012.13,16.23,38.01,6.18
2026-03-03 23:51:06,21.18,89.26,1009.0,16.76,38.31,6.19
2026-03-04 00:01:06,21.55,89.28,1012.89,16.2,39.4,6.19
2026-03-04 00:11:06,21.27,89.3,1013.08,15.47,38.72,6.2
2026-03-04 00:21:06,21.48,89.68,1012.84,15.64,38.42,6.18
2026-03-04 00:31:06,21.0,90.0,1011.4,15.43,38.77,6.24
2026-03-04 00:41:06,21.0,90.0,1012.58,15.54,37.98,6.21
2026-03-04 00:51:06,21.16,89.81,1011.95,15.02,37.53,6.22
2026-03-04 01:01:06,21.0,90.0,1011.98,15.14,37.84,6.21
2026-03-04 01:11:06,21.1,90.0,1012.45,15.25,38.8,6.16
2026-03-04 01:21:06,21.0,89.65,1013.18,14.86,38.43,6.18
2026-03-04 01:31:06,21.0,90.0,1009.53,14.99,38.5,6.2
2026-03-04 01:41:06,21.0,89.84,1010.55,15.01,37.61,6.19
2026-03-04 01:51:06,21.09,89.19,1013.8,14.31,38.22,6.19
2026-03-04 02:01:06,21.22,88.84,1012.93,14.51,39.22,6.19
2026-03-04 02:11:06,21.11,90.0,1012.19,14.53,38.41,6.21
2026-03-04 02:21:06,21.0,88.86,1009.23,14.28,38.89,6.22
2026-03-04 02:31:06,21.0,89.97,1013.34,14.31,37.99,6.2
2026-03-04 02:41:06,21.12,89.84,1013.12,13.88,38.92,6.19
2026-03-04 02:51:06,21.0,90.0,1012.61,14.4,37.94,6.2
2026-03-04 03:01:06,21.22,89.71,1012.36,13.84,38.31,6.2
2026-03-04 03:11:06,21.31,90.0,1010.3,14.24,38.83,6.22
2026-03-04 03:21:06,21.15,89.3,1011.52,13.92,38.1,6.21
2026-03-04 03:31:06,21.33,89.55,1012.2,13.92,39.06,6.18
2026-03-04 03:41:06,21.0,89.83,1008.95,14.11,37.98,6.21
2026-03-04 03:51:06,21.37,89.76,1013.13,13.71,38.46,6.21
2026-03-04 04:01:06,21.31,89.53,1011.73,14.36,38.06,6.19
2026-03-04 04:11:06,21.09,89.9,1012.15,13.72,37.82,6.2
2026-03-04 04:21:06,21.93,90.0,1012.36,14.05,38.14,6.22
2026-03-04 04:31:06,21.98,89.13,1012.72,13.72,38.89,6.22
2026-03-04 04:41:06,21.93,89.43,1010.11,13.95,38.36,6.21
2026-03-04 04:51:06,22.11,89.33,1012.89,13.91,39.61,6.18
2026-03-04 05:01:06,22.11,88.14,1013.85,13.83,37.59,6.22
2026-03-04 05:11:06,22.32,88.91,1012.13,14.4,38.4,6.21
2026-03-04 05:21:06,22.35,89.31,1010.46,14.53,38.46,6.2
2026-03-04 05:31:06,22.3,88.34,1013.22,14.53,37.4,6.21
2026-03-04 05:41:06,22.81,89.02,1012.55,14.53,38.19,6.18
2026-03-04 05:51:06,22.91,88.34,1012.15,14.31,38.43,6.19
2026-03-04 06:01:06,22.41,89.32,1011.04,14.52,38.06,6.21
2026-03-04 06:11:06,22.44,88.14,1011.34,14.39,38.39,6.17
2026-03-04 06:21:06,22.95,87.42,1011.98,14.66,38.92,6.21
2026-03-04 06:31:06,23.2,87.53,1013.19,14.98,38.72,6.18
2026-03-04 06:41:06,23.32,88.08,1013.34,14.91,38.43,6.22
2026-03-04 06:51:06,23.77,88.17,1009.9,14.7,37.36,6.19
2026-03-04 07:01:06,23.82,88.4,1012.62,15.11,39.04,6.21
2026-03-04 07:11:06,23.54,87.26,1009.61,15.34,37.89,6.22
2026-03-04 07:21:06,24.42,87.64,1013.23,15.97,38.56,6.21
2026-03-04 07:31:06,24.21,87.85,1009.72,15.61,37.81,6.19
2026-03-04 07:41:06,23.96,87.19,1011.27,16.04,38.09,6.23
2026-03-04 07:51:06,23.96,87.03,1014.51,16.24,38.29,6.19
2026-03-04 08:01:06,24.38,86.73,1010.17,15.58,38.23,6.18
2026-03-04 08:11:06,24.71,85.76,1011.48,16.19,37.99,6.2
2026-03-04 08:21:06,24.55,86.51,1011.06,16.38,37.27,6.2
2026-03-04 08:31:06,25.55,87.35,1012.44,16.13,38.11,6.21
2026-03-04 08:41:06,25.38,87.36,1011.91,16.69,38.91,6.23
2026-03-04 08:51:06,25.03,86.23,1014.04,17.01,37.83,6.19
2026-03-04 09:01:06,25.11,86.4,1010.88,16.91,38.52,6.18
2026-03-04 09:11:06,25.65,86.47,1011.77,17.34,38.9,6.18
2026-03-04 09:21:06,25.7,85.26,1009.89,17.22,37.61,6.21
2026-03-04 09:31:06,25.86,85.13,1012.16,17.26,39.19,6.18
2026-03-04 09:41:06,26.51,85.89,1014.78,17.72,38.93,6.2
2026-03-04 09:51:06,26.03,84.76,1010.71,17.85,39.05,6.18
2026-03-04 10:01:06,26.05,84.24,1011.59,17.53,38.12,6.2
2026-03-04 10:11:06,26.76,84.78,1009.16,18.13,38.7,6.17
2026-03-04 10:21:06,26.87,86.19,1011.57,18.52,38.86,6.21
2026-03-04 10:31:06,26.79,85.76,1010.75,18.51,38.86,6.23
2026-03-04 10:41:06,26.87,84.47,1012.55,18.52,38.13,6.21
2026-03-04 10:51:06,26.46,84.8,1011.7,19.11,38.17,6.21
2026-03-04 11:01:06,26.85,85.16,1013.66,19.0,38.41,6.19
2026-03-04 11:11:06,27.09,85.26,1013.88,19.19,38.49,6.19
2026-03-04 11:21:06,26.65,85.49,1013.63,19.4,38.26,6.19
2026-03-04 11:31:06,26.84,85.12,1012.13,19.4,37.67,6.22
2026-03-04 11:41:06,27.6,84.89,1014.9,19.82,38.45,6.19
2026-03-04 11:51:06,27.43,84.27,1011.66,19.76,37.81,6.22
2026-03-04 12:01:06,28.0,84.16,1013.34,20.16,38.19,6.19
2026-03-04 12:11:06,27.05,84.0,1012.65,19.85,38.96,6.2
2026-03-04 12:21:06,27.33,84.57,1010.52,20.26,37.23,6.23
2026-03-04 12:31:06,28.0,84.0,1009.32,20.49,38.7,6.17
2026-03-04 12:41:06,27.37,84.08,1015.11,20.6,38.04,6.18
2026-03-04 12:51:06,27.92,84.25,1009.58,20.53,38.86,6.18
2026-03-04 13:01:06,27.59,84.04,1015.02,20.83,37.58,6.21
2026-03-04 13:11:06,27.78,84.0,1013.07,20.96,37.89,6.18
2026-03-04 13:21:06,28.0,84.0,1011.57,20.87,37.7,6.18
2026-03-04 13:31:06,28.0,84.0,1011.72,21.26,37.92,6.21
2026-03-04 13:41:06,27.66,84.0,1012.45,21.04,37.69,6.21
2026-03-04 13:51:06,27.93,84.11,1013.81,21.18,37.5,6.24
2026-03-04 14:01:06,28.0,84.04,1010.23,21.45,38.05,6.2
2026-03-04 14:11:06,27.65,84.75,1011.63,21.67,37.83,6.2
2026-03-04 14:21:06,28.0,84.63,1011.97,21.65,38.67,6.19
2026-03-04 14:31:06,28.0,84.11,1010.07,22.0,37.71,6.23
2026-03-04 14:41:06,28.0,84.26,1011.0,21.75,37.82,6.23
2026-03-04 14:51:06,28.0,84.41,1012.25,21.64,37.41,6.16
2026-03-04 15:01:06,28.0,84.0,1012.29,21.77,37.62,6.14
2026-03-04 15:11:06,28.0,84.58,1012.96,21.85,37.99,6.17
2026-03-04 15:21:06,27.73,84.16,1014.67,21.74,37.79,6.21
2026-03-04 15:31:06,27.46,84.0,1013.45,21.89,37.73,6.2
2026-03-04 15:41:06,27.89,84.83,1013.16,21.94,37.83,6.17
2026-03-04 15:51:06,27.64,84.08,1010.95,21.96,38.4,6.19
2026-03-04 16:01:06,27.45,84.34,1010.46,22.11,37.99,6.16
2026-03-04 16:11:06,27.26,85.32,1016.57,22.2,38.1,6.22
2026-03-04 16:21:06,27.92,85.22,1012.16,21.79,38.26,6.19
2026-03-04 16:31:06,27.26,84.94,1012.35,22.07,38.51,6.19
2026-03-04 16:41:06,27.19,84.45,1013.83,21.44,39.49,6.19
2026-03-04 16:51:06,26.98,84.65,1015.69,21.84,38.22,6.18
2026-03-04 17:01:06,26.33,85.26,1011.09,21.8,37.67,6.21
2026-03-04 17:11:06,26.8,84.89,1012.19,21.67,38.51,6.19
2026-03-04 17:21:06,27.04,85.59,1010.3,21.76,37.87,6.19
2026-03-04 17:31:06,26.47,85.31,1009.53,21.54,38.28,6.19
2026-03-04 17:41:06,26.72,85.12,1011.26,21.4,37.38,6.22
2026-03-04 17:51:06,26.18,85.02,1010.63,21.39,37.64,6.19
2026-03-04 18:01:06,26.49,85.92,1013.28,21.72,39.18,6.23
2026-03-04 18:11:06,26.33,86.68,1008.45,21.33,37.73,6.23
2026-03-04 18:21:06,25.97,85.21,1014.5,21.16,37.82,6.2
2026-03-04 18:31:06,26.24,85.71,1014.14,20.91,37.75,6.2
2026-03-04 18:41:06,25.45,86.6,1013.6,21.08,38.68,6.24
2026-03-04 18:51:06,25.99,85.71,1014.92,20.98,38.4,6.17
2026-03-04 19:01:06,25.23,86.04,1011.53,20.78,37.38,6.24
2026-03-04 19:11:06,25.44,86.46,1012.79,21.05,38.37,6.19
2026-03-04 19:21:06,24.76,87.53,1010.98,20.8,38.9,6.18
2026-03-04 19:31:06,25.16,87.05,1012.47,20.29,37.93,6.15
2026-03-04 19:41:06,24.77,86.53,1008.96,20.35,37.42,6.21
2026-03-04 19:51:06,24.48,85.97,1011.04,19.99,37.6,6.22
2026-03-04 20:01:06,24.57,86.44,1011.95,20.34,38.73,6.21
2026-03-04 20:11:06,24.16,87.33,1012.32,19.99,38.13,6.22
2026-03-04 20:21:06,24.6,86.98,1010.65,20.44,38.57,6.18
2026-03-04 20:31:06,24.54,86.61,1014.55,19.75,38.18,6.25
2026-03-04 20:41:06,23.84,87.88,1010.42,19.44,37.83,6.2
2026-03-04 20:51:06,23.45,87.73,1011.34,18.95,38.54,6.16
2026-03-04 21:01:06,23.73,87.63,1012.83,18.85,37.96,6.2
2026-03-04 21:11:06,23.64,88.25,1012.49,18.8,37.9,6.15
2026-03-04 21:21:06,23.42,88.17,1012.19,18.47,38.07,6.17
2026-03-04 21:31:06,23.09,88.92,1011.03,18.69,37.74,6.18
2026-03-04 21:41:06,22.64,87.96,1008.0,18.12,38.19,6.24
2026-03-04 21:51:06,22.49,89.54,1012.03,18.15,38.52,6.21
2026-03-04 22:01:06,22.68,88.32,1011.33,17.62,37.88,6.19
2026-03-04 22:11:06,22.24,89.22,1012.84,17.71,37.44,6.22
2026-03-04 22:21:06,22.91,87.81,1009.05,17.88,37.97,6.18
2026-03-04 22:31:06,22.59,89.41,1011.21,17.05,38.84,6.2
2026-03-04 22:41:06,21.83,87.72,1016.77,17.66,38.15,6.19
2026-03-04 22:51:06,22.8,88.53,1011.77,17.14,38.39,6.23
2026-03-04 23:01:06,22.14,89.51,1013.58,17.07,37.39,6.18
2026-03-04 23:11:06,21.49,89.34,1013.41,17.17,37.59,6.21
2026-03-04 23:21:06,21.73,88.23,1012.35,16.34,37.07,6.2
2026-03-04 23:31:06,22.16,90.0,1014.22,16.36,38.04,6.19
2026-03-04 23:41:06,21.61,89.5,1013.76,16.25,37.73,6.25
2026-03-04 23:51:06,21.0,89.79,1008.87,16.5,38.98,6.23
2026-03-05 00:01:06,21.29,89.41,1013.31,16.12,37.08,6.19
2026-03-05 00:11:06,21.0,89.59,1013.13,15.85,38.71,6.19
2026-03-05 00:21:06,21.08,89.57,1012.36,15.76,38.1,6.18
2026-03-05 00:31:06,21.0,89.67,1009.58,15.58,38.21,6.22
2026-03-05 00:41:06,21.0,89.34,1007.05,15.42,37.94,6.21
2026-03-05 00:51:06,21.0,88.75,1015.41,15.04,37.16,6.21
2026-03-05 01:01:06,21.0,90.0,1011.59,15.0,38.05,6.18
2026-03-05 01:11:06,21.29,89.53,1011.66,14.82,38.13,6.19
2026-03-05 01:21:06,21.82,90.0,1011.82,14.74,38.23,6.18
2026-03-05 01:31:06,21.3,89.72,1013.59,14.79,38.34,6.23
2026-03-05 01:41:06,21.0,89.93,1014.32,14.56,37.51,6.22
2026-03-05 01:51:06,21.0,90.0,1011.57,14.5,37.65,6.23
2026-03-05 02:01:06,21.05,90.0,1012.43,14.31,37.62,6.21
2026-03-05 02:11:06,21.0,90.0,1013.06,14.2,38.2,6.19
2026-03-05 02:21:06,21.16,89.26,1012.52,14.79,36.77,6.18
2026-03-05 02:31:06,21.28,90.0,1011.37,14.25,38.12,6.21
2026-03-05 02:41:06,21.0,88.77,1011.68,14.29,38.55,6.18
2026-03-05 02:51:06,21.0,89.91,1012.24,14.21,37.75,6.18
2026-03-05 03:01:06,21.0,89.79,1012.34,14.08,37.81,6.17
2026-03-05 03:11:06,21.51,89.42,1012.32,14.26,36.92,6.19
2026-03-05 03:21:06,21.26,90.0,1011.53,14.16,37.36,6.18
2026-03-05 03:31:06,21.0,89.69,1011.09,13.94,38.24,6.16
2026-03-05 03:41:06,21.39,90.0,1007.42,13.81,38.24,6.19
2026-03-05 03:51:06,21.97,89.81,1011.58,13.77,37.7,6.19
2026-03-05 04:01:06,21.55,89.35,1011.62,14.39,37.3,6.18
2026-03-05 04:11:06,21.83,89.19,1012.53,14.23,37.8,6.2
2026-03-05 04:21:06,21.0,88.97,1012.82,13.95,37.89,6.2
2026-03-05 04:31:06,21.88,90.0,1012.82,13.85,38.09,6.18
2026-03-05 04:41:06,21.39,89.33,1009.95,14.22,38.32,6.18
2026-03-05 04:51:06,21.76,89.27,1011.23,14.26,37.26,6.19
2026-03-05 05:01:06,22.17,88.57,1012.73,14.22,37.68,6.22
2026-03-05 05:11:06,22.45,88.37,1008.85,14.17,38.01,6.2
2026-03-05 05:21:06,22.33,88.42,1011.3,14.69,37.54,6.17
2026-03-05 05:31:06,22.29,88.1,1012.25,14.02,38.07,6.22
2026-03-05 05:41:06,22.39,88.08,1010.35,14.68,38.54,6.22
2026-03-05 05:51:06,22.88,88.82,1014.03,14.4,38.26,6.19
2026-03-05 06:01:06,22.24,88.69,1010.13,14.54,37.94,6.21
2026-03-05 06:11:06,22.81,88.63,1010.02,14.77,37.55,6.2
2026-03-05 06:21:06,23.15,88.49,1011.16,15.01,38.41,6.2
2026-03-05 06:31:06,23.62,88.11,1014.56,14.72,37.1,6.17
2026-03-05 06:41:06,23.27,87.84,1013.26,15.09,38.21,6.18
2026-03-05 06:51:06,24.19,87.95,1012.46,14.92,38.22,6.21
2026-03-05 07:01:06,23.66,88.16,1010.42,15.22,38.15,6.23
2026-03-05 07:11:06,23.39,87.87,1012.84,15.21,38.08,6.21
2026-03-05 07:21:06,23.81,86.41,1011.85,15.22,37.19,6.22
2026-03-05 07:31:06,23.51,87.64,1009.97,16.02,37.75,6.19
2026-03-05 07:41:06,24.05,87.62,1011.01,15.85,38.6,6.23
2026-03-05 07:51:06,24.44,87.41,1011.44,15.68,37.35,6.2
2026-03-05 08:01:06,24.57,87.08,1013.31,15.97,37.9,6.18
2026-03-05 08:11:06,24.74,86.92,1009.79,16.19,37.83,6.22
2026-03-05 08:21:06,24.67,86.5,1012.51,16.53,37.1,6.18
2026-03-05 08:31:06,25.02,86.4,1011.38,16.14,37.59,6.23
2026-03-05 08:41:06,24.7,86.57,1010.1,16.74,37.35,6.2
2026-03-05 08:51:06,25.32,85.97,1009.71,17.07,38.69,6.17
2026-03-05 09:01:06,25.71,86.38,1011.06,16.84,37.79,6.18
2026-03-05 09:11:06,25.5,86.21,1012.78,17.32,37.76,6.15
2026-03-05 09:21:06,25.76,86.46,1010.99,17.67,36.69,6.19
2026-03-05 09:31:06,25.78,86.54,1006.78,17.53,37.4,6.19
2026-03-05 09:41:06,26.32,85.78,1011.17,17.92,37.41,6.19
2026-03-05 09:51:06,26.16,85.89,1013.09,18.13,37.67,6.2
2026-03-05 10:01:06,26.86,85.43,1011.89,17.75,37.77,6.18
2026-03-05 10:11:06,26.94,84.56,1011.95,18.25,38.23,6.21
2026-03-05 10:21:06,26.55,85.37,1008.26,18.59,37.82,6.22
2026-03-05 10:31:06,27.07,85.05,1014.99,18.86,37.58,6.2
2026-03-05 10:41:06,26.16,85.42,1009.82,18.92,36.9,6.2
2026-03-05 10:51:06,26.82,84.79,1015.22,18.38,37.2,6.23
2026-03-05 11:01:06,27.06,85.09,1011.37,19.08,37.72,6.23
2026-03-05 11:11:06,26.95,84.6,1011.91,19.18,37.04,6.19
2026-03-05 11:21:06,27.18,85.2,1010.33,19.54,37.04,6.18
2026-03-05 11:31:06,27.38,84.69,1011.4,19.6,37.58,6.18
2026-03-05 11:41:06,27.51,84.86,1010.74,19.68,37.43,6.2
2026-03-05 11:51:06,27.54,84.88,1011.58,19.95,37.05,6.2
2026-03-05 12:01:06,27.51,84.76,1010.07,19.79,37.46,6.17
2026-03-05 12:11:06,27.88,84.24,1011.49,20.23,37.7,6.22
2026-03-05 12:21:06,27.18,84.22,1012.44,20.51,37.84,6.2
2026-03-05 12:31:06,27.39,85.26,1011.07,20.62,37.97,6.22
2026-03-05 12:41:06,28.0,84.32,1012.13,20.68,37.87,6.2
2026-03-05 12:51:06,27.82,84.07,1014.01,20.6,37.73,6.24
2026-03-05 13:01:06,27.88,84.0,1013.78,20.79,37.82,6.22
2026-03-05 13:11:06,27.94,84.11,1009.83,21.0,37.93,6.21
2026-03-05 13:21:06,27.8,84.49,1010.72,21.36,37.29,6.19
2026-03-05 13:31:06,28.0,84.19,1012.94,21.24,37.47,6.21
2026-03-05 13:41:06,28.0,84.11,1009.66,20.99,36.65,6.22
2026-03-05 13:51:06,27.46,84.0,1013.51,21.37,37.77,6.21
2026-03-05 14:01:06,27.88,84.0,1011.59,21.31,37.55,6.2
2026-03-05 14:11:06,28.0,84.31,1013.24,21.53,37.16,6.21
2026-03-05 14:21:06,27.63,84.27,1010.93,21.64,37.48,6.24
2026-03-05 14:31:06,27.79,84.1,1011.76,21.89,37.47,6.2
2026-03-05 14:41:06,28.0,84.96,1012.07,21.69,37.19,6.2
2026-03-05 14:51:06,28.0,84.6,1008.94,21.8,37.4,6.18
2026-03-05 15:01:06,28.0,84.0,1011.03,21.95,37.64,6.2
2026-03-05 15:11:06,27.76,84.04,1010.6,22.28,37.96,6.22
2026-03-05 15:21:06,27.45,84.0,1012.23,21.8,37.9,6.21
2026-03-05 15:31:06,27.52,84.32,1013.77,21.89,36.95,6.21
2026-03-05 15:41:06,27.78,84.18,1013.04,21.94,36.39,6.22
2026-03-05 15:51:06,27.6,84.46,1011.42,22.18,36.87,6.22
2026-03-05 16:01:06,26.78,84.77,1012.51,22.01,37.43,6.21
2026-03-05 16:11:06,27.21,84.27,1012.82,21.89,37.92,6.2
2026-03-05 16:21:06,27.36,84.49,1014.64,21.76,36.51,6.22
2026-03-05 16:31:06,27.61,85.67,1011.93,22.01,37.11,6.22
2026-03-05 16:41:06,27.77,84.76,1012.43,22.03,37.15,6.24
2026-03-05 16:51:06,26.96,84.85,1013.12,21.85,37.58,6.16
2026-03-05 17:01:06,27.2,85.32,1012.48,21.91,37.23,6.23
2026-03-05 17:11:06,27.08,85.59,1014.52,21.46,38.01,6.24
2026-03-05 17:21:06,26.96,85.45,1010.77,21.77,37.28,6.21
2026-03-05 17:31:06,26.66,85.09,1011.89,21.16,37.69,6.22
2026-03-05 17:41:06,27.0,85.77,1012.4,21.38,36.96,6.2
2026-03-05 17:51:06,26.01,86.15,1012.71,21.76,37.05,6.2
2026-03-05 18:01:06,26.4,86.53,1012.29,21.39,37.57,6.21
2026-03-05 18:11:06,26.48,85.14,1011.44,20.91,37.32,6.21
2026-03-05 18:21:06,26.46,85.69,1011.4,20.88,37.29,6.15
2026-03-05 18:31:06,26.27,85.65,1011.52,21.19,38.12,6.17
2026-03-05 18:41:06,25.53,85.59,1013.04,21.05,37.57,6.18
2026-03-05 18:51:06,25.27,86.17,1011.33,21.01,37.71,6.2
2026-03-05 19:01:06,25.54,86.48,1014.48,20.94,38.28,6.18
2026-03-05 19:11:06,25.86,86.53,1011.84,21.07,36.44,6.19
2026-03-05 19:21:06,25.17,87.14,1013.35,20.63,38.32,6.22
2026-03-05 19:31:06,25.21,87.06,1010.64,20.35,37.85,6.19
2026-03-05 19:41:06,24.94,86.82,1012.36,20.59,36.9,6.19
2026-03-05 19:51:06,24.84,86.59,1012.13,20.07,37.41,6.17
2026-03-05 20:01:06,24.9,87.67,1011.17,19.83,36.91,6.22
2026-03-05 20:11:06,24.4,87.34,1013.55,19.93,36.83,6.17
2026-03-05 20:21:06,24.05,87.9,1014.2,19.81,37.25,6.18
2026-03-05 20:31:06,24.0,87.51,1012.08,19.71,38.21,6.22
2026-03-05 20:41:06,23.82,87.52,1012.69,19.05,37.52,6.19
2026-03-05 20:51:06,23.56,87.38,1014.69,19.17,37.38,6.19
2026-03-05 21:01:06,23.63,88.34,1012.55,18.89,37.42,6.18
2026-03-05 21:11:06,23.19,88.07,1013.65,18.74,37.25,6.21
2026-03-05 21:21:06,23.64,89.25,1011.14,18.43,37.15,6.22
2026-03-05 21:31:06,23.38,87.96,1011.71,18.75,36.13,6.19
2026-03-05 21:41:06,22.62,87.8,1015.0,18.72,37.59,6.19
2026-03-05 21:51:06,22.82,88.68,1009.77,18.09,36.43,6.23
2026-03-05 22:01:06,22.83,88.69,1013.5,18.23,36.11,6.2
2026-03-05 22:11:06,22.47,88.61,1011.07,17.7,36.95,6.21
2026-03-05 22:21:06,22.83,89.45,1010.79,17.61,36.77,6.21
2026-03-05 22:31:06,22.63,89.41,1010.42,17.71,37.02,6.19
2026-03-05 22:41:06,22.27,89.01,1010.76,17.42,37.59,6.21
2026-03-05 22:51:06,21.89,88.56,1013.17,17.19,36.4,6.19
2026-03-05 23:01:06,21.78,88.69,1010.39,16.94,36.23,6.22
2026-03-05 23:11:06,22.33,88.57,1013.64,16.54,37.4,6.21
2026-03-05 23:21:06,21.89,89.03,1009.89,16.48,36.64,6.2
2026-03-05 23:31:06,21.5,89.59,1009.5,16.64,37.68,6.18
2026-03-05 23:41:06,21.34,89.29,1011.43,16.28,36.98,6.2
2026-03-05 23:51:06,21.82,88.63,1013.01,15.83,37.09,6.23
2026-03-06 00:01:06,21.2,89.56,1010.71,15.97,36.77,6.24
2026-03-06 00:11:06,21.29,90.0,1013.1,16.11,36.33,6.21
2026-03-06 00:21:06,21.19,89.94,1012.98,15.76,36.88,6.18
2026-03-06 00:31:06,21.21,89.92,1011.73,15.76,36.87,6.21
2026-03-06 00:41:06,21.28,89.84,1011.07,15.04,37.63,6.17
2026-03-06 00:51:06,21.0,89.86,1014.6,15.49,36.11,6.19
2026-03-06 01:01:06,21.72,90.0,1012.2,15.16,37.56,6.21
2026-03-06 01:11:06,21.45,90.0,1012.04,15.03,37.83,6.2
2026-03-06 01:21:06,21.26,89.54,1013.3,14.81,38.15,6.21
2026-03-06 01:31:06,21.57,90.0,1010.11,14.64,36.94,6.19
2026-03-06 01:41:06,21.0,90.0,1012.3,14.86,36.59,6.21
2026-03-06 01:51:06,21.23,90.0,1011.97,14.7,37.36,6.16
2026-03-06 02:01:06,21.0,89.64,1013.6,14.63,38.28,6.22
2026-03-06 02:11:06,21.03,90.0,1011.87,14.3,36.54,6.18
2026-03-06 02:21:06,21.29,89.7,1009.76,14.38,37.73,6.22
2026-03-06 02:31:06,21.17,90.0,1011.22,14.4,36.18,6.21
2026-03-06 02:41:06,21.0,89.81,1011.12,14.16,36.72,6.18
2026-03-06 02:51:06,21.0,90.0,1011.55,14.38,37.19,6.2
2026-03-06 03:01:06,21.01,89.25,1011.91,13.87,37.22,6.18
2026-03-06 03:11:06,21.61,90.0,1012.67,14.23,37.39,6.22
2026-03-06 03:21:06,21.35,88.88,1012.52,14.01,37.47,6.15
2026-03-06 03:31:06,21.11,89.96,1011.18,14.01,37.0,6.2
2026-03-06 03:41:06,21.77,90.0,1010.25,13.89,37.99,6.17
2026-03-06 03:51:06,21.22,89.11,1012.0,14.2,37.46,6.21
2026-03-06 04:01:06,22.29,89.32,1009.93,14.08,37.14,6.21
2026-03-06 04:11:06,21.13,88.56,1012.1,14.02,36.38,6.25
2026-03-06 04:21:06,21.83,90.0,1007.73,14.32,36.05,6.2
2026-03-06 04:31:06,21.91,88.84,1013.07,14.29,37.56,6.22
2026-03-06 04:41:06,21.71,89.83,1011.04,13.81,37.41,6.2
2026-03-06 04:51:06,22.28,89.88,1011.68,13.98,37.62,6.21
2026-03-06 05:01:06,22.41,89.16,1010.93,14.25,36.41,6.16
2026-03-06 05:11:06,22.87,88.96,1010.92,14.01,37.32,6.22
2026-03-06 05:21:06,22.94,88.76,1009.16,14.42,35.99,6.2
2026-03-06 05:31:06,22.37,89.08,1014.48,14.45,36.98,6.19
2026-03-06 05:41:06,22.69,88.8,1011.89,14.13,35.95,6.25
2026-03-06 05:51:06,22.6,88.49,1011.87,14.45,36.89,6.21
2026-03-06 06:01:06,22.18,88.66,1010.0,14.68,36.65,6.18
2026-03-06 06:11:06,22.81,88.9,1012.5,14.83,37.8,6.22
2026-03-06 06:21:06,22.91,88.01,1010.94,14.89,37.44,6.17
2026-03-06 06:31:06,23.2,88.07,1013.0,15.06,37.2,6.19
2026-03-06 06:41:06,23.49,88.43,1012.34,15.06,36.91,6.17
2026-03-06 06:51:06,22.99,88.27,1012.55,14.73,37.46,6.2
2026-03-06 07:01:06,23.12,86.98,1011.75,15.16,37.67,6.2
2026-03-06 07:11:06,24.01,87.18,1011.26,15.31,37.47,6.21
2026-03-06 07:21:06,23.23,87.93,1010.36,15.11,36.38,6.19
2026-03-06 07:31:06,23.45,87.41,1012.68,15.66,37.15,6.18
2026-03-06 07:41:06,23.36,87.88,1011.16,15.9,37.37,6.2
2026-03-06 07:51:06,24.38,86.59,1011.65,16.03,36.49,6.18
2026-03-06 08:01:06,24.1,87.57,1010.79,16.09,36.32,6.19
2026-03-06 08:11:06,25.14,86.83,1013.03,15.87,35.59,6.19
2026-03-06 08:21:06,24.99,86.91,1011.98,16.46,37.31,6.21
2026-03-06 08:31:06,24.43,86.81,1014.63,16.22,37.06,6.22
2026-03-06 08:41:06,24.64,86.35,1014.1,16.78,37.26,6.21
2026-03-06 08:51:06,25.23,86.06,1013.78,17.1,36.13,6.2
2026-03-06 09:01:06,25.69,86.25,1010.93,17.0,36.01,6.24
2026-03-06 09:11:06,25.38,85.35,1011.35,17.61,36.69,6.22
2026-03-06 09:21:06,25.73,85.61,1013.44,17.64,37.16,6.21
2026-03-06 09:31:06,25.93,85.53,1011.44,17.39,38.26,6.21
2026-03-06 09:41:06,26.05,84.81,1014.18,17.72,36.73,6.21
2026-03-06 09:51:06,25.99,85.78,1010.87,17.92,36.52,6.22
2026-03-06 10:01:06,26.39,85.75,1012.68,18.24,36.71,6.21
2026-03-06 10:11:06,26.49,85.86,1011.53,18.31,37.73,6.23
2026-03-06 10:21:06,26.71,85.21,1010.69,18.33,36.96,6.22
2026-03-06 10:31:06,26.46,85.04,1010.03,18.45,36.75,6.22
2026-03-06 10:41:06,26.19,84.64,1013.34,18.89,36.63,6.17
2026-03-06 10:51:06,26.76,84.8,1014.21,18.65,37.42,6.21
2026-03-06 11:01:06,27.41,85.53,1012.26,18.8,37.17,6.2
2026-03-06 11:11:06,26.71,84.37,1013.09,18.84,36.62,6.22
2026-03-06 11:21:06,27.32,84.41,1012.38,19.4,36.49,6.21
2026-03-06 11:31:06,26.9,84.85,1013.02,19.51,36.74,6.18
2026-03-06 11:41:06,27.78,85.3,1011.86,19.59,36.19,6.19
2026-03-06 11:51:06,27.22,84.0,1011.85,19.81,37.09,6.21
2026-03-06 12:01:06,27.32,84.19,1014.02,20.46,37.67,6.22
2026-03-06 12:11:06,27.52,85.25,1013.14,20.31,37.41,6.2
2026-03-06 12:21:06,27.21,84.17,1013.73,20.25,36.94,6.17
2026-03-06 12:31:06,28.0,84.0,1010.93,20.17,37.09,6.23
2026-03-06 12:41:06,28.0,84.0,1012.77,20.73,36.65,6.17
2026-03-06 12:51:06,27.73,84.89,1011.73,20.59,36.9,6.18
2026-03-06 13:01:06,28.0,84.27,1011.54,20.98,37.36,6.2
2026-03-06 13:11:06,28.0,84.25,1013.35,20.84,37.59,6.17
2026-03-06 13:21:06,27.56,84.0,1014.09,21.03,36.83,6.19
2026-03-06 13:31:06,28.0,84.0,1010.21,21.26,36.12,6.21
2026-03-06 13:41:06,28.0,84.0,1014.2,21.0,36.44,6.18
2026-03-06 13:51:06,27.57,84.0,1013.13,21.23,36.45,6.2
2026-03-06 14:01:06,28.0,84.0,1011.63,21.49,36.88,6.21
2026-03-06 14:11:06,27.63,84.02,1012.49,21.68,36.59,6.21
2026-03-06 14:21:06,27.86,84.0,1010.13,21.63,37.07,6.21
2026-03-06 14:31:06,28.0,84.32,1013.61,21.32,36.75,6.2
2026-03-06 14:41:06,27.75,84.21,1009.84,21.4,36.3,6.23
2026-03-06 14:51:06,28.0,84.0,1009.68,21.79,37.46,6.2
2026-03-06 15:01:06,27.99,84.59,1013.74,21.97,36.98,6.2
2026-03-06 15:11:06,28.0,84.0,1010.97,22.04,37.22,6.21
2026-03-06 15:21:06,27.76,84.0,1013.33,21.74,36.76,6.22
2026-03-06 15:31:06,28.0,84.0,1009.37,21.59,37.29,6.2
2026-03-06 15:41:06,28.0,84.53,1012.55,21.98,36.62,6.2
2026-03-06 15:51:06,27.09,84.0,1011.67,21.86,37.49,6.19
2026-03-06 16:01:06,27.67,84.63,1010.65,21.71,36.55,6.2
2026-03-06 16:11:06,27.51,85.47,1011.56,21.92,35.7,6.19
2026-03-06 16:21:06,27.11,84.0,1012.45,22.13,37.18,6.22
2026-03-06 16:31:06,27.63,84.86,1011.23,22.08,36.93,6.2
2026-03-06 16:41:06,26.9,84.13,1013.14,21.88,36.48,6.22
2026-03-06 16:51:06,27.21,85.5,1013.94,21.67,36.8,6.21
2026-03-06 17:01:06,26.58,85.48,1011.22,21.62,36.29,6.2
2026-03-06 17:11:06,27.2,84.78,1014.02,22.15,37.39,6.19
2026-03-06 17:21:06,26.78,86.11,1008.87,21.62,36.46,6.2
2026-03-06 17:31:06,26.96,85.24,1012.33,21.46,36.43,6.22
2026-03-06 17:41:06,26.52,85.63,1010.78,21.62,36.17,6.19
2026-03-06 17:51:06,26.46,85.92,1012.62,21.75,36.37,6.24
2026-03-06 18:01:06,25.99,85.67,1014.63,21.71,35.68,6.18
2026-03-06 18:11:06,26.3,85.52,1014.56,21.11,37.91,6.22
2026-03-06 18:21:06,26.59,84.77,1009.92,21.57,35.77,6.23
2026-03-06 18:31:06,26.1,86.64,1012.23,21.64,36.77,6.23
2026-03-06 18:41:06,25.56,86.98,1011.25,20.98,36.72,6.23
2026-03-06 18:51:06,26.12,85.47,1012.71,21.06,36.88,6.17
2026-03-06 19:01:06,25.47,86.91,1011.38,20.77,36.26,6.2
2026-03-06 19:11:06,25.1,86.41,1010.28,20.81,37.48,6.21
2026-03-06 19:21:06,25.29,85.97,1008.9,20.72,36.82,6.22
2026-03-06 19:31:06,24.63,85.82,1013.47,20.25,36.4,6.18
2026-03-06 19:41:06,25.25,86.88,1012.26,20.03,36.41,6.23
2026-03-06 19:51:06,24.35,86.31,1013.7,20.54,36.54,6.22
2026-03-06 20:01:06,24.58,86.84,1011.79,19.97,36.15,6.19
2026-03-06 20:11:06,24.54,87.38,1013.92,19.62,36.24,6.21
2026-03-06 20:21:06,24.0,87.67,1012.9,19.47,37.28,6.18
2026-03-06 20:31:06,23.84,87.18,1011.07,19.5,36.96,6.21
2026-03-06 20:41:06,23.64,87.93,1011.59,19.38,36.83,6.21
2026-03-06 20:51:06,24.12,87.81,1011.15,19.04,37.68,6.2
2026-03-06 21:01:06,23.82,86.65,1011.97,18.49,35.68,6.22
2026-03-06 21:11:06,23.32,87.99,1011.79,19.13,37.14,6.19
2026-03-06 21:21:06,23.31,88.49,1012.73,18.39,35.5,6.19
2026-03-06 21:31:06,23.05,87.84,1012.19,18.61,35.92,6.21
2026-03-06 21:41:06,22.87,88.53,1009.81,18.57,36.07,6.2
2026-03-06 21:51:06,22.57,89.7,1011.04,18.44,36.21,6.17
2026-03-06 22:01:06,22.55,88.14,1011.63,18.02,36.49,6.21
2026-03-06 22:11:06,22.94,88.9,1012.49,17.95,35.84,6.2
2026-03-06 22:21:06,22.3,89.69,1012.67,17.43,36.24,6.22
2026-03-06 22:31:06,22.22,88.44,1012.17,17.69,36.67,6.2
2026-03-06 22:41:06,22.48,88.83,1012.25,17.37,36.96,6.2
2026-03-06 22:51:06,22.42,89.35,1012.5,16.78,37.22,6.2
2026-03-06 23:01:06,22.17,88.83,1011.5,16.82,35.18,6.21
2026-03-06 23:11:06,22.28,88.83,1011.21,16.41,36.98,6.19
2026-03-06 23:21:06,21.81,89.84,1011.88,16.92,36.99,6.2
2026-03-06 23:31:06,22.28,89.08,1010.95,16.52,36.18,6.19
2026-03-06 23:41:06,22.23,89.25,1013.14,16.53,36.55,6.21
2026-03-06 23:51:06,21.47,89.59,1012.36,16.09,36.69,6.2
2026-03-07 00:01:06,21.72,89.91,1011.63,15.83,37.39,6.2
2026-03-07 00:11:06,21.07,89.76,1010.28,16.02,35.48,6.2
2026-03-07 00:21:06,21.02,89.54,1010.96,15.85,35.7,6.24
2026-03-07 00:31:06,21.63,90.0,1008.85,15.59,36.91,6.22
2026-03-07 00:41:06,21.26,90.0,1011.62,15.53,36.03,6.21
2026-03-07 00:51:06,21.27,88.53,1013.49,15.37,35.8,6.18
2026-03-07 01:01:06,21.48,90.0,1015.69,15.14,35.76,6.17
2026-03-07 01:11:06,21.4,90.0,1009.79,15.04,36.11,6.23
2026-03-07 01:21:06,21.28,89.38,1011.37,14.9,36.42,6.19
2026-03-07 01:31:06,21.16,89.65,1010.1,14.52,37.12,6.19
2026-03-07 01:41:06,21.0,90.0,1013.85,14.56,36.37,6.2
2026-03-07 01:51:06,21.0,90.0,1012.21,15.08,35.79,6.2
2026-03-07 02:01:06,21.3,90.0,1012.04,14.64,36.01,6.24
2026-03-07 02:11:06,21.41,89.28,1012.2,14.52,35.68,6.18
2026-03-07 02:21:06,21.17,90.0,1011.95,14.6,36.4,6.2
2026-03-07 02:31:06,21.39,90.0,1012.9,14.58,36.49,6.2
2026-03-07 02:41:06,21.18,89.62,1011.43,13.76,36.14,6.19
2026-03-07 02:51:06,21.43,89.84,1013.51,14.02,36.29,6.21
2026-03-07 03:01:06,21.0,89.89,1011.26,14.17,36.26,6.25
2026-03-07 03:11:06,21.63,89.22,1010.62,14.15,36.94,6.19
2026-03-07 03:21:06,21.0,89.01,1013.56,14.02,36.64,6.19
2026-03-07 03:31:06,21.0,89.77,1012.26,14.22,36.55,6.2
2026-03-07 03:41:06,21.0,90.0,1010.37,13.88,37.68,6.19
2026-03-07 03:51:06,21.54,89.78,1013.64,14.26,36.15,6.26
2026-03-07 04:01:06,21.29,89.7,1011.37,14.09,36.41,6.19
2026-03-07 04:11:06,21.56,89.05,1011.12,14.0,36.15,6.21
2026-03-07 04:21:06,21.65,89.67,1010.91,13.79,35.93,6.24
2026-03-07 04:31:06,21.57,89.84,1012.45,14.13,35.62,6.2
2026-03-07 04:41:06,21.49,89.43,1011.67,14.25,35.75,6.21
2026-03-07 04:51:06,22.11,88.83,1015.08,13.88,36.46,6.21
2026-03-07 05:01:06,22.92,89.41,1011.99,14.21,36.3,6.2
2026-03-07 05:11:06,21.93,88.38,1010.83,14.09,35.66,6.24
2026-03-07 05:21:06,22.22,88.42,1013.99,14.55,36.19,6.19
2026-03-07 05:31:06,22.75,88.45,1010.98,14.41,36.24,6.22
2026-03-07 05:41:06,22.14,88.18,1013.57,14.47,36.24,6.2
2026-03-07 05:51:06,21.77,88.83,1011.98,14.33,36.91,6.21
2026-03-07 06:01:06,23.15,88.45,1009.66,14.61,35.74,6.23
2026-03-07 06:11:06,22.71,88.19,1012.37,14.88,36.01,6.23
2026-03-07 06:21:06,22.38,88.11,1012.59,14.9,35.85,6.19
2026-03-07 06:31:06,23.58,87.37,1012.07,14.95,35.52,6.21
2026-03-07 06:41:06,23.91,88.55,1010.98,14.99,37.06,6.17
2026-03-07 06:51:06,23.09,88.15,1010.5,15.11,36.38,6.2
2026-03-07 07:01:06,23.88,88.5,1010.47,15.32,35.69,6.17
2026-03-07 07:11:06,24.01,88.15,1012.98,15.04,35.81,6.2
2026-03-07 07:21:06,23.29,87.91,1012.74,15.38,36.24,6.21
2026-03-07 07:31:06,24.21,87.33,1014.89,15.85,36.49,6.18
2026-03-07 07:41:06,24.15,86.56,1014.17,15.87,36.25,6.21
2026-03-07 07:51:06,24.58,87.32,1013.24,15.86,36.24,6.2
2026-03-07 08:01:06,24.48,86.6,1010.53,16.2,36.86,6.22
2026-03-07 08:11:06,24.59,86.04,1012.71,16.36,36.45,6.19
2026-03-07 08:21:06,25.04,86.97,1012.77,16.01,36.5,6.19
2026-03-07 08:31:06,24.6,84.84,1014.89,16.6,36.54,6.17
2026-03-07 08:41:06,24.71,86.76,1013.56,16.95,35.56,6.18
2026-03-07 08:51:06,24.89,86.25,1013.85,16.78,36.12,6.19
2026-03-07 09:01:06,25.19,86.08,1012.29,17.18,35.59,6.19
2026-03-07 09:11:06,26.18,85.92,1013.4,17.16,35.68,6.22
2026-03-07 09:21:06,26.02,85.14,1011.86,17.48,36.27,6.2
2026-03-07 09:31:06,25.41,85.7,1013.94,17.48,36.21,6.19
2026-03-07 09:41:06,25.9,85.5,1012.23,17.49,36.48,6.2
2026-03-07 09:51:06,26.62,85.12,1011.74,17.79,36.01,6.18
2026-03-07 10:01:06,26.36,85.28,1010.15,17.82,35.95,6.27
2026-03-07 10:11:06,26.55,84.72,1012.91,18.1,36.4,6.19
2026-03-07 10:21:06,26.14,84.97,1010.25,18.71,36.35,6.22
2026-03-07 10:31:06,26.65,84.59,1011.15,18.97,36.08,6.2
2026-03-07 10:41:06,26.28,85.67,1011.69,19.21,36.13,6.16
2026-03-07 10:51:06,26.76,85.61,1014.6,18.91,35.99,6.2
2026-03-07 11:01:06,26.85,85.04,1013.33,19.01,36.84,6.21
2026-03-07 11:11:06,26.83,84.82,1012.21,19.26,36.39,6.22
2026-03-07 11:21:06,27.08,84.95,1011.96,19.59,35.57,6.21
2026-03-07 11:31:06,26.99,84.94,1014.3,19.46,35.88,6.22
2026-03-07 11:41:06,27.61,84.45,1012.74,19.57,36.41,6.23
2026-03-07 11:51:06,27.35,85.63,1013.54,19.96,36.18,6.2
2026-03-07 12:01:06,27.7,84.29,1014.43,19.77,36.05,6.25
2026-03-07 12:11:06,27.76,84.0,1012.69,20.22,35.18,6.22
2026-03-07 12:21:06,27.46,85.2,1011.4,20.74,36.4,6.22
2026-03-07 12:31:06,28.0,84.01,1008.58,20.7,35.67,6.19
2026-03-07 12:41:06,27.61,84.0,1010.57,20.75,36.58,6.2
2026-03-07 12:51:06,27.56,84.0,1013.0,20.68,36.68,6.19
2026-03-07 13:01:06,27.69,84.16,1011.01,20.75,36.91,6.21
2026-03-07 13:11:06,28.0,84.09,1015.16,20.85,36.45,6.2
2026-03-07 13:21:06,27.8,84.25,1011.2,21.43,36.76,6.18
2026-03-07 13:31:06,28.0,84.58,1011.73,20.94,36.23,6.17
2026-03-07 13:41:06,28.0,84.0,1011.9,21.2,36.35,6.23
2026-03-07 13:51:06,28.0,84.28,1012.9,21.35,34.88,6.18
2026-03-07 14:01:06,28.0,84.0,1010.85,21.55,36.2,6.26
2026-03-07 14:11:06,28.0,84.0,1012.54,21.56,36.47,6.21
2026-03-07 14:21:06,27.42,84.0,1012.18,22.04,36.21,6.21
2026-03-07 14:31:06,27.84,84.03,1013.71,21.44,36.5,6.18
2026-03-07 14:41:06,28.0,84.26,1009.96,21.62,35.91,6.19
2026-03-07 14:51:06,27.75,84.0,1014.99,21.71,36.14,6.2
2026-03-07 15:01:06,27.73,84.29,1011.69,21.77,36.22,6.23
2026-03-07 15:11:06,27.7,84.4,1012.15,22.08,35.37,6.2
2026-03-07 15:21:06,27.63,84.06,1013.2,21.77,36.01,6.22
2026-03-07 15:31:06,27.84,84.0,1010.28,21.82,36.22,6.19
2026-03-07 15:41:06,27.44,84.0,1011.84,21.87,36.2,6.2
2026-03-07 15:51:06,27.36,84.0,1014.59,21.51,36.39,6.21
2026-03-07 16:01:06,27.93,84.42,1016.31,21.8,35.59,6.23
2026-03-07 16:11:06,27.07,85.86,1013.01,22.02,36.69,6.19
2026-03-07 16:21:06,26.83,84.3,1009.46,21.72,35.06,6.21
2026-03-07 16:31:06,27.1,84.0,1011.46,21.75,35.74,6.14
2026-03-07 16:41:06,27.25,85.13,1011.77,21.98,36.46,6.2
2026-03-07 16:51:06,26.94,84.0,1009.46,22.15,34.83,6.2
2026-03-07 17:01:06,27.25,85.49,1013.44,21.77,36.37,6.22
2026-03-07 17:11:06,27.09,85.3,1011.27,21.56,35.15,6.23
2026-03-07 17:21:06,26.72,84.79,1009.38,21.55,36.34,6.18
2026-03-07 17:31:06,26.43,85.17,1012.39,21.67,36.48,6.19
2026-03-07 17:41:06,26.25,85.58,1012.65,21.47,36.53,6.22
2026-03-07 17:51:06,26.01,85.23,1011.04,21.82,35.06,6.18
2026-03-07 18:01:06,26.42,85.66,1012.76,21.62,35.58,6.23
2026-03-07 18:11:06,26.61,85.35,1011.07,21.52,35.0,6.2
2026-03-07 18:21:06,25.6,85.06,1010.89,21.18,35.85,6.2
2026-03-07 18:31:06,26.09,85.79,1013.2,20.81,36.43,6.18
2026-03-07 18:41:06,25.21,85.78,1009.02,20.84,35.12,6.19
2026-03-07 18:51:06,25.53,86.58,1008.63,21.12,36.43,6.21
2026-03-07 19:01:06,24.82,85.69,1012.87,20.97,36.26,6.2
2026-03-07 19:11:06,25.23,85.69,1009.97,20.49,35.74,6.21
2026-03-07 19:21:06,25.04,86.67,1013.03,20.89,35.46,6.18
2026-03-07 19:31:06,24.94,86.97,1014.6,20.19,35.15,6.18
2026-03-07 19:41:06,24.69,86.63,1012.06,20.22,36.54,6.2
2026-03-07 19:51:06,24.88,87.44,1010.01,20.28,36.0,6.2
2026-03-07 20:01:06,24.67,86.31,1008.79,19.89,35.92,6.21
2026-03-07 20:11:06,24.53,86.4,1010.87,19.83,35.89,6.2
2026-03-07 20:21:06,23.84,86.69,1010.98,19.64,35.86,6.21
2026-03-07 20:31:06,23.48,87.4,1014.82,19.71,35.89,6.17
2026-03-07 20:41:06,24.05,87.39,1013.21,19.38,35.46,6.2
2026-03-07 20:51:06,23.57,87.44,1011.56,19.3,35.13,6.19
2026-03-07 21:01:06,23.81,87.59,1013.0,19.41,36.26,6.19
2026-03-07 21:11:06,23.86,88.53,1012.62,18.74,35.19,6.21
2026-03-07 21:21:06,23.12,88.77,1010.94,19.04,36.19,6.2
2026-03-07 21:31:06,23.27,88.52,1011.1,18.85,36.01,6.21
2026-03-07 21:41:06,23.19,89.49,1011.49,18.53,35.56,6.22
2026-03-07 21:51:06,22.87,89.2,1014.85,17.9,35.78,6.18
2026-03-07 22:01:06,22.73,88.11,1010.66,17.82,36.09,6.18
2026-03-07 22:11:06,22.79,88.98,1012.14,18.16,35.82,6.18
2026-03-07 22:21:06,22.55,88.53,1013.42,17.75,36.29,6.21
2026-03-07 22:31:06,22.29,89.32,1011.61,17.33,36.12,6.21
2026-03-07 22:41:06,22.21,89.65,1011.59,17.31,35.63,6.19
2026-03-07 22:51:06,22.08,89.18,1012.27,16.92,35.06,6.18
2026-03-07 23:01:06,21.88,89.82,1012.33,17.13,35.33,6.22
2026-03-07 23:11:06,21.47,88.66,1011.98,16.6,36.86,6.19
2026-03-07 23:21:06,21.95,88.03,1010.41,16.41,35.79,6.19
2026-03-07 23:31:06,22.03,89.18,1009.89,16.21,35.39,6.2
2026-03-07 23:41:06,21.86,89.51,1011.09,16.24,36.16,6.19
2026-03-07 23:51:06,21.72,89.35,1011.61,15.85,34.59,6.23
2026-03-08 00:01:06,21.65,89.79,1013.75,16.02,35.73,6.22
2026-03-08 00:11:06,21.24,89.36,1010.98,16.08,35.85,6.19
2026-03-08 00:21:06,21.21,90.0,1013.1,15.5,35.72,6.2
2026-03-08 00:31:06,21.31,89.61,1012.14,15.61,36.42,6.21
2026-03-08 00:41:06,21.33,89.18,1011.15,15.22,36.04,6.21
2026-03-08 00:51:06,21.07,90.0,1014.34,15.66,35.95,6.2
2026-03-08 01:01:06,21.29,90.0,1011.71,15.1,35.92,6.22
2026-03-08 01:11:06,21.01,90.0,1009.06,14.94,35.12,6.19
2026-03-08 01:21:06,21.0,89.62,1013.54,14.69,35.85,6.2
2026-03-08 01:31:06,21.13,89.77,1011.84,14.95,34.72,6.27
2026-03-08 01:41:06,21.32,89.41,1011.81,14.81,35.07,6.18
2026-03-08 01:51:06,21.38,90.0,1011.62,14.67,35.38,6.2
2026-03-08 02:01:06,21.0,90.0,1011.92,14.6,36.02,6.21
2026-03-08 02:11:06,21.0,89.88,1016.02,14.47,35.2,6.18
2026-03-08 02:21:06,21.06,90.0,1014.48,14.37,35.47,6.2
2026-03-08 02:31:06,21.0,90.0,1013.58,14.42,35.97,6.17
2026-03-08 02:41:06,21.0,89.09,1010.84,14.36,34.96,6.18
2026-03-08 02:51:06,21.17,89.5,1012.25,14.28,35.32,6.22
2026-03-08 03:01:06,21.13,88.98,1011.77,14.55,35.65,6.2
2026-03-08 03:11:06,21.0,90.0,1010.94,14.28,37.11,6.2
2026-03-08 03:21:06,21.23,88.91,1013.87,13.98,35.98,6.18
2026-03-08 03:31:06,21.44,88.67,1012.3,14.03,36.23,6.18
2026-03-08 03:41:06,21.0,89.84,1013.07,13.82,35.07,6.21
2026-03-08 03:51:06,21.56,90.0,1013.44,13.78,35.78,6.2
2026-03-08 04:01:06,21.59,89.98,1013.6,13.94,34.81,6.19
2026-03-08 04:11:06,22.07,89.7,1010.66,14.21,36.16,6.15
2026-03-08 04:21:06,21.34,89.04,1009.89,13.82,36.03,6.2
2026-03-08 04:31:06,21.2,89.29,1011.13,13.74,35.16,6.19
2026-03-08 04:41:06,21.6,88.81,1009.07,14.02,35.09,6.18
2026-03-08 04:51:06,22.07,89.22,1011.99,13.86,35.52,6.18
2026-03-08 05:01:06,21.49,89.65,1012.08,13.99,35.08,6.21
2026-03-08 05:11:06,21.99,89.14,1013.03,14.24,35.52,6.23
2026-03-08 05:21:06,22.18,89.22,1012.08,14.58,35.34,6.17
2026-03-08 05:31:06,22.21,88.63,1012.05,14.09,34.78,6.19
2026-03-08 05:41:06,22.59,88.64,1012.17,14.54,34.81,6.2
2026-03-08 05:51:06,22.44,88.13,1013.22,14.18,36.22,6.19
2026-03-08 06:01:06,23.19,88.99,1008.74,14.72,34.92,6.21
2026-03-08 06:11:06,23.38,87.71,1012.75,14.67,35.71,6.2
2026-03-08 06:21:06,22.83,87.93,1010.89,14.56,36.67,6.17
2026-03-08 06:31:06,23.41,87.72,1013.53,14.59,35.17,6.18
2026-03-08 06:41:06,23.54,88.07,1009.5,14.73,34.93,6.2
2026-03-08 06:51:06,23.16,87.0,1011.22,14.88,35.62,6.19
2026-03-08 07:01:06,23.82,89.05,1009.4,15.49,35.79,6.2
2026-03-08 07:11:06,23.57,88.34,1013.41,15.37,34.96,6.18
2026-03-08 07:21:06,23.88,87.88,1010.47,15.33,35.12,6.21
2026-03-08 07:31:06,24.01,87.64,1009.68,15.48,35.1,6.22
2026-03-08 07:41:06,24.49,87.3,1011.94,15.66,35.0,6.2
2026-03-08 07:51:06,24.14,87.52,1012.67,15.64,35.91,6.2
2026-03-08 08:01:06,24.38,86.38,1012.74,16.01,34.57,6.16
2026-03-08 08:11:06,24.83,87.38,1009.9,16.26,36.06,6.2
2026-03-08 08:21:06,25.07,87.06,1013.3,16.44,35.93,6.21
2026-03-08 08:31:06,25.26,86.97,1009.48,16.54,35.61,6.19
2026-03-08 08:41:06,24.99,86.53,1012.92,16.83,35.34,6.22
2026-03-08 08:51:06,24.89,86.58,1009.99,17.02,35.77,6.2
2026-03-08 09:01:06,25.3,86.81,1010.19,17.37,35.81,6.19
2026-03-08 09:11:06,25.39,86.18,1013.74,17.14,35.25,6.19
2026-03-08 09:21:06,25.76,85.43,1012.74,17.68,35.56,6.21
2026-03-08 09:31:06,26.09,86.25,1014.41,17.68,35.88,6.21
2026-03-08 09:41:06,25.97,86.61,1009.6,17.22,35.98,6.2
2026-03-08 09:51:06,26.3,85.69,1011.91,17.72,35.72,6.19
2026-03-08 10:01:06,26.01,85.78,1010.81,18.07,35.29,6.22
2026-03-08 10:11:06,26.54,84.63,1013.54,18.12,35.51,6.22
2026-03-08 10:21:06,26.41,85.71,1011.72,18.55,35.26,6.18
2026-03-08 10:31:06,27.39,85.33,1010.93,18.63,34.77,6.24
2026-03-08 10:41:06,26.96,84.82,1014.39,18.4,35.5,6.21
2026-03-08 10:51:06,27.12,85.88,1014.81,18.95,35.53,6.19
2026-03-08 11:01:06,27.14,85.72,1013.02,18.89,35.63,6.2
2026-03-08 11:11:06,27.19,84.8,1012.77,19.58,35.31,6.23
2026-03-08 11:21:06,27.34,85.02,1012.55,19.35,34.91,6.17
2026-03-08 11:31:06,27.68,85.1,1009.95,19.3,35.65,6.22
2026-03-08 11:41:06,26.93,84.84,1013.06,19.95,35.85,6.23
2026-03-08 11:51:06,27.7,84.0,1013.16,19.96,35.48,6.2
2026-03-08 12:01:06,27.28,84.91,1013.79,19.94,35.72,6.18
2026-03-08 12:11:06,27.38,84.57,1011.74,20.13,34.97,6.21
2026-03-08 12:21:06,27.85,84.44,1011.61,20.49,35.41,6.19
2026-03-08 12:31:06,27.95,84.28,1010.48,20.17,35.73,6.23
2026-03-08 12:41:06,27.88,84.49,1012.52,20.26,35.13,6.21
2026-03-08 12:51:06,28.0,85.61,1013.92,20.96,35.46,6.21
2026-03-08 13:01:06,27.89,84.0,1012.82,20.91,36.42,6.2
2026-03-08 13:11:06,28.0,84.0,1011.37,21.06,36.08,6.21
2026-03-08 13:21:06,27.85,84.22,1012.71,20.75,35.17,6.19
2026-03-08 13:31:06,27.96,84.01,1010.68,20.63,35.16,6.19
2026-03-08 13:41:06,27.72,84.0,1010.0,21.15,34.85,6.21
2026-03-08 13:51:06,27.81,84.71,1011.27,21.52,36.17,6.18
2026-03-08 14:01:06,28.0,84.89,1014.07,21.61,35.24,6.19
2026-03-08 14:11:06,27.81,84.1,1012.3,21.77,34.81,6.22
2026-03-08 14:21:06,27.87,84.2,1011.76,22.14,35.37,6.19
2026-03-08 14:31:06,28.0,85.41,1013.83,21.78,35.25,6.2
2026-03-08 14:41:06,27.92,85.43,1013.03,21.77,35.81,6.21
2026-03-08 14:51:06,27.98,84.14,1012.07,21.9,35.08,6.18
2026-03-08 15:01:06,27.87,84.38,1013.05,21.72,35.56,6.2
2026-03-08 15:11:06,27.67,84.15,1011.45,21.87,34.3,6.21
2026-03-08 15:21:06,27.93,84.37,1013.91,21.73,35.22,6.22
2026-03-08 15:31:06,28.0,84.0,1012.5,21.78,35.75,6.21
2026-03-08 15:41:06,27.37,84.3,1012.6,21.71,34.48,6.2
2026-03-08 15:51:06,27.35,84.0,1012.45,22.12,34.63,6.19
2026-03-08 16:01:06,27.79,84.93,1011.86,22.34,34.46,6.2
2026-03-08 16:11:06,27.95,84.73,1013.64,21.99,35.35,6.21
2026-03-08 16:21:06,27.35,85.32,1010.2,21.52,34.91,6.19
2026-03-08 16:31:06,27.21,84.66,1012.68,21.95,35.13,6.19
2026-03-08 16:41:06,27.46,84.92,1011.93,21.77,34.88,6.19
2026-03-08 16:51:06,26.83,85.46,1009.19,21.77,35.45,6.17
2026-03-08 17:01:06,27.13,84.64,1013.34,22.06,34.77,6.21
2026-03-08 17:11:06,26.41,85.11,1011.58,21.94,34.43,6.18
2026-03-08 17:21:06,26.82,85.03,1012.06,21.95,34.79,6.17
2026-03-08 17:31:06,26.54,85.06,1011.76,21.66,35.19,6.19
2026-03-08 17:41:06,26.33,85.19,1011.22,21.38,35.31,6.21
2026-03-08 17:51:06,26.0,84.71,1010.05,21.41,35.71,6.17
2026-03-08 18:01:06,26.32,85.56,1011.19,21.27,35.06,6.19
2026-03-08 18:11:06,26.35,85.89,1008.95,21.48,35.03,6.17
2026-03-08 18:21:06,25.7,85.24,1011.98,21.24,35.94,6.22
2026-03-08 18:31:06,25.74,86.03,1011.87,20.86,34.95,6.2
2026-03-08 18:41:06,26.04,86.5,1011.43,21.11,35.27,6.2
2026-03-08 18:51:06,26.15,85.54,1013.52,20.65,35.01,6.18
2026-03-08 19:01:06,25.41,86.61,1011.77,20.98,35.22,6.17
2026-03-08 19:11:06,25.54,86.66,1013.34,20.75,34.99,6.21
2026-03-08 19:21:06,25.2,86.45,1012.09,20.75,36.34,6.16
2026-03-08 19:31:06,24.96,87.53,1012.95,20.43,34.41,6.23
2026-03-08 19:41:06,24.73,86.56,1013.13,20.26,35.5,6.22
2026-03-08 19:51:06,25.14,86.98,1013.58,20.28,35.04,6.19
2026-03-08 20:01:06,24.48,87.2,1011.56,19.99,35.78,6.23
2026-03-08 20:11:06,24.52,86.96,1011.87,20.01,35.51,6.19
2026-03-08 20:21:06,24.29,87.02,1011.32,19.72,35.8,6.19
2026-03-08 20:31:06,23.9,87.21,1009.45,19.59,34.92,6.19
2026-03-08 20:41:06,23.58,87.08,1010.02,19.24,34.85,6.22
2026-03-08 20:51:06,23.79,87.21,1010.78,19.53,34.44,6.17
2026-03-08 21:01:06,23.59,87.49,1013.8,19.14,33.86,6.17
2026-03-08 21:11:06,23.18,88.09,1014.28,18.94,35.29,6.19
2026-03-08 21:21:06,22.97,88.06,1012.14,18.12,34.87,6.23
2026-03-08 21:31:06,23.35,88.56,1010.7,18.38,35.15,6.16
2026-03-08 21:41:06,23.06,88.82,1012.83,18.22,35.16,6.21
2026-03-08 21:51:06,22.87,87.47,1013.35,18.22,35.16,6.19
2026-03-08 22:01:06,23.07,88.54,1011.14,17.96,34.94,6.18
2026-03-08 22:11:06,22.9,88.7,1013.11,18.01,34.79,6.18
2026-03-08 22:21:06,22.93,88.55,1012.99,17.6,35.28,6.23
2026-03-08 22:31:06,22.23,89.26,1011.36,17.29,35.12,6.22
2026-03-08 22:41:06,21.99,89.56,1013.21,16.94,34.71,6.21
2026-03-08 22:51:06,21.87,89.59,1010.48,17.18,34.34,6.18
2026-03-08 23:01:06,22.43,89.24,1012.06,17.02,34.93,6.18
2026-03-08 23:11:06,21.81,89.49,1013.14,16.8,34.99,6.22
2026-03-08 23:21:06,21.91,88.82,1010.92,16.8,34.57,6.19
2026-03-08 23:31:06,21.54,88.98,1013.22,16.15,35.43,6.22
2026-03-08 23:41:06,21.92,89.44,1009.85,16.57,34.76,6.2
2026-03-08 23:51:06,21.05,89.79,1014.3,16.33,39.67,6.19
2026-03-09 00:01:06,21.42,89.84,1010.39,16.26,40.26,6.17
2026-03-09 00:11:06,21.57,89.62,1014.23,15.89,40.05,6.22
2026-03-09 00:21:06,21.49,89.96,1011.72,15.54,39.97,6.2
2026-03-09 00:31:06,21.17,90.0,1011.75,15.55,39.96,6.2
2026-03-09 00:41:06,21.53,90.0,1011.89,15.59,39.97,6.2
2026-03-09 00:51:06,21.0,89.84,1010.92,15.3,38.42,6.2
2026-03-09 01:01:06,21.48,90.0,1015.49,15.05,39.51,6.21
2026-03-09 01:11:06,21.0,89.79,1010.73,14.97,39.87,6.2
2026-03-09 01:21:06,21.1,89.65,1010.66,14.88,39.08,6.2
2026-03-09 01:31:06,21.0,89.45,1014.84,14.76,39.85,6.22
2026-03-09 01:41:06,21.0,90.0,1014.49,14.49,40.04,6.21
2026-03-09 01:51:06,21.18,90.0,1010.11,14.75,39.86,6.2
2026-03-09 02:01:06,21.0,89.87,1012.87,14.52,39.86,6.19
2026-03-09 02:11:06,21.06,90.0,1012.11,14.09,39.63,6.17
2026-03-09 02:21:06,21.23,90.0,1010.61,14.69,39.15,6.22
2026-03-09 02:31:06,21.44,90.0,1013.08,14.55,39.95,6.19
2026-03-09 02:41:06,21.0,90.0,1009.1,14.17,40.23,6.17
2026-03-09 02:51:06,21.0,90.0,1012.64,14.31,40.17,6.23
2026-03-09 03:01:06,21.0,90.0,1015.22,14.08,39.55,6.2
2026-03-09 03:11:06,21.0,90.0,1012.36,14.0,39.18,6.18
2026-03-09 03:21:06,21.0,90.0,1013.35,14.05,40.39,6.18
2026-03-09 03:31:06,21.28,89.99,1011.8,14.24,39.3,6.19
2026-03-09 03:41:06,21.01,89.52,1012.11,14.07,40.19,6.19
2026-03-09 03:51:06,21.06,89.47,1011.98,14.22,40.37,6.22
2026-03-09 04:01:06,21.63,89.75,1012.63,14.07,39.79,6.2
2026-03-09 04:11:06,21.0,89.66,1014.68,13.92,40.03,6.19
2026-03-09 04:21:06,21.85,89.1,1010.9,13.86,39.01,6.19
2026-03-09 04:31:06,21.66,88.86,1008.65,13.89,40.27,6.2
2026-03-09 04:41:06,21.66,90.0,1011.78,14.12,40.35,6.22
2026-03-09 04:51:06,22.11,89.04,1012.01,13.86,40.05,6.2
2026-03-09 05:01:06,22.19,89.52,1011.61,14.55,40.55,6.23
2026-03-09 05:11:06,22.19,88.76,1009.32,14.32,39.14,6.21
2026-03-09 05:21:06,22.43,89.24,1010.9,13.93,39.78,6.2
2026-03-09 05:31:06,23.09,88.81,1011.89,14.22,40.2,6.21
2026-03-09 05:41:06,22.61,88.64,1010.94,14.31,39.58,6.2
2026-03-09 05:51:06,22.77,87.65,1014.36,14.78,39.37,6.18
2026-03-09 06:01:06,23.51,88.35,1011.41,14.45,39.4,6.18
2026-03-09 06:11:06,22.85,88.51,1011.44,14.44,40.05,6.18
2026-03-09 06:21:06,23.63,87.65,1012.97,14.75,40.0,6.17
2026-03-09 06:31:06,22.71,88.63,1011.59,14.95,39.85,6.21
2026-03-09 06:41:06,23.68,87.5,1011.17,14.82,39.6,6.21
2026-03-09 06:51:06,23.47,87.16,1011.64,14.97,40.26,6.19
2026-03-09 07:01:06,23.74,87.64,1014.18,15.04,39.68,6.2
2026-03-09 07:11:06,23.86,87.49,1014.0,15.37,39.09,6.24
2026-03-09 07:21:06,23.57,87.13,1013.36,15.15,40.6,6.2
2026-03-09 07:31:06,24.74,86.85,1010.46,15.8,39.81,6.21
2026-03-09 07:41:06,24.59,87.57,1012.8,15.9,39.21,6.18
2026-03-09 07:51:06,24.17,86.32,1012.21,15.73,39.49,6.21
2026-03-09 08:01:06,24.57,87.49,1012.68,16.27,39.03,6.22
2026-03-09 08:11:06,24.77,87.32,1012.1,15.99,40.22,6.17
2026-03-09 08:21:06,25.9,86.56,1013.51,16.98,40.44,6.19
2026-03-09 08:31:06,25.5,86.18,1013.53,16.37,39.88,6.17
2026-03-09 08:41:06,25.41,86.82,1011.22,16.75,40.8,6.2
2026-03-09 08:51:06,25.04,86.74,1012.54,17.02,40.29,6.22
2026-03-09 09:01:06,25.03,86.8,1011.54,16.94,40.02,6.2
2026-03-09 09:11:06,25.53,86.22,1010.5,17.23,39.53,6.17
2026-03-09 09:21:06,25.45,85.36,1012.79,17.61,39.53,6.19
2026-03-09 09:31:06,25.86,85.83,1013.05,17.01,39.65,6.2
2026-03-09 09:41:06,26.03,85.35,1011.01,17.36,39.41,6.2
2026-03-09 09:51:06,25.85,85.97,1012.27,18.14,40.34,6.2
2026-03-09 10:01:06,26.52,84.75,1011.04,17.9,38.87,6.23
2026-03-09 10:11:06,26.61,85.0,1012.23,18.12,39.66,6.16
2026-03-09 10:21:06,26.41,85.03,1013.59,18.33,39.74,6.24
2026-03-09 10:31:06,27.02,85.35,1013.5,18.62,40.06,6.2
2026-03-09 10:41:06,26.56,84.96,1011.59,18.62,39.5,6.2
2026-03-09 10:51:06,26.57,85.55,1010.46,18.97,38.79,6.19
2026-03-09 11:01:06,27.14,84.56,1015.0,19.2,40.27,6.21
2026-03-09 11:11:06,27.39,85.4,1012.9,19.05,39.71,6.2
2026-03-09 11:21:06,27.13,84.24,1011.71,19.77,38.94,6.2
2026-03-09 11:31:06,26.94,85.05,1011.54,19.2,39.77,6.19
2026-03-09 11:41:06,27.17,84.0,1011.6,19.82,40.22,6.22
2026-03-09 11:51:06,27.21,84.34,1010.46,19.89,39.95,6.17
2026-03-09 12:01:06,27.66,84.7,1013.02,20.11,40.35,6.19
2026-03-09 12:11:06,28.0,84.34,1012.7,20.25,39.89,6.21
2026-03-09 12:21:06,27.65,84.29,1012.83,20.2,39.6,6.22
2026-03-09 12:31:06,27.28,84.0,1013.34,20.79,39.52,6.19
2026-03-09 12:41:06,27.85,84.16,1011.76,21.13,39.46,6.2
2026-03-09 12:51:06,28.0,84.05,1013.62,20.66,39.57,6.17
2026-03-09 13:01:06,28.0,84.41,1013.02,20.96,40.7,6.19
2026-03-09 13:11:06,27.48,85.14,1010.19,20.89,40.04,6.17
2026-03-09 13:21:06,28.0,84.0,1012.6,20.99,39.77,6.2
2026-03-09 13:31:06,28.0,84.0,1010.61,21.41,38.93,6.23
2026-03-09 13:41:06,27.77,84.0,1011.19,21.31,39.87,6.17
2026-03-09 13:51:06,28.0,84.0,1012.02,21.31,39.7,6.19
2026-03-09 14:01:06,28.0,84.0,1013.52,21.48,39.5,6.2
2026-03-09 14:11:06,27.73,84.0,1012.78,21.81,40.33,6.21
2026-03-09 14:21:06,28.0,84.02,1010.04,21.75,39.9,6.17
2026-03-09 14:31:06,28.0,84.46,1011.82,21.48,40.1,6.19
2026-03-09 14:41:06,27.9,84.0,1010.81,21.9,39.22,6.19
2026-03-09 14:51:06,27.84,84.41,1010.46,21.71,39.29,6.18
2026-03-09 15:01:06,28.0,84.0,1011.86,21.78,39.95,6.2
2026-03-09 15:11:06,27.68,84.86,1010.72,22.12,40.0,6.19
2026-03-09 15:21:06,27.71,84.0,1014.16,21.95,39.8,6.22
2026-03-09 15:31:06,27.8,84.38,1010.8,22.11,38.7,6.21
2026-03-09 15:41:06,28.0,84.69,1012.55,21.9,38.89,6.16
2026-03-09 15:51:06,27.57,84.43,1014.61,22.24,40.46,6.22
2026-03-09 16:01:06,28.0,84.0,1012.89,22.03,39.74,6.21
2026-03-09 16:11:06,27.19,84.82,1010.4,21.83,39.85,6.19
2026-03-09 16:21:06,27.66,85.41,1011.98,21.91,38.71,6.2
2026-03-09 16:31:06,27.16,85.07,1010.54,22.05,39.04,6.23
2026-03-09 16:41:06,27.02,84.51,1012.98,21.77,40.25,6.19
2026-03-09 16:51:06,27.29,84.57,1011.11,22.0,39.14,6.19
2026-03-09 17:01:06,27.08,84.94,1010.16,21.98,39.27,6.21
2026-03-09 17:11:06,26.84,84.86,1011.28,21.57,39.7,6.2
2026-03-09 17:21:06,26.28,84.56,1012.2,21.85,39.17,6.19
2026-03-09 17:31:06,25.91,85.4,1010.77,21.71,38.52,6.22
2026-03-09 17:41:06,26.35,84.86,1012.15,21.68,40.57,6.18
2026-03-09 17:51:06,26.39,85.35,1011.63,21.33,39.42,6.21
2026-03-09 18:01:06,26.22,85.33,1011.63,21.48,39.77,6.2
2026-03-09 18:11:06,25.84,85.98,1012.23,21.45,38.76,6.19
2026-03-09 18:21:06,26.07,85.83,1012.15,21.2,39.24,6.21
2026-03-09 18:31:06,26.13,85.82,1011.56,21.21,39.09,6.17
2026-03-09 18:41:06,25.67,85.54,1011.19,20.85,39.48,6.23
2026-03-09 18:51:06,25.81,86.09,1012.1,20.94,39.61,6.19
2026-03-09 19:01:06,25.35,85.74,1012.9,21.19,39.02,6.15
2026-03-09 19:11:06,25.76,86.31,1013.6,20.69,39.67,6.17
2026-03-09 19:21:06,24.86,86.51,1010.29,20.35,39.21,6.21
2026-03-09 19:31:06,24.9,87.24,1011.81,20.69,38.88,6.21
2026-03-09 19:41:06,24.42,87.71,1010.94,20.44,39.57,6.18
2026-03-09 19:51:06,24.19,87.65,1012.11,19.99,40.18,6.19
2026-03-09 20:01:06,24.65,87.55,1013.64,20.01,39.39,6.17
2026-03-09 20:11:06,24.05,87.08,1012.16,19.39,39.04,6.19
2026-03-09 20:21:06,23.31,85.55,1012.41,19.64,39.31,6.2
2026-03-09 20:31:06,23.93,87.34,1011.59,19.8,38.98,6.2
2026-03-09 20:41:06,23.86,87.5,1010.26,19.28,39.86,6.24
2026-03-09 20:51:06,24.38,87.85,1011.8,19.51,38.84,6.18
2026-03-09 21:01:06,23.63,88.02,1012.9,19.06,38.62,6.24
2026-03-09 21:11:06,23.12,88.51,1011.41,18.68,38.92,6.22
2026-03-09 21:21:06,22.98,87.6,1011.13,18.7,39.77,6.22
2026-03-09 21:31:06,22.89,87.59,1012.41,18.23,39.13,6.2
2026-03-09 21:41:06,22.7,88.28,1013.74,18.02,39.42,6.23
2026-03-09 21:51:06,22.32,87.81,1012.05,18.53,39.32,6.2
2026-03-09 22:01:06,22.81,88.52,1011.36,17.95,38.95,6.22
2026-03-09 22:11:06,22.58,88.33,1011.69,17.63,39.6,6.18
2026-03-09 22:21:06,22.42,89.31,1012.59,17.58,39.27,6.17
2026-03-09 22:31:06,22.14,89.24,1012.7,17.53,39.85,6.21
2026-03-09 22:41:06,22.69,88.97,1011.21,17.63,38.67,6.19
2026-03-09 22:51:06,21.8,88.41,1013.07,17.25,39.53,6.2
2026-03-09 23:01:06,22.12,88.82,1012.52,16.93,38.35,6.2
2026-03-09 23:11:06,22.37,90.0,1011.15,16.79,39.68,6.23
2026-03-09 23:21:06,21.58,88.91,1012.4,16.76,38.81,6.19
2026-03-09 23:31:06,21.49,89.19,1013.41,16.73,38.34,6.18
2026-03-09 23:41:06,21.4,90.0,1008.98,16.16,39.34,6.23
2026-03-09 23:51:06,21.65,89.53,1015.17,16.2,39.79,6.19
2026-03-10 00:01:06,21.62,89.42,1012.39,16.09,38.62,6.22
2026-03-10 00:11:06,21.99,89.55,1011.7,15.43,38.55,6.2
2026-03-10 00:21:06,21.49,89.88,1013.22,15.86,39.68,6.21
2026-03-10 00:31:06,21.0,89.85,1013.39,15.58,39.65,6.2
2026-03-10 00:41:06,21.62,89.34,1014.01,15.55,39.83,6.2
2026-03-10 00:51:06,21.0,90.0,1012.08,15.43,39.55,6.18
2026-03-10 01:01:06,21.36,89.65,1011.6,14.91,39.17,6.21
2026-03-10 01:11:06,21.06,89.57,1009.9,14.94,39.73,6.21
2026-03-10 01:21:06,21.12,89.83,1012.63,14.99,38.74,6.2
2026-03-10 01:31:06,21.19,89.62,1011.98,15.32,38.99,6.18
2026-03-10 01:41:06,21.13,90.0,1013.81,14.64,38.48,6.16
2026-03-10 01:51:06,21.0,89.49,1010.99,14.7,39.19,6.21
2026-03-10 02:01:06,21.02,89.76,1010.72,14.15,38.77,6.18
2026-03-10 02:11:06,21.0,89.46,1012.5,14.81,39.08,6.19
2026-03-10 02:21:06,21.0,90.0,1013.51,14.26,38.61,6.16
2026-03-10 02:31:06,21.0,90.0,1011.18,14.19,40.02,6.2
2026-03-10 02:41:06,21.19,89.86,1011.54,14.25,39.33,6.17
2026-03-10 02:51:06,21.0,90.0,1014.08,14.19,40.64,6.23
2026-03-10 03:01:06,21.14,90.0,1009.67,13.94,39.2,6.19
2026-03-10 03:11:06,21.44,90.0,1012.65,14.15,39.4,6.21
2026-03-10 03:21:06,21.15,89.66,1010.55,14.29,38.77,6.2
2026-03-10 03:31:06,21.07,90.0,1010.9,13.98,38.41,6.17
2026-03-10 03:41:06,21.0,89.43,1009.07,14.62,39.58,6.17
2026-03-10 03:51:06,21.05,89.55,1011.38,13.87,39.69,6.2
2026-03-10 04:01:06,21.21,89.92,1010.32,13.98,38.41,6.2
2026-03-10 04:11:06,21.38,89.1,1013.3,13.96,39.47,6.2
2026-03-10 04:21:06,21.34,89.42,1008.16,14.03,38.6,6.24
2026-03-10 04:31:06,22.06,89.35,1013.87,13.91,38.92,6.18
2026-03-10 04:41:06,22.06,89.02,1014.24,14.34,38.89,6.19
2026-03-10 04:51:06,22.11,89.04,1010.87,13.73,39.29,6.21
2026-03-10 05:01:06,21.91,89.21,1012.62,14.34,38.57,6.22
2026-03-10 05:11:06,22.01,88.87,1013.89,14.07,38.66,6.22
2026-03-10 05:21:06,22.68,89.04,1010.08,14.33,39.35,6.21
2026-03-10 05:31:06,22.42,89.5,1009.51,14.47,38.94,6.18
2026-03-10 05:41:06,22.95,89.52,1013.0,14.42,39.41,6.2
2026-03-10 05:51:06,22.71,88.35,1011.45,14.42,38.72,6.21
2026-03-10 06:01:06,22.61,87.15,1010.84,14.49,38.5,6.18
2026-03-10 06:11:06,23.16,88.23,1010.52,14.61,39.95,6.19
2026-03-10 06:21:06,22.9,88.72,1009.99,15.01,38.86,6.19
2026-03-10 06:31:06,23.08,88.27,1010.44,14.77,38.9,6.23
2026-03-10 06:41:06,23.09,88.68,1014.34,15.25,38.54,6.22
2026-03-10 06:51:06,23.3,88.03,1011.0,15.19,39.18,6.19
2026-03-10 07:01:06,23.53,87.96,1012.61,15.01,39.0,6.18
2026-03-10 07:11:06,23.89,86.96,1012.74,15.44,39.35,6.21
2026-03-10 07:21:06,23.55,86.79,1013.25,15.36,39.12,6.22
2026-03-10 07:31:06,23.74,87.44,1013.27,15.29,37.87,6.21
2026-03-10 07:41:06,24.31,87.67,1011.62,15.82,39.49,6.22
2026-03-10 07:51:06,24.93,87.03,1013.77,15.77,38.93,6.21
2026-03-10 08:01:06,24.86,87.21,1011.38,15.86,38.9,6.21
2026-03-10 08:11:06,24.55,87.57,1010.1,15.98,39.14,6.24
2026-03-10 08:21:06,25.17,87.15,1014.52,16.28,39.41,6.21
2026-03-10 08:31:06,24.94,86.48,1008.67,16.48,38.18,6.22
2026-03-10 08:41:06,25.37,86.74,1013.5,16.82,39.11,6.22
2026-03-10 08:51:06,25.01,86.93,1012.44,16.56,39.67,6.21
2026-03-10 09:01:06,25.7,86.22,1010.44,16.86,39.42,6.23
2026-03-10 09:11:06,25.47,85.36,1013.76,17.15,39.25,6.22
2026-03-10 09:21:06,26.33,86.15,1011.88,17.43,38.85,6.16
2026-03-10 09:31:06,25.89,86.43,1010.93,17.63,38.91,6.19
2026-03-10 09:41:06,25.3,85.68,1014.35,17.75,38.51,6.21
2026-03-10 09:51:06,26.24,84.99,1011.91,17.92,39.98,6.18
2026-03-10 10:01:06,26.6,85.23,1011.83,18.09,39.64,6.23
2026-03-10 10:11:06,26.48,85.14,1009.55,18.14,38.81,6.2
2026-03-10 10:21:06,26.81,84.89,1014.76,18.19,38.25,6.2
2026-03-10 10:31:06,26.86,84.38,1012.6,19.01,39.66,6.21
2026-03-10 10:41:06,27.07,85.34,1011.6,18.5,39.52,6.22
2026-03-10 10:51:06,26.76,85.25,1012.37,18.91,38.48,6.17
2026-03-10 11:01:06,26.62,84.58,1011.43,18.97,38.98,6.21
2026-03-10 11:11:06,27.0,84.0,1010.34,18.98,38.81,6.23
2026-03-10 11:21:06,26.96,85.09,1010.4,19.06,38.99,6.23
2026-03-10 11:31:06,27.23,84.07,1012.25,19.68,38.49,6.23
2026-03-10 11:41:06,27.35,84.52,1012.29,19.8,38.35,6.2
2026-03-10 11:51:06,27.63,84.02,1012.72,19.82,39.23,6.19
2026-03-10 12:01:06,27.86,84.22,1010.6,19.89,39.99,6.17
2026-03-10 12:11:06,27.61,85.08,1011.24,20.27,38.95,6.15
2026-03-10 12:21:06,27.27,84.0,1014.86,20.02,39.03,6.18
2026-03-10 12:31:06,27.72,84.0,1011.87,20.57,40.04,6.19
2026-03-10 12:41:06,27.83,84.13,1011.33,20.86,38.48,6.2
2026-03-10 12:51:06,27.87,84.0,1010.06,20.35,39.02,6.2
2026-03-10 13:01:06,28.0,84.26,1014.25,21.1,38.44,6.24
2026-03-10 13:11:06,28.0,84.0,1013.16,20.54,38.68,6.19
2026-03-10 13:21:06,28.0,84.0,1013.82,21.32,38.88,6.23
2026-03-10 13:31:06,27.67,84.0,1010.03,21.02,39.27,6.18
2026-03-10 13:41:06,28.0,84.56,1013.81,21.24,39.14,6.2
2026-03-10 13:51:06,27.66,84.44,1013.95,21.56,39.21,6.18
2026-03-10 14:01:06,27.72,84.0,1010.08,21.48,38.22,6.2
2026-03-10 14:11:06,27.98,85.12,1012.98,21.49,39.38,6.2
2026-03-10 14:21:06,28.0,84.0,1011.74,21.3,38.76,6.2
2026-03-10 14:31:06,27.94,84.07,1012.22,21.65,38.0,6.2
2026-03-10 14:41:06,28.0,84.54,1009.9,21.84,39.18,6.15
2026-03-10 14:51:06,28.0,84.0,1009.36,22.02,38.79,6.22
2026-03-10 15:01:06,28.0,84.11,1010.69,21.77,39.16,6.19
2026-03-10 15:11:06,28.0,84.0,1010.75,22.11,38.63,6.23
2026-03-10 15:21:06,27.45,84.34,1010.22,21.94,39.07,6.21
2026-03-10 15:31:06,27.45,84.0,1013.44,22.07,39.2,6.2
2026-03-10 15:41:06,27.78,84.0,1011.48,22.12,39.0,6.22
2026-03-10 15:51:06,27.84,84.0,1012.04,21.87,39.71,6.22
2026-03-10 16:01:06,27.16,84.46,1013.18,21.75,39.34,6.2
2026-03-10 16:11:06,27.46,84.89,1011.56,22.03,39.04,6.22
2026-03-10 16:21:06,27.65,84.34,1011.14,22.0,38.47,6.19
2026-03-10 16:31:06,26.59,84.76,1011.66,22.25,37.88,6.2
2026-03-10 16:41:06,26.98,85.25,1010.07,21.85,38.98,6.22
2026-03-10 16:51:06,27.04,84.43,1011.36,21.87,38.99,6.16
2026-03-10 17:01:06,26.89,84.27,1010.0,21.99,38.09,6.24
2026-03-10 17:11:06,27.14,84.68,1011.61,22.31,38.29,6.19
2026-03-10 17:21:06,26.85,84.93,1012.33,21.55,38.66,6.2
2026-03-10 17:31:06,26.36,86.02,1012.23,21.86,38.1,6.17
2026-03-10 17:41:06,26.3,85.28,1012.54,21.64,39.07,6.2
2026-03-10 17:51:06,26.28,85.15,1010.57,21.28,39.03,6.21
2026-03-10 18:01:06,26.62,85.76,1011.66,21.48,38.71,6.2
2026-03-10 18:11:06,26.37,85.78,1014.84,21.19,38.69,6.21
2026-03-10 18:21:06,26.15,85.49,1009.97,21.25,38.56,6.19
2026-03-10 18:31:06,26.08,85.9,1012.07,21.41,39.02,6.18
2026-03-10 18:41:06,25.12,86.34,1007.53,20.58,39.81,6.19
2026-03-10 18:51:06,24.83,86.55,1011.8,20.89,39.27,6.2
2026-03-10 19:01:06,25.5,86.69,1010.38,20.78,39.22,6.19
2026-03-10 19:11:06,25.08,85.14,1010.17,20.8,39.3,6.21
2026-03-10 19:21:06,25.1,87.09,1013.02,20.8,38.11,6.22
2026-03-10 19:31:06,24.62,85.8,1012.27,20.5,39.75,6.23
2026-03-10 19:41:06,24.49,86.84,1013.38,20.05,39.0,6.19
2026-03-10 19:51:06,25.0,87.22,1011.98,20.21,39.27,6.2
2026-03-10 20:01:06,24.82,86.44,1012.28,19.69,38.42,6.19
2026-03-10 20:11:06,24.28,87.16,1011.83,19.8,38.99,6.24
2026-03-10 20:21:06,24.56,87.02,1013.18,19.4,38.96,6.25
2026-03-10 20:31:06,24.1,87.56,1014.51,19.33,39.35,6.21
2026-03-10 20:41:06,23.06,87.35,1011.83,19.12,37.99,6.19
2026-03-10 20:51:06,23.93,88.21,1011.21,19.13,38.02,6.22
2026-03-10 21:01:06,23.4,88.11,1012.71,19.16,39.47,6.22
2026-03-10 21:11:06,23.84,88.08,1014.32,18.76,37.65,6.15
2026-03-10 21:21:06,23.59,88.26,1014.24,19.02,38.24,6.21
2026-03-10 21:31:06,22.85,87.6,1009.72,17.99,39.18,6.18
2026-03-10 21:41:06,23.12,88.66,1011.59,18.04,38.61,6.17
2026-03-10 21:51:06,22.84,87.47,1013.2,18.14,38.32,6.2
2026-03-10 22:01:06,22.88,88.49,1012.58,18.5,38.85,6.17
2026-03-10 22:11:06,22.44,88.45,1010.91,18.07,38.26,6.21
2026-03-10 22:21:06,22.71,88.98,1011.26,17.4,37.91,6.21
2026-03-10 22:31:06,22.39,89.77,1010.36,17.37,38.64,6.2
2026-03-10 22:41:06,21.87,88.41,1010.41,17.25,38.45,6.19
2026-03-10 22:51:06,21.86,88.66,1010.6,16.99,39.57,6.2
2026-03-10 23:01:06,22.28,89.04,1013.95,16.44,39.1,6.22
2026-03-10 23:11:06,22.06,89.41,1011.94,16.51,38.2,6.19
2026-03-10 23:21:06,21.5,88.85,1010.54,16.83,38.48,6.2
2026-03-10 23:31:06,21.0,88.8,1010.57,16.47,39.71,6.18
2026-03-10 23:41:06,21.79,89.77,1014.03,16.48,38.67,6.19
2026-03-10 23:51:06,21.78,88.52,1010.47,15.94,37.9,6.26
2026-03-11 00:01:06,21.95,90.0,1011.07,16.12,38.95,6.2
2026-03-11 00:11:06,21.58,89.82,1011.78,15.82,38.53,6.18
2026-03-11 00:21:06,21.1,90.0,1012.3,15.84,38.11,6.23
2026-03-11 00:31:06,21.09,89.51,1010.64,15.61,38.68,6.19
2026-03-11 00:41:06,21.5,89.25,1011.91,15.61,38.6,6.2
2026-03-11 00:51:06,21.42,90.0,1012.12,15.51,38.03,6.22
2026-03-11 01:01:06,21.13,89.92,1010.62,15.36,38.43,6.22
2026-03-11 01:11:06,21.02,88.83,1010.1,15.17,38.49,6.23
2026-03-11 01:21:06,21.11,90.0,1013.22,15.05,38.81,6.22
2026-03-11 01:31:06,21.0,90.0,1009.96,14.56,38.83,6.2
2026-03-11 01:41:06,21.0,90.0,1010.71,14.51,38.85,6.21
2026-03-11 01:51:06,21.0,89.1,1014.81,14.59,39.3,6.18
2026-03-11 02:01:06,21.0,90.0,1014.71,14.53,37.9,6.22
2026-03-11 02:11:06,21.0,90.0,1011.5,14.55,38.14,6.2
2026-03-11 02:21:06,21.0,89.43,1013.93,14.64,37.95,6.2
2026-03-11 02:31:06,21.23,90.0,1015.68,14.1,38.76,6.18
2026-03-11 02:41:06,21.0,89.85,1014.87,14.1,37.98,6.17
2026-03-11 02:51:06,21.0,90.0,1013.12,14.47,37.85,6.2
2026-03-11 03:01:06,21.16,89.12,1012.5,13.99,38.53,6.23
2026-03-11 03:11:06,21.12,89.53,1009.78,14.35,38.62,6.21
2026-03-11 03:21:06,21.0,89.97,1012.92,13.95,38.48,6.17
2026-03-11 03:31:06,21.08,90.0,1010.62,13.73,38.72,6.22
2026-03-11 03:41:06,21.39,89.79,1009.07,14.23,38.23,6.23
2026-03-11 03:51:06,21.2,88.93,1013.44,14.07,38.54,6.19
2026-03-11 04:01:06,21.26,88.9,1011.55,14.26,37.81,6.21
2026-03-11 04:11:06,21.39,89.25,1013.03,13.74,38.48,6.2
2026-03-11 04:21:06,21.27,89.92,1010.11,13.98,39.13,6.2
2026-03-11 04:31:06,21.51,88.8,1013.05,13.98,38.68,6.22
2026-03-11 04:41:06,22.01,88.69,1012.98,13.99,38.95,6.18
2026-03-11 04:51:06,21.48,88.48,1011.27,14.01,37.68,6.22
2026-03-11 05:01:06,21.71,89.64,1009.94,14.21,38.57,6.19
2026-03-11 05:11:06,21.82,88.96,1014.11,14.0,38.18,6.2
2026-03-11 05:21:06,22.43,89.53,1012.23,14.14,38.57,6.21
2026-03-11 05:31:06,22.12,88.84,1008.93,14.26,37.84,6.2
2026-03-11 05:41:06,22.9,89.83,1011.93,14.46,38.13,6.24
2026-03-11 05:51:06,22.67,88.01,1013.91,14.54,38.6,6.21
2026-03-11 06:01:06,22.47,88.55,1011.26,14.82,38.46,6.21
2026-03-11 06:11:06,22.81,89.01,1013.63,14.85,38.27,6.17
2026-03-11 06:21:06,23.06,88.06,1013.2,14.81,38.67,6.21
2026-03-11 06:31:06,23.09,88.07,1012.87,14.9,38.43,6.17
2026-03-11 06:41:06,23.76,88.28,1014.23,14.8,38.98,6.19
2026-03-11 06:51:06,23.15,87.94,1013.66,15.11,38.02,6.17
2026-03-11 07:01:06,23.9,86.73,1014.79,15.04,38.27,6.2
2026-03-11 07:11:06,23.2,87.91,1010.51,15.32,37.79,6.21
2026-03-11 07:21:06,23.25,87.6,1008.85,15.38,38.23,6.19
2026-03-11 07:31:06,24.17,87.02,1010.83,15.6,37.46,6.2
2026-03-11 07:41:06,24.16,87.23,1012.38,15.69,37.73,6.2
2026-03-11 07:51:06,24.38,87.81,1010.5,16.06,38.35,6.18
2026-03-11 08:01:06,24.7,87.2,1012.3,16.0,38.59,6.23
2026-03-11 08:11:06,24.09,86.79,1015.03,16.31,38.47,6.22
2026-03-11 08:21:06,25.0,87.08,1011.58,16.27,37.34,6.21
2026-03-11 08:31:06,24.84,86.9,1012.32,16.26,38.23,6.17
2026-03-11 08:41:06,24.86,86.55,1011.15,16.72,38.57,6.2
2026-03-11 08:51:06,25.17,85.76,1011.34,16.95,38.08,6.23
2026-03-11 09:01:06,25.28,86.49,1013.63,16.82,37.9,6.17
2026-03-11 09:11:06,25.62,86.66,1012.88,17.32,38.01,6.26
2026-03-11 09:21:06,25.62,85.96,1013.39,17.21,39.07,6.17
2026-03-11 09:31:06,26.4,85.98,1013.62,17.57,38.41,6.24
2026-03-11 09:41:06,25.9,85.07,1012.87,18.04,39.26,6.2
2026-03-11 09:51:06,26.24,85.76,1013.28,17.64,38.87,6.2
2026-03-11 10:01:06,26.55,85.26,1013.28,18.02,37.79,6.16
2026-03-11 10:11:06,26.96,85.48,1009.02,18.21,38.39,6.23
2026-03-11 10:21:06,26.42,85.06,1011.62,18.44,38.17,6.2
2026-03-11 10:31:06,26.61,84.66,1012.33,18.57,38.17,6.19
2026-03-11 10:41:06,27.06,85.2,1012.65,18.72,38.47,6.22
2026-03-11 10:51:06,26.7,85.04,1009.94,18.54,39.4,6.21
2026-03-11 11:01:06,27.34,84.45,1009.19,19.17,38.16,6.21
2026-03-11 11:11:06,27.04,84.91,1011.12,19.11,38.3,6.19
2026-03-11 11:21:06,27.64,85.33,1012.0,19.16,38.41,6.22
2026-03-11 11:31:06,26.94,84.42,1011.92,19.48,38.93,6.24
2026-03-11 11:41:06,27.1,84.86,1013.69,19.74,38.2,6.16
2026-03-11 11:51:06,27.23,84.62,1012.6,20.19,37.23,6.18
2026-03-11 12:01:06,27.86,84.5,1009.88,20.05,37.93,6.21
2026-03-11 12:11:06,27.83,85.23,1014.51,20.25,38.38,6.19
2026-03-11 12:21:06,27.2,84.0,1010.71,20.63,37.56,6.18
2026-03-11 12:31:06,27.54,84.44,1011.91,20.59,38.18,6.21
2026-03-11 12:41:06,27.74,84.29,1012.64,20.8,38.4,6.17
2026-03-11 12:51:06,27.85,84.0,1013.79,20.44,38.19,6.19
2026-03-11 13:01:06,27.52,84.1,1014.12,20.93,37.98,6.22
2026-03-11 13:11:06,27.84,84.0,1014.32,21.07,38.01,6.21
2026-03-11 13:21:06,27.57,84.0,1012.5,20.89,38.91,6.23
2026-03-11 13:31:06,27.61,84.0,1011.31,21.18,38.21,6.21
2026-03-11 13:41:06,27.86,84.29,1012.25,21.48,38.19,6.19
2026-03-11 13:51:06,28.0,84.44,1014.06,21.42,37.89,6.18
2026-03-11 14:01:06,28.0,84.57,1011.93,21.68,37.92,6.17
2026-03-11 14:11:06,28.0,84.0,1012.79,21.38,38.27,6.21
2026-03-11 14:21:06,27.63,84.45,1012.56,21.53,38.28,6.22
2026-03-11 14:31:06,27.93,84.3,1011.93,21.72,37.51,6.19
2026-03-11 14:41:06,27.8,84.25,1012.96,21.68,39.09,6.19
2026-03-11 14:51:06,28.0,84.0,1013.77,22.05,38.28,6.21
2026-03-11 15:01:06,27.48,84.04,1012.82,21.88,37.95,6.18
2026-03-11 15:11:06,28.0,84.93,1011.47,21.76,38.09,6.22
2026-03-11 15:21:06,27.76,84.0,1010.34,22.02,38.11,6.21
2026-03-11 15:31:06,28.0,84.0,1012.68,22.14,38.27,6.21
2026-03-11 15:41:06,27.85,84.54,1012.32,21.74,38.33,6.2
2026-03-11 15:51:06,27.76,84.4,1012.0,22.06,36.88,6.22
2026-03-11 16:01:06,27.38,84.92,1012.15,21.98,37.71,6.22
2026-03-11 16:11:06,27.43,84.52,1013.18,22.25,38.01,6.22
2026-03-11 16:21:06,27.16,84.25,1010.75,22.33,38.11,6.22
2026-03-11 16:31:06,27.35,84.85,1012.52,22.22,38.56,6.18
2026-03-11 16:41:06,27.63,84.06,1008.9,22.18,37.78,6.19
2026-03-11 16:51:06,27.06,84.76,1014.41,21.8,37.29,6.2
2026-03-11 17:01:06,26.83,84.9,1013.35,21.54,37.57,6.18
2026-03-11 17:11:06,26.64,85.04,1011.36,21.81,38.11,6.21
2026-03-11 17:21:06,26.93,84.75,1014.35,21.45,38.38,6.18
2026-03-11 17:31:06,26.48,85.26,1011.13,21.85,38.59,6.2
2026-03-11 17:41:06,26.87,84.89,1012.5,21.56,37.4,6.23
2026-03-11 17:51:06,26.4,85.33,1009.55,21.67,37.58,6.19
2026-03-11 18:01:06,26.05,85.24,1010.13,21.39,37.74,6.23
2026-03-11 18:11:06,26.27,84.86,1011.3,21.57,37.43,6.21
2026-03-11 18:21:06,25.76,85.32,1013.26,21.02,38.54,6.18
2026-03-11 18:31:06,25.61,86.04,1010.68,21.03,38.09,6.18
2026-03-11 18:41:06,25.9,86.75,1009.23,21.12,37.94,6.16
2026-03-11 18:51:06,25.71,85.63,1010.44,20.76,37.18,6.2
2026-03-11 19:01:06,25.71,86.14,1011.52,20.95,38.11,6.2
2026-03-11 19:11:06,25.34,86.5,1010.26,20.46,38.7,6.2
2026-03-11 19:21:06,24.47,86.06,1011.42,20.07,37.78,6.22
2026-03-11 19:31:06,25.35,87.0,1011.73,20.36,37.89,6.18
2026-03-11 19:41:06,25.23,86.77,1011.56,20.27,38.42,6.22
2026-03-11 19:51:06,24.53,87.96,1012.34,20.36,37.63,6.22
2026-03-11 20:01:06,24.53,86.79,1013.95,20.07,38.47,6.19
2026-03-11 20:11:06,24.07,86.89,1014.4,20.23,38.4,6.24
2026-03-11 20:21:06,24.36,88.05,1012.86,20.12,37.51,6.24
2026-03-11 20:31:06,23.94,87.56,1009.83,19.72,37.52,6.21
2026-03-11 20:41:06,23.36,86.88,1010.82,19.19,38.0,6.2
2026-03-11 20:51:06,24.09,86.53,1015.58,19.17,37.66,6.19
2026-03-11 21:01:06,23.66,88.16,1014.4,18.75,37.46,6.21
2026-03-11 21:11:06,23.71,88.0,1010.88,18.54,37.79,6.2
2026-03-11 21:21:06,23.49,88.41,1011.8,18.64,38.46,6.19
2026-03-11 21:31:06,23.83,88.07,1012.7,18.5,38.21,6.21
2026-03-11 21:41:06,23.18,87.84,1012.33,18.68,38.36,6.18
2026-03-11 21:51:06,22.65,87.42,1014.26,17.71,37.71,6.22
2026-03-11 22:01:06,23.29,87.89,1009.07,17.56,38.61,6.2
2026-03-11 22:11:06,22.69,89.06,1013.13,17.53,37.41,6.25
2026-03-11 22:21:06,22.23,88.96,1013.17,17.33,37.93,6.22
2026-03-11 22:31:06,21.76,88.68,1012.4,17.68,37.89,6.18
2026-03-11 22:41:06,22.52,88.93,1010.48,17.17,38.17,6.21
2026-03-11 22:51:06,22.02,89.1,1012.68,17.13,38.32,6.23
2026-03-11 23:01:06,21.89,88.7,1009.06,16.53,37.11,6.23
2026-03-11 23:11:06,21.79,89.96,1010.65,16.62,37.8,6.18
2026-03-11 23:21:06,22.06,89.26,1009.03,16.69,37.62,6.19
2026-03-11 23:31:06,21.41,89.51,1013.32,16.43,38.13,6.19
2026-03-11 23:41:06,21.62,90.0,1012.78,16.62,37.28,6.2
2026-03-11 23:51:06,21.78,89.9,1012.82,16.06,37.9,6.22
2026-03-12 00:01:06,21.39,89.83,1012.51,15.45,38.82,6.16
2026-03-12 00:11:06,21.74,90.0,1014.04,15.57,36.89,6.15
2026-03-12 00:21:06,21.4,90.0,1011.05,15.85,37.12,6.21
2026-03-12 00:31:06,21.0,90.0,1013.38,15.6,37.39,6.19
2026-03-12 00:41:06,21.0,89.97,1009.71,15.49,38.27,6.18
2026-03-12 00:51:06,21.0,90.0,1013.3,15.17,36.76,6.2
2026-03-12 01:01:06,21.0,89.83,1012.09,15.15,37.64,6.2
2026-03-12 01:11:06,21.32,89.62,1013.2,15.25,36.65,6.21
2026-03-12 01:21:06,21.0,90.0,1010.42,14.89,36.62,6.24
2026-03-12 01:31:06,21.0,90.0,1013.04,14.6,38.25,6.23
2026-03-12 01:41:06,21.0,90.0,1010.16,14.27,38.26,6.22
2026-03-12 01:51:06,21.0,90.0,1014.18,14.64,37.17,6.19
2026-03-12 02:01:06,21.0,90.0,1010.84,14.49,37.51,6.22
2026-03-12 02:11:06,21.0,89.36,1011.47,14.83,38.1,6.19
2026-03-12 02:21:06,21.0,89.59,1013.0,14.5,38.14,6.18
2026-03-12 02:31:06,21.0,89.46,1012.4,14.18,37.62,6.17
2026-03-12 02:41:06,21.28,90.0,1013.23,14.32,37.7,6.21
2026-03-12 02:51:06,21.0,90.0,1011.06,14.38,38.97,6.2
2026-03-12 03:01:06,21.0,89.48,1008.78,14.15,37.34,6.18
2026-03-12 03:11:06,21.03,89.24,1012.67,14.03,37.59,6.19
2026-03-12 03:21:06,21.05,89.84,1012.6,13.98,36.59,6.18
2026-03-12 03:31:06,21.68,89.94,1011.85,14.11,37.78,6.19
2026-03-12 03:41:06,21.03,90.0,1012.33,14.1,36.82,6.2
2026-03-12 03:51:06,21.0,90.0,1010.16,14.0,38.0,6.18
2026-03-12 04:01:06,21.44,90.0,1012.93,13.92,37.36,6.19
2026-03-12 04:11:06,21.61,89.45,1010.15,13.97,37.91,6.22
2026-03-12 04:21:06,21.71,88.96,1012.95,14.15,36.89,6.2
2026-03-12 04:31:06,21.96,90.0,1011.07,14.17,37.28,6.19
2026-03-12 04:41:06,21.88,88.89,1012.71,14.43,37.31,6.22
2026-03-12 04:51:06,21.94,89.17,1011.47,13.94,38.33,6.18
2026-03-12 05:01:06,21.9,89.36,1010.29,14.65,36.94,6.24
2026-03-12 05:11:06,21.54,89.21,1014.73,13.94,36.8,6.2
2026-03-12 05:21:06,22.56,88.72,1013.79,14.04,37.55,6.23
2026-03-12 05:31:06,21.91,89.06,1014.83,14.19,38.03,6.19
2026-03-12 05:41:06,22.44,88.66,1013.61,14.75,37.7,6.2
2026-03-12 05:51:06,22.65,88.76,1010.81,14.44,37.61,6.16
2026-03-12 06:01:06,22.87,88.05,1012.61,14.35,37.74,6.18
2026-03-12 06:11:06,23.16,88.75,1013.13,14.39,37.55,6.21
2026-03-12 06:21:06,23.14,88.67,1012.4,14.55,38.08,6.15
2026-03-12 06:31:06,23.62,88.47,1014.04,14.84,38.94,6.21
2026-03-12 06:41:06,23.58,87.5,1011.28,15.22,37.33,6.18
2026-03-12 06:51:06,23.24,88.91,1014.2,15.29,37.59,6.19
2026-03-12 07:01:06,24.04,86.67,1013.19,15.11,37.42,6.22
2026-03-12 07:11:06,23.71,87.94,1009.97,15.21,37.6,6.21
2026-03-12 07:21:06,23.99,87.06,1011.53,15.59,37.22,6.22
2026-03-12 07:31:06,24.03,87.86,1013.35,15.68,36.94,6.18
2026-03-12 07:41:06,23.97,87.07,1013.79,15.67,37.73,6.22
2026-03-12 07:51:06,24.39,87.19,1014.45,16.02,38.61,6.21
2026-03-12 08:01:06,24.05,87.45,1015.73,16.06,37.51,6.24
2026-03-12 08:11:06,24.56,87.0,1010.37,15.98,37.67,6.22
2026-03-12 08:21:06,24.78,86.66,1010.18,16.81,37.63,6.2
2026-03-12 08:31:06,24.68,86.98,1013.37,16.58,37.52,6.18
2026-03-12 08:41:06,25.23,86.91,1011.48,16.42,37.64,6.21
2026-03-12 08:51:06,24.97,86.3,1013.33,16.83,37.74,6.21
2026-03-12 09:01:06,24.88,85.99,1012.23,16.93,37.87,6.2
2026-03-12 09:11:06,25.22,86.26,1011.36,17.5,38.14,6.16
2026-03-12 09:21:06,25.83,86.47,1010.72,17.23,37.39,6.18
2026-03-12 09:31:06,25.57,85.26,1012.52,16.96,36.92,6.2
2026-03-12 09:41:06,25.95,86.16,1014.41,17.67,38.16,6.15
2026-03-12 09:51:06,26.03,84.55,1011.03,18.02,38.51,6.22
2026-03-12 10:01:06,25.89,86.03,1013.63,17.89,36.77,6.15
2026-03-12 10:11:06,26.05,85.81,1011.73,18.21,36.8,6.17
2026-03-12 10:21:06,27.02,85.01,1010.66,18.12,38.13,6.21
2026-03-12 10:31:06,26.33,84.9,1011.6,18.55,38.36,6.19
2026-03-12 10:41:06,26.54,85.43,1010.24,18.88,38.64,6.22
2026-03-12 10:51:06,26.71,84.66,1013.02,18.89,37.1,6.2
2026-03-12 11:01:06,27.21,84.8,1010.32,19.4,37.45,6.18
2026-03-12 11:11:06,27.4,86.02,1011.32,19.18,37.5,6.21
2026-03-12 11:21:06,27.08,85.46,1012.01,19.47,37.78,6.21
2026-03-12 11:31:06,27.34,85.21,1012.56,19.43,37.76,6.2
2026-03-12 11:41:06,27.39,85.41,1013.14,19.71,37.4,6.24
2026-03-12 11:51:06,27.59,84.25,1012.97,19.75,36.2,6.2
2026-03-12 12:01:06,27.34,84.18,1012.15,19.59,37.59,6.22
2026-03-12 12:11:06,27.65,84.6,1010.73,19.88,37.82,6.21
2026-03-12 12:21:06,27.39,84.85,1014.07,19.91,37.63,6.21
2026-03-12 12:31:06,27.9,84.0,1009.94,20.14,36.91,6.21
2026-03-12 12:41:06,27.38,84.0,1013.86,20.62,37.58,6.2
2026-03-12 12:51:06,27.71,84.0,1013.12,20.84,37.88,6.23
2026-03-12 13:01:06,27.85,84.48,1012.12,20.92,37.24,6.18
2026-03-12 13:11:06,28.0,84.64,1010.31,20.97,36.86,6.26
2026-03-12 13:21:06,27.61,85.01,1010.16,20.82,38.02,6.21
2026-03-12 13:31:06,27.82,84.35,1012.55,21.03,37.31,6.2
2026-03-12 13:41:06,27.24,84.56,1012.73,21.41,37.4,6.23
2026-03-12 13:51:06,27.5,84.98,1012.54,21.28,37.91,6.19
2026-03-12 14:01:06,27.55,84.0,1013.58,21.51,38.08,6.18
2026-03-12 14:11:06,27.41,84.47,1011.12,21.59,38.5,6.2
2026-03-12 14:21:06,28.0,84.64,1012.35,21.57,38.13,6.22
2026-03-12 14:31:06,28.0,84.0,1013.06,21.27,37.99,6.21
2026-03-12 14:41:06,28.0,84.0,1010.78,21.66,37.17,6.23
2026-03-12 14:51:06,27.87,84.72,1011.63,21.87,38.57,6.2
2026-03-12 15:01:06,27.79,84.0,1012.59,21.73,37.17,6.22
2026-03-12 15:11:06,27.82,84.9,1014.69,21.77,37.55,6.21
2026-03-12 15:21:06,28.0,84.0,1013.06,22.14,36.23,6.18
2026-03-12 15:31:06,27.49,84.4,1008.07,21.85,36.92,6.18
2026-03-12 15:41:06,27.31,84.0,1014.59,21.7,37.31,6.23
2026-03-12 15:51:06,27.74,84.27,1008.9,21.98,37.34,6.17
2026-03-12 16:01:06,27.21,84.57,1011.88,21.68,37.17,6.17
2026-03-12 16:11:06,27.06,85.35,1011.77,22.16,37.38,6.2
2026-03-12 16:21:06,27.37,84.73,1009.85,22.01,37.75,6.22
2026-03-12 16:31:06,27.37,84.12,1013.25,21.88,37.66,6.19
2026-03-12 16:41:06,27.24,84.94,1010.04,21.92,36.95,6.17
2026-03-12 16:51:06,27.47,85.63,1012.12,22.12,37.92,6.2
2026-03-12 17:01:06,27.03,84.63,1012.04,21.9,37.42,6.2
2026-03-12 17:11:06,26.27,85.14,1012.1,21.48,37.73,6.17
2026-03-12 17:21:06,26.56,85.57,1012.04,21.66,36.85,6.22
2026-03-12 17:31:06,26.35,85.58,1012.63,21.71,37.44,6.21
2026-03-12 17:41:06,26.69,86.13,1011.46,21.61,37.21,6.15
2026-03-12 17:51:06,26.15,84.97,1013.99,21.25,37.38,6.19
2026-03-12 18:01:06,25.77,86.16,1014.52,21.36,37.2,6.17
2026-03-12 18:11:06,26.01,86.46,1010.23,21.32,37.11,6.19
2026-03-12 18:21:06,25.7,85.71,1013.51,21.44,37.8,6.22
2026-03-12 18:31:06,25.85,85.3,1010.97,21.19,38.06,6.19
2026-03-12 18:41:06,25.88,85.2,1014.14,20.99,37.56,6.2
2026-03-12 18:51:06,25.4,85.8,1014.17,20.89,37.03,6.18
2026-03-12 19:01:06,25.73,85.89,1010.47,20.92,37.66,6.22
2026-03-12 19:11:06,25.35,86.54,1010.63,20.91,37.1,6.23
2026-03-12 19:21:06,24.74,86.38,1010.92,20.39,37.25,6.16
2026-03-12 19:31:06,24.67,86.44,1012.74,20.51,38.0,6.17
2026-03-12 19:41:06,24.89,87.24,1012.16,20.42,37.05,6.19
2026-03-12 19:51:06,24.38,86.1,1010.36,20.34,37.46,6.19
2026-03-12 20:01:06,24.4,86.9,1013.69,19.7,37.01,6.19
2026-03-12 20:11:06,24.09,86.75,1012.27,19.94,36.19,6.19
2026-03-12 20:21:06,24.2,87.24,1013.11,19.64,37.53,6.21
2026-03-12 20:31:06,23.65,87.05,1010.39,19.22,36.5,6.21
2026-03-12 20:41:06,24.39,87.73,1014.3,19.61,37.32,6.2
2026-03-12 20:51:06,23.57,87.68,1012.54,19.09,36.74,6.16
2026-03-12 21:01:06,23.94,87.43,1011.8,19.18,36.93,6.22
2026-03-12 21:11:06,23.2,88.24,1010.28,18.59,37.39,6.19
2026-03-12 21:21:06,23.21,88.05,1012.44,18.81,37.15,6.2
2026-03-12 21:31:06,23.06,87.99,1011.03,18.54,37.86,6.22
2026-03-12 21:41:06,22.92,87.52,1011.79,18.21,36.85,6.18
2026-03-12 21:51:06,23.34,87.55,1010.87,18.21,37.54,6.2
2026-03-12 22:01:06,22.66,88.93,1014.99,18.34,37.86,6.21
2026-03-12 22:11:06,22.36,88.93,1010.15,18.25,37.01,6.19
2026-03-12 22:21:06,22.84,88.99,1010.64,18.32,36.98,6.21
2026-03-12 22:31:06,22.46,88.85,1011.97,17.58,36.61,6.17
2026-03-12 22:41:06,21.91,89.14,1012.79,17.6,37.93,6.21
2026-03-12 22:51:06,21.62,88.42,1012.44,16.98,37.9,6.17
2026-03-12 23:01:06,22.22,89.42,1012.05,17.08,37.85,6.19
2026-03-12 23:11:06,22.6,88.85,1012.9,16.64,37.07,6.19
2026-03-12 23:21:06,21.21,89.57,1011.41,16.72,37.33,6.23
2026-03-12 23:31:06,21.55,89.24,1010.77,16.29,37.52,6.21
2026-03-12 23:41:06,21.11,89.13,1012.83,16.26,36.53,6.19
2026-03-12 23:51:06,21.35,90.0,1013.36,16.04,36.72,6.21
2026-03-13 00:01:06,21.61,89.32,1010.88,16.09,37.13,6.17
2026-03-13 00:11:06,21.81,89.72,1007.82,16.12,36.26,6.17
2026-03-13 00:21:06,21.26,89.93,1011.18,16.0,37.53,6.21
2026-03-13 00:31:06,21.01,90.0,1013.39,15.64,36.39,6.19
2026-03-13 00:41:06,21.6,89.87,1015.71,15.06,37.02,6.22
2026-03-13 00:51:06,21.22,90.0,1008.31,15.57,37.59,6.21
2026-03-13 01:01:06,21.0,90.0,1012.05,15.25,37.06,6.22
2026-03-13 01:11:06,21.2,89.72,1008.92,15.11,37.72,6.21
2026-03-13 01:21:06,21.36,90.0,1012.45,14.99,37.53,6.18
2026-03-13 01:31:06,21.0,90.0,1011.38,14.45,36.83,6.22
2026-03-13 01:41:06,21.46,90.0,1013.39,14.83,37.11,6.21
2026-03-13 01:51:06,21.0,90.0,1011.84,14.95,36.91,6.2
2026-03-13 02:01:06,21.21,89.75,1012.57,14.67,36.42,6.19
2026-03-13 02:11:06,21.37,89.65,1011.31,14.14,36.53,6.17
2026-03-13 02:21:06,21.28,90.0,1010.94,14.29,36.26,6.15
2026-03-13 02:31:06,21.0,89.38,1010.88,13.88,37.05,6.17
2026-03-13 02:41:06,21.41,90.0,1011.85,14.1,36.8,6.17
2026-03-13 02:51:06,21.15,90.0,1012.74,14.24,36.69,6.19
2026-03-13 03:01:06,21.11,90.0,1012.38,14.08,37.05,6.23
2026-03-13 03:11:06,21.07,89.44,1009.7,13.94,37.37,6.2
2026-03-13 03:21:06,21.45,90.0,1010.82,14.01,35.94,6.21
2026-03-13 03:31:06,21.57,89.05,1010.46,13.77,36.59,6.23
2026-03-13 03:41:06,21.27,89.75,1011.96,13.88,36.84,6.21
2026-03-13 03:51:06,21.85,90.0,1011.65,14.09,36.76,6.16
2026-03-13 04:01:06,21.29,89.34,1010.13,14.26,35.99,6.12
2026-03-13 04:11:06,22.23,89.4,1010.82,14.04,36.44,6.19
2026-03-13 04:21:06,21.84,90.0,1010.42,13.97,37.0,6.22
2026-03-13 04:31:06,21.34,89.26,1013.57,14.11,36.49,6.16
2026-03-13 04:41:06,21.75,89.49,1011.87,13.73,37.24,6.21
2026-03-13 04:51:06,21.95,89.76,1010.71,13.88,37.47,6.21
2026-03-13 05:01:06,22.29,88.9,1014.07,13.91,37.97,6.22
2026-03-13 05:11:06,22.2,89.12,1015.32,14.06,36.89,6.17
2026-03-13 05:21:06,22.41,88.21,1013.35,14.15,37.87,6.24
2026-03-13 05:31:06,22.43,88.89,1010.81,14.19,37.19,6.16
2026-03-13 05:41:06,22.38,88.95,1012.77,14.56,37.19,6.21
2026-03-13 05:51:06,23.0,88.73,1011.46,14.3,37.2,6.19
2026-03-13 06:01:06,22.69,88.06,1011.64,14.67,36.81,6.21
2026-03-13 06:11:06,22.75,87.74,1011.04,14.56,36.4,6.21
2026-03-13 06:21:06,23.36,88.24,1011.84,15.16,36.02,6.19
2026-03-13 06:31:06,22.91,88.12,1012.45,15.08,37.76,6.16
2026-03-13 06:41:06,23.32,87.36,1011.94,15.08,37.31,6.19
2026-03-13 06:51:06,23.6,87.2,1010.6,14.86,37.76,6.21
2026-03-13 07:01:06,23.34,87.41,1011.93,15.0,36.84,6.18
2026-03-13 07:11:06,23.75,87.23,1012.14,15.62,37.24,6.19
2026-03-13 07:21:06,23.88,87.0,1013.63,15.39,36.84,6.19
2026-03-13 07:31:06,24.13,87.68,1012.24,15.42,37.68,6.2
2026-03-13 07:41:06,23.79,86.96,1009.68,15.97,36.99,6.18
2026-03-13 07:51:06,24.41,86.71,1010.75,15.39,36.89,6.17
2026-03-13 08:01:06,24.73,86.18,1009.84,16.05,37.59,6.22
2026-03-13 08:11:06,24.25,86.78,1008.72,16.12,36.96,6.18
2026-03-13 08:21:06,25.29,86.95,1012.87,16.08,36.59,6.19
2026-03-13 08:31:06,25.19,86.51,1010.79,16.19,38.14,6.23
2026-03-13 08:41:06,25.02,86.2,1011.53,16.63,37.72,6.21
2026-03-13 08:51:06,24.99,86.81,1016.46,16.83,37.9,6.19
2026-03-13 09:01:06,25.82,85.53,1013.05,16.75,36.91,6.19
2026-03-13 09:11:06,25.51,86.11,1011.47,17.34,36.63,6.17
2026-03-13 09:21:06,25.84,85.8,1012.46,17.27,36.73,6.19
2026-03-13 09:31:06,26.14,85.89,1013.49,17.37,36.77,6.22
2026-03-13 09:41:06,25.96,85.68,1011.54,17.72,37.8,6.22
2026-03-13 09:51:06,25.98,85.62,1012.55,17.74,37.23,6.19
2026-03-13 10:01:06,26.3,84.98,1010.52,17.73,36.99,6.18
2026-03-13 10:11:06,26.2,85.01,1011.44,18.04,36.12,6.2
2026-03-13 10:21:06,26.48,85.89,1014.01,18.55,37.08,6.23
2026-03-13 10:31:06,26.91,85.15,1012.17,18.78,36.62,6.23
2026-03-13 10:41:06,26.29,86.4,1011.15,18.46,36.25,6.21
2026-03-13 10:51:06,26.81,84.7,1013.85,18.93,36.37,6.22
2026-03-13 11:01:06,26.5,84.59,1011.56,18.97,36.72,6.16
2026-03-13 11:11:06,27.02,84.67,1013.15,19.35,36.67,6.2
2026-03-13 11:21:06,27.13,84.83,1012.51,19.26,36.02,6.21
2026-03-13 11:31:06,27.5,84.95,1011.86,19.51,38.61,6.19
2026-03-13 11:41:06,27.24,84.66,1013.68,19.79,37.11,6.2
2026-03-13 11:51:06,27.63,84.18,1011.86,19.52,35.34,6.19
2026-03-13 12:01:06,27.92,84.31,1014.93,20.09,37.25,6.16
2026-03-13 12:11:06,28.0,84.64,1011.9,20.15,36.62,6.22
2026-03-13 12:21:06,27.67,84.0,1011.42,19.78,36.39,6.23
2026-03-13 12:31:06,28.0,84.0,1011.45,20.35,36.09,6.22
2026-03-13 12:41:06,27.61,84.0,1012.37,21.01,36.36,6.2
2026-03-13 12:51:06,26.99,84.0,1011.64,20.81,36.85,6.19
2026-03-13 13:01:06,27.87,84.1,1011.97,20.7,36.74,6.18
2026-03-13 13:11:06,27.92,84.23,1010.76,21.22,36.89,6.19
2026-03-13 13:21:06,27.96,84.48,1011.32,20.99,36.96,6.18
2026-03-13 13:31:06,28.0,84.0,1011.04,21.16,36.01,6.21
2026-03-13 13:41:06,27.59,84.07,1011.19,21.35,36.06,6.17
2026-03-13 13:51:06,28.0,84.03,1013.09,21.41,36.57,6.23
2026-03-13 14:01:06,28.0,84.69,1014.32,21.53,36.08,6.18
2026-03-13 14:11:06,27.73,84.0,1012.97,21.83,37.8,6.19
2026-03-13 14:21:06,28.0,84.18,1011.32,21.49,35.86,6.2
2026-03-13 14:31:06,27.8,84.0,1014.32,21.39,36.91,6.22
2026-03-13 14:41:06,28.0,84.19,1015.27,21.74,36.56,6.22
2026-03-13 14:51:06,27.43,84.0,1012.25,22.11,37.23,6.2
2026-03-13 15:01:06,27.87,84.16,1012.23,22.1,36.99,6.19
2026-03-13 15:11:06,27.84,84.51,1009.97,21.8,37.91,6.23
2026-03-13 15:21:06,27.48,84.75,1011.16,22.01,37.33,6.2
2026-03-13 15:31:06,28.0,84.47,1012.55,21.98,36.98,6.18
2026-03-13 15:41:06,27.25,84.0,1013.28,22.37,37.4,6.19
2026-03-13 15:51:06,27.75,84.06,1011.26,22.21,35.57,6.21
2026-03-13 16:01:06,27.2,84.0,1013.2,22.28,36.46,6.19
2026-03-13 16:11:06,27.73,84.66,1011.15,22.28,36.67,6.21
2026-03-13 16:21:06,27.95,84.64,1014.95,21.9,35.74,6.2
2026-03-13 16:31:06,27.56,84.0,1013.29,21.73,36.23,6.21
2026-03-13 16:41:06,27.23,84.51,1011.65,21.9,36.13,6.19
2026-03-13 16:51:06,27.05,84.2,1014.16,21.77,36.74,6.18
2026-03-13 17:01:06,27.14,85.15,1010.01,21.85,36.24,6.18
2026-03-13 17:11:06,26.82,85.94,1012.19,21.74,36.02,6.2
2026-03-13 17:21:06,26.59,85.35,1014.13,21.58,35.69,6.18
2026-03-13 17:31:06,26.24,84.13,1012.82,21.93,36.86,6.21
2026-03-13 17:41:06,26.26,84.82,1012.43,21.56,36.32,6.18
2026-03-13 17:51:06,26.66,84.67,1015.2,21.21,36.45,6.17
2026-03-13 18:01:06,26.04,86.4,1010.22,21.47,37.24,6.22
2026-03-13 18:11:06,25.81,86.11,1013.32,21.31,37.53,6.2
2026-03-13 18:21:06,26.08,85.83,1010.97,20.95,36.16,6.22
2026-03-13 18:31:06,25.49,85.42,1011.13,21.37,36.03,6.18
2026-03-13 18:41:06,25.96,85.25,1013.36,20.9,35.79,6.19
2026-03-13 18:51:06,26.06,85.68,1008.17,20.9,36.46,6.18
2026-03-13 19:01:06,25.1,86.43,1011.44,21.14,36.51,6.19
2026-03-13 19:11:06,25.31,86.78,1011.78,20.65,36.68,6.19
2026-03-13 19:21:06,25.37,86.62,1010.65,20.63,37.64,6.2
2026-03-13 19:31:06,24.81,85.86,1010.08,20.51,36.26,6.15
2026-03-13 19:41:06,25.1,87.21,1012.17,20.36,36.34,6.2
2026-03-13 19:51:06,24.89,87.34,1008.65,20.18,36.55,6.22
2026-03-13 20:01:06,24.33,87.5,1011.23,20.0,36.55,6.2
2026-03-13 20:11:06,24.39,87.05,1014.98,20.03,36.13,6.24
2026-03-13 20:21:06,24.55,87.67,1009.28,20.07,37.15,6.23
2026-03-13 20:31:06,24.8,86.86,1015.41,19.44,35.44,6.21
2026-03-13 20:41:06,23.45,87.79,1010.77,19.0,35.94,6.23
2026-03-13 20:51:06,23.73,88.51,1010.27,19.14,36.51,6.24
2026-03-13 21:01:06,23.99,87.42,1012.19,18.75,36.62,6.18
2026-03-13 21:11:06,23.1,87.64,1009.91,18.74,36.8,6.24
2026-03-13 21:21:06,23.04,88.08,1010.74,19.02,36.67,6.23
2026-03-13 21:31:06,23.12,88.4,1013.17,18.72,37.52,6.19
2026-03-13 21:41:06,22.86,88.01,1010.92,18.07,36.23,6.22
2026-03-13 21:51:06,22.42,88.18,1012.69,18.21,37.37,6.18
2026-03-13 22:01:06,23.39,87.77,1013.14,18.14,36.31,6.2
2026-03-13 22:11:06,22.5,88.69,1010.65,17.59,36.6,6.2
2026-03-13 22:21:06,21.9,89.3,1011.61,17.8,35.59,6.21
2026-03-13 22:31:06,21.93,87.92,1012.34,17.5,36.54,6.19
2026-03-13 22:41:06,22.31,88.84,1012.6,17.07,35.4,6.24
2026-03-13 22:51:06,22.23,89.53,1009.48,17.19,36.63,6.19
2026-03-13 23:01:06,21.95,89.75,1010.8,16.79,36.44,6.18
2026-03-13 23:11:06,21.55,88.44,1010.7,16.81,37.11,6.19
2026-03-13 23:21:06,21.63,88.95,1012.76,16.59,36.89,6.19
2026-03-13 23:31:06,21.9,90.0,1010.67,16.43,36.59,6.2
2026-03-13 23:41:06,21.7,89.41,1011.01,16.09,36.86,6.2
2026-03-13 23:51:06,21.29,89.57,1012.94,15.97,36.76,6.2
2026-03-14 00:01:06,21.12,89.66,1013.75,16.18,36.21,6.19
2026-03-14 00:11:06,21.0,90.0,1011.09,16.2,36.77,6.2
2026-03-14 00:21:06,21.0,90.0,1013.16,15.43,36.85,6.19
2026-03-14 00:31:06,21.0,89.71,1007.95,15.4,36.22,6.21
2026-03-14 00:41:06,21.38,89.54,1012.77,15.74,36.46,6.22
2026-03-14 00:51:06,21.46,89.92,1013.19,15.48,36.43,6.19
2026-03-14 01:01:06,21.54,90.0,1015.29,15.42,36.11,6.17
2026-03-14 01:11:06,21.0,89.62,1010.25,14.9,35.48,6.18
2026-03-14 01:21:06,21.16,89.94,1009.64,14.56,36.41,6.24
2026-03-14 01:31:06,21.14,89.01,1011.94,15.06,36.04,6.21
2026-03-14 01:41:06,21.04,89.61,1014.33,14.75,37.62,6.2
2026-03-14 01:51:06,21.69,89.74,1012.24,14.61,36.03,6.18
2026-03-14 02:01:06,21.02,89.37,1011.6,14.44,35.5,6.18
2026-03-14 02:11:06,21.18,90.0,1012.68,14.19,36.98,6.23
2026-03-14 02:21:06,21.0,89.55,1008.93,14.69,35.89,6.22
2026-03-14 02:31:06,21.0,90.0,1011.46,13.96,37.28,6.2
2026-03-14 02:41:06,21.0,90.0,1011.19,13.96,35.5,6.21
2026-03-14 02:51:06,21.0,90.0,1013.6,14.03,36.6,6.18
2026-03-14 03:01:06,21.39,90.0,1014.35,13.78,36.48,6.22
2026-03-14 03:11:06,21.0,90.0,1013.62,14.19,36.63,6.23
2026-03-14 03:21:06,21.22,89.29,1011.81,13.88,36.11,6.17
2026-03-14 03:31:06,21.6,89.51,1009.38,14.23,36.03,6.19
2026-03-14 03:41:06,21.0,89.3,1011.08,14.45,36.93,6.21
2026-03-14 03:51:06,21.35,90.0,1010.55,14.52,36.7,6.19
2026-03-14 04:01:06,21.44,88.59,1014.59,14.12,35.95,6.16
2026-03-14 04:11:06,21.46,89.51,1012.05,14.34,36.67,6.2
2026-03-14 04:21:06,21.96,89.76,1010.19,13.89,36.52,6.17
2026-03-14 04:31:06,22.13,89.46,1014.2,14.0,36.76,6.23
2026-03-14 04:41:06,21.12,89.05,1010.53,14.39,36.32,6.21
2026-03-14 04:51:06,22.42,88.94,1011.71,14.14,36.76,6.18
2026-03-14 05:01:06,21.98,88.81,1012.39,14.32,36.11,6.21
2026-03-14 05:11:06,22.13,88.58,1011.41,14.4,36.32,6.2
2026-03-14 05:21:06,21.91,88.3,1011.37,14.28,35.83,6.18
2026-03-14 05:31:06,22.1,88.99,1010.78,14.42,36.24,6.21
2026-03-14 05:41:06,22.33,87.91,1011.46,14.29,35.33,6.19
2026-03-14 05:51:06,22.47,87.88,1009.96,14.23,36.4,6.16
2026-03-14 06:01:06,23.24,89.04,1010.94,14.29,36.43,6.22
2026-03-14 06:11:06,22.82,87.86,1010.32,14.69,36.33,6.19
2026-03-14 06:21:06,22.83,88.42,1013.73,14.93,35.48,6.21
2026-03-14 06:31:06,22.87,87.99,1013.04,14.97,35.67,6.2
2026-03-14 06:41:06,23.49,87.43,1013.41,14.66,35.96,6.19
2026-03-14 06:51:06,23.81,88.17,1008.71,15.0,36.13,6.17
2026-03-14 07:01:06,23.65,87.67,1011.83,15.23,36.55,6.17
2026-03-14 07:11:06,23.9,87.94,1013.57,15.25,36.02,6.2
2026-03-14 07:21:06,24.01,88.47,1011.28,15.59,35.56,6.2
2026-03-14 07:31:06,23.96,87.67,1009.06,15.7,35.89,6.16
2026-03-14 07:41:06,24.12,86.89,1013.15,16.02,36.49,6.22
2026-03-14 07:51:06,24.13,86.93,1011.71,15.58,36.45,6.18
2026-03-14 08:01:06,24.48,86.8,1012.83,15.98,35.9,6.17
2026-03-14 08:11:06,24.9,86.02,1012.84,16.22,36.14,6.25
2026-03-14 08:21:06,24.53,88.06,1012.72,16.11,35.89,6.22
2026-03-14 08:31:06,25.25,86.24,1012.96,16.72,35.9,6.2
2026-03-14 08:41:06,25.53,85.62,1014.17,16.88,35.98,6.19
2026-03-14 08:51:06,25.39,85.99,1011.96,16.47,36.24,6.18
2026-03-14 09:01:06,25.31,86.93,1009.99,16.95,36.96,6.18
2026-03-14 09:11:06,25.68,86.6,1009.77,17.25,35.57,6.21
2026-03-14 09:21:06,25.53,86.74,1010.85,17.29,36.11,6.24
2026-03-14 09:31:06,26.19,86.23,1013.18,17.53,36.39,6.22
2026-03-14 09:41:06,26.06,85.86,1010.77,17.81,36.4,6.18
2026-03-14 09:51:06,26.06,84.83,1010.1,17.83,37.41,6.18
2026-03-14 10:01:06,26.8,84.81,1011.81,18.21,35.92,6.2
2026-03-14 10:11:06,26.77,85.07,1013.95,18.43,35.82,6.23
2026-03-14 10:21:06,26.86,85.63,1013.94,18.18,35.35,6.17
2026-03-14 10:31:06,26.22,85.23,1010.83,18.21,35.77,6.17
2026-03-14 10:41:06,26.78,85.97,1013.33,18.55,35.98,6.19
2026-03-14 10:51:06,27.15,86.11,1011.9,18.73,36.59,6.24
2026-03-14 11:01:06,26.61,84.21,1011.14,19.35,36.66,6.23
2026-03-14 11:11:06,27.06,84.38,1012.08,19.21,36.2,6.21
2026-03-14 11:21:06,27.24,84.38,1014.13,19.15,36.28,6.19
2026-03-14 11:31:06,27.39,85.23,1010.64,19.41,35.48,6.25
2026-03-14 11:41:06,27.17,84.0,1013.2,19.76,36.79,6.24
2026-03-14 11:51:06,27.51,84.0,1013.36,20.08,35.39,6.21
2026-03-14 12:01:06,27.57,84.62,1011.38,20.34,36.2,6.21
2026-03-14 12:11:06,27.22,84.0,1012.03,19.96,35.32,6.15
2026-03-14 12:21:06,27.22,84.57,1010.63,20.49,35.9,6.17
2026-03-14 12:31:06,27.92,84.02,1013.7,20.69,35.82,6.2
2026-03-14 12:41:06,27.82,84.47,1012.81,20.56,35.41,6.17
2026-03-14 12:51:06,27.96,84.0,1009.63,20.74,36.77,6.22
2026-03-14 13:01:06,28.0,84.65,1012.41,20.94,36.28,6.22
2026-03-14 13:11:06,28.0,84.0,1013.0,21.33,35.66,6.19
2026-03-14 13:21:06,28.0,84.11,1011.72,21.17,36.01,6.2
2026-03-14 13:31:06,27.6,84.0,1012.22,21.29,35.41,6.19
2026-03-14 13:41:06,28.0,84.0,1012.14,21.15,35.07,6.19
2026-03-14 13:51:06,27.69,84.72,1012.76,21.01,36.83,6.21
2026-03-14 14:01:06,28.0,84.26,1010.98,21.28,36.08,6.23
2026-03-14 14:11:06,28.0,84.28,1011.67,21.88,35.56,6.19
2026-03-14 14:21:06,28.0,84.97,1011.61,21.72,36.75,6.22
2026-03-14 14:31:06,27.52,84.0,1011.86,22.19,35.6,6.19
2026-03-14 14:41:06,28.0,84.0,1014.49,21.61,36.14,6.17
2026-03-14 14:51:06,27.48,84.0,1009.41,21.55,36.77,6.18
2026-03-14 15:01:06,27.97,84.0,1010.73,21.55,35.51,6.21
2026-03-14 15:11:06,27.47,84.22,1013.23,21.92,35.92,6.2
2026-03-14 15:21:06,28.0,84.92,1011.07,21.89,35.91,6.2
2026-03-14 15:31:06,28.0,84.31,1011.08,21.92,35.77,6.19
2026-03-14 15:41:06,27.45,84.0,1011.66,21.77,35.85,6.19
2026-03-14 15:51:06,27.82,84.83,1012.65,22.24,35.24,6.19
2026-03-14 16:01:06,27.43,84.84,1009.25,22.36,36.34,6.24
2026-03-14 16:11:06,27.8,84.0,1015.02,22.31,36.1,6.22
2026-03-14 16:21:06,27.73,84.23,1013.57,22.16,35.79,6.23
2026-03-14 16:31:06,26.6,84.54,1013.66,21.48,35.45,6.17
2026-03-14 16:41:06,27.34,85.25,1013.05,21.86,35.71,6.23
2026-03-14 16:51:06,27.08,85.87,1014.82,22.04,36.61,6.21
2026-03-14 17:01:06,26.65,85.56,1012.05,21.82,35.92,6.18
2026-03-14 17:11:06,26.8,86.05,1010.51,21.76,36.74,6.2
2026-03-14 17:21:06,27.07,85.34,1009.9,21.78,37.15,6.23
2026-03-14 17:31:06,26.65,85.96,1012.58,21.55,35.77,6.22
2026-03-14 17:41:06,26.5,86.11,1010.93,21.33,35.63,6.23
2026-03-14 17:51:06,26.42,86.13,1012.47,21.79,36.02,6.19
2026-03-14 18:01:06,26.14,84.09,1010.85,21.39,36.17,6.18
2026-03-14 18:11:06,26.46,86.52,1007.79,21.37,35.96,6.18
2026-03-14 18:21:06,25.73,85.77,1011.94,21.4,35.24,6.2
2026-03-14 18:31:06,25.71,85.49,1013.6,21.04,35.45,6.22
2026-03-14 18:41:06,25.23,86.28,1014.2,21.19,36.36,6.18
2026-03-14 18:51:06,25.75,86.82,1010.66,20.87,35.37,6.24
2026-03-14 19:01:06,25.21,87.09,1009.66,20.51,36.7,6.2
2026-03-14 19:11:06,25.13,86.34,1011.06,20.52,36.07,6.19
2026-03-14 19:21:06,25.21,86.84,1010.19,20.81,35.67,6.21
2026-03-14 19:31:06,24.5,87.12,1009.35,20.22,36.4,6.14
2026-03-14 19:41:06,25.08,86.93,1011.26,20.49,35.71,6.22
2026-03-14 19:51:06,24.72,86.37,1011.23,20.12,35.8,6.2
2026-03-14 20:01:06,25.22,86.94,1011.51,19.95,36.19,6.23
2026-03-14 20:11:06,24.69,88.07,1011.5,20.22,35.3,6.17
2026-03-14 20:21:06,24.16,87.56,1011.55,19.67,36.38,6.21
2026-03-14 20:31:06,24.66,87.5,1011.72,19.75,34.55,6.15
2026-03-14 20:41:06,24.36,87.05,1010.39,19.31,35.97,6.21
2026-03-14 20:51:06,24.15,87.38,1010.28,19.1,36.17,6.2
2026-03-14 21:01:06,23.71,87.85,1013.56,18.98,35.14,6.21
2026-03-14 21:11:06,23.26,87.89,1012.9,18.58,36.09,6.14
2026-03-14 21:21:06,23.14,88.14,1013.81,18.48,36.67,6.22
2026-03-14 21:31:06,23.26,87.9,1011.54,18.43,35.81,6.19
2026-03-14 21:41:06,23.03,89.14,1009.38,18.25,35.65,6.17
2026-03-14 21:51:06,22.43,88.31,1010.4,18.45,36.23,6.17
2026-03-14 22:01:06,22.76,88.47,1013.71,18.1,36.08,6.22
2026-03-14 22:11:06,22.41,89.45,1012.38,17.88,34.72,6.2
2026-03-14 22:21:06,22.79,88.7,1010.9,17.32,35.65,6.16
2026-03-14 22:31:06,22.01,89.32,1013.4,17.45,36.26,6.22
2026-03-14 22:41:06,22.13,89.06,1011.7,17.44,35.15,6.23
2026-03-14 22:51:06,22.09,88.8,1009.82,17.21,36.36,6.22
2026-03-14 23:01:06,21.83,89.22,1009.96,17.21,36.38,6.18
2026-03-14 23:11:06,21.65,89.05,1013.19,16.48,35.53,6.24
2026-03-14 23:21:06,21.76,88.95,1010.29,16.7,35.64,6.2
2026-03-14 23:31:06,21.45,89.19,1009.75,16.42,34.85,6.23
2026-03-14 23:41:06,21.79,88.64,1013.11,16.28,36.02,6.21
2026-03-14 23:51:06,22.18,89.53,1011.08,16.27,35.7,6.2
2026-03-15 00:01:06,21.58,90.0,1011.88,15.78,35.14,6.21
2026-03-15 00:11:06,21.76,89.85,1013.41,15.69,35.52,6.21
2026-03-15 00:21:06,21.37,89.52,1012.18,16.06,35.6,6.16
2026-03-15 00:31:06,21.08,90.0,1012.89,15.05,36.01,6.19
2026-03-15 00:41:06,21.22,89.73,1014.42,15.45,35.31,6.21
2026-03-15 00:51:06,21.15,90.0,1010.69,15.21,36.04,6.24
2026-03-15 01:01:06,21.27,89.6,1011.23,15.01,35.44,6.22
2026-03-15 01:11:06,21.27,90.0,1011.59,15.27,35.12,6.2
2026-03-15 01:21:06,21.22,90.0,1010.67,15.0,35.9,6.21
2026-03-15 01:31:06,21.0,89.72,1011.15,14.92,36.23,6.23
2026-03-15 01:41:06,21.47,90.0,1013.33,14.6,35.37,6.21
2026-03-15 01:51:06,21.41,90.0,1009.27,14.68,35.97,6.21
2026-03-15 02:01:06,21.15,90.0,1010.67,14.73,35.84,6.2
2026-03-15 02:11:06,21.0,90.0,1010.21,14.21,35.74,6.2
2026-03-15 02:21:06,21.24,90.0,1013.93,13.99,35.48,6.19
2026-03-15 02:31:06,21.2,90.0,1010.67,14.68,34.98,6.19
2026-03-15 02:41:06,21.0,89.88,1011.6,14.14,34.99,6.2
2026-03-15 02:51:06,21.14,90.0,1012.51,14.06,35.54,6.2
2026-03-15 03:01:06,21.42,89.56,1009.98,14.3,36.03,6.19
2026-03-15 03:11:06,21.4,89.16,1011.6,14.1,35.71,6.19
2026-03-15 03:21:06,21.0,89.72,1013.09,14.12,35.55,6.2
2026-03-15 03:31:06,21.21,90.0,1008.54,14.02,35.32,6.24
2026-03-15 03:41:06,21.61,89.12,1012.01,13.82,36.62,6.18
2026-03-15 03:51:06,21.52,89.19,1014.86,13.82,35.41,6.22
2026-03-15 04:01:06,21.36,89.33,1014.39,14.16,36.29,6.18
2026-03-15 04:11:06,21.57,88.96,1009.23,14.0,35.34,6.21
2026-03-15 04:21:06,21.3,88.66,1011.84,13.54,36.26,6.23
2026-03-15 04:31:06,21.75,89.15,1010.68,14.15,35.04,6.24
2026-03-15 04:41:06,22.2,88.67,1012.7,13.95,35.73,6.21
2026-03-15 04:51:06,22.58,89.28,1011.74,14.19,35.37,6.19
2026-03-15 05:01:06,22.23,89.34,1011.75,14.17,36.12,6.19
2026-03-15 05:11:06,22.03,88.9,1014.78,14.15,36.03,6.2
2026-03-15 05:21:06,22.57,87.96,1013.43,13.98,35.18,6.2
2026-03-15 05:31:06,22.51,88.77,1010.86,14.34,35.13,6.18
2026-03-15 05:41:06,22.79,89.34,1011.32,14.31,35.6,6.24
2026-03-15 05:51:06,22.62,88.75,1011.48,14.47,34.75,6.24
2026-03-15 06:01:06,23.4,88.28,1011.85,14.74,34.9,6.15
2026-03-15 06:11:06,22.79,88.38,1009.12,14.48,35.71,6.19
2026-03-15 06:21:06,23.17,88.05,1012.75,14.76,34.81,6.24
2026-03-15 06:31:06,23.36,88.79,1012.18,14.72,34.84,6.2
2026-03-15 06:41:06,22.79,87.53,1009.55,14.66,35.45,6.2
2026-03-15 06:51:06,23.49,88.02,1013.44,14.92,35.67,6.17
2026-03-15 07:01:06,23.37,87.5,1012.31,15.06,36.18,6.21
2026-03-15 07:11:06,23.64,87.93,1014.78,15.71,35.43,6.23
2026-03-15 07:21:06,23.82,87.28,1011.96,15.58,35.05,6.2
2026-03-15 07:31:06,24.1,87.7,1011.87,15.57,35.59,6.22
2026-03-15 07:41:06,24.16,87.59,1012.55,15.75,34.94,6.21
2026-03-15 07:51:06,24.42,86.43,1014.48,15.78,36.18,6.17
2026-03-15 08:01:06,24.68,87.12,1010.9,16.02,35.75,6.19
2026-03-15 08:11:06,24.42,86.12,1008.39,16.08,35.73,6.21
2026-03-15 08:21:06,24.69,86.15,1012.8,16.18,34.6,6.23
2026-03-15 08:31:06,24.85,86.62,1011.26,16.27,34.97,6.2
2026-03-15 08:41:06,25.59,86.77,1011.96,16.89,35.71,6.17
2026-03-15 08:51:06,25.07,86.74,1014.97,16.48,35.4,6.18
2026-03-15 09:01:06,25.43,86.04,1014.48,17.36,35.91,6.21
2026-03-15 09:11:06,25.61,85.91,1013.24,17.29,35.62,6.18
2026-03-15 09:21:06,25.98,85.89,1009.63,17.4,35.63,6.18
2026-03-15 09:31:06,26.4,85.81,1012.83,17.4,34.43,6.2
2026-03-15 09:41:06,26.18,85.73,1012.79,17.62,34.58,6.19
2026-03-15 09:51:06,26.4,85.45,1010.96,17.73,36.39,6.22
2026-03-15 10:01:06,26.47,84.95,1010.54,17.86,35.66,6.21
2026-03-15 10:11:06,26.24,85.71,1011.23,18.18,35.08,6.19
2026-03-15 10:21:06,26.77,85.51,1012.48,18.43,35.67,6.19
2026-03-15 10:31:06,26.69,84.44,1012.95,18.51,35.25,6.2
2026-03-15 10:41:06,26.81,84.63,1012.87,18.7,34.94,6.2
2026-03-15 10:51:06,27.32,85.78,1013.84,18.52,35.78,6.21
2026-03-15 11:01:06,27.56,84.4,1009.79,19.33,34.62,6.23
2026-03-15 11:11:06,27.49,84.87,1011.96,19.06,35.75,6.21
2026-03-15 11:21:06,26.8,85.28,1012.04,19.1,35.63,6.17
2026-03-15 11:31:06,27.26,84.65,1012.88,19.27,35.61,6.2
2026-03-15 11:41:06,26.8,84.0,1011.69,19.76,34.88,6.21
2026-03-15 11:51:06,27.52,84.12,1009.38,20.13,35.47,6.17
2026-03-15 12:01:06,27.72,84.0,1011.29,19.98,34.67,6.22
2026-03-15 12:11:06,27.94,84.18,1013.64,19.85,35.36,6.17
2026-03-15 12:21:06,27.32,84.37,1015.28,20.39,34.88,6.21
2026-03-15 12:31:06,27.86,84.67,1012.71,20.41,35.6,6.18
2026-03-15 12:41:06,27.6,84.0,1012.05,20.74,35.88,6.21
2026-03-15 12:51:06,27.94,84.36,1013.37,21.05,35.27,6.22
2026-03-15 13:01:06,27.89,84.54,1013.06,20.81,35.22,6.2
2026-03-15 13:11:06,27.74,84.0,1010.27,20.92,34.85,6.19
2026-03-15 13:21:06,28.0,84.0,1012.74,20.89,35.69,6.24
2026-03-15 13:31:06,28.0,84.0,1010.31,21.01,35.06,6.21
2026-03-15 13:41:06,28.0,84.12,1010.54,21.25,35.45,6.18
2026-03-15 13:51:06,27.49,84.04,1011.14,21.24,36.1,6.19
2026-03-15 14:01:06,27.99,84.0,1012.48,21.44,35.45,6.2
2026-03-15 14:11:06,27.2,84.0,1012.17,21.68,34.17,6.21
2026-03-15 14:21:06,27.72,84.0,1011.85,21.44,34.83,6.19
2026-03-15 14:31:06,28.0,84.0,1011.48,21.78,35.89,6.22
2026-03-15 14:41:06,27.71,84.24,1012.77,21.75,35.03,6.19
2026-03-15 14:51:06,27.94,84.0,1012.42,21.97,34.99,6.17
2026-03-15 15:01:06,27.76,84.0,1012.5,21.61,35.68,6.19
2026-03-15 15:11:06,27.94,84.17,1013.73,21.97,35.32,6.22
2026-03-15 15:21:06,27.92,84.0,1014.7,21.75,35.74,6.19
2026-03-15 15:31:06,27.58,84.5,1013.4,22.09,35.55,6.18
2026-03-15 15:41:06,27.24,84.6,1010.98,21.92,35.25,6.19
2026-03-15 15:51:06,28.0,84.59,1012.87,22.45,35.13,6.15
2026-03-15 16:01:06,28.0,84.3,1014.56,22.13,36.16,6.2
2026-03-15 16:11:06,27.71,84.49,1014.63,21.97,35.28,6.22
2026-03-15 16:21:06,27.57,84.36,1010.8,22.0,35.3,6.21
2026-03-15 16:31:06,26.64,84.0,1011.68,22.2,34.63,6.23
2026-03-15 16:41:06,27.26,85.45,1012.01,21.92,35.26,6.2
2026-03-15 16:51:06,27.19,84.97,1008.78,21.55,35.53,6.24
2026-03-15 17:01:06,26.64,85.16,1011.78,21.82,35.32,6.2
2026-03-15 17:11:06,26.63,84.95,1011.66,21.68,35.5,6.19
2026-03-15 17:21:06,26.76,84.68,1012.01,21.8,35.22,6.17
2026-03-15 17:31:06,26.28,85.11,1013.73,21.66,35.5,6.2
2026-03-15 17:41:06,25.99,84.93,1012.12,21.15,34.65,6.21
2026-03-15 17:51:06,26.39,84.82,1011.32,21.76,34.81,6.23
2026-03-15 18:01:06,26.1,84.94,1008.5,21.73,35.67,6.22
2026-03-15 18:11:06,26.39,85.05,1009.96,21.44,35.81,6.23
2026-03-15 18:21:06,25.97,86.15,1012.2,21.23,35.78,6.17
2026-03-15 18:31:06,25.52,85.97,1011.25,21.27,34.53,6.18
2026-03-15 18:41:06,24.81,86.34,1009.07,21.15,35.02,6.22
2026-03-15 18:51:06,25.63,86.22,1012.07,20.92,35.69,6.23
2026-03-15 19:01:06,25.39,85.86,1016.55,20.74,34.39,6.22
2026-03-15 19:11:06,25.27,85.78,1010.36,20.53,35.18,6.19
2026-03-15 19:21:06,24.86,86.67,1012.51,20.72,34.44,6.23
2026-03-15 19:31:06,25.21,86.16,1012.98,20.54,35.33,6.25
2026-03-15 19:41:06,24.51,86.9,1012.57,20.31,34.82,6.2
2026-03-15 19:51:06,24.95,87.11,1013.09,20.11,34.97,6.21
2026-03-15 20:01:06,23.89,87.21,1014.09,19.98,35.79,6.21
2026-03-15 20:11:06,24.42,86.76,1012.4,19.97,34.11,6.18
2026-03-15 20:21:06,23.43,87.1,1012.54,19.7,35.04,6.23
2026-03-15 20:31:06,23.94,86.45,1012.1,19.38,34.95,6.21
2026-03-15 20:41:06,23.2,88.79,1013.8,19.36,36.14,6.21
2026-03-15 20:51:06,23.86,87.03,1012.37,19.0,35.13,6.18
2026-03-15 21:01:06,23.78,88.59,1012.9,18.72,35.38,6.19
2026-03-15 21:11:06,23.42,87.83,1011.27,18.93,35.08,6.25
2026-03-15 21:21:06,23.31,88.41,1011.93,18.57,34.93,6.21
2026-03-15 21:31:06,22.92,88.22,1011.66,18.14,34.49,6.21
2026-03-15 21:41:06,23.11,88.71,1009.3,18.17,34.81,6.18
2026-03-15 21:51:06,22.74,88.58,1015.1,18.19,33.96,6.19
2026-03-15 22:01:06,22.71,88.75,1010.15,17.54,34.85,6.24
2026-03-15 22:11:06,22.5,88.73,1013.53,17.74,36.46,6.24
2026-03-15 22:21:06,22.44,88.68,1012.15,17.46,35.69,6.18
2026-03-15 22:31:06,22.09,89.02,1013.53,17.5,35.48,6.23
2026-03-15 22:41:06,22.3,88.86,1012.84,17.29,34.51,6.24
2026-03-15 22:51:06,21.65,89.28,1010.94,16.92,35.69,6.19
2026-03-15 23:01:06,21.71,88.9,1013.77,16.82,35.17,6.19
2026-03-15 23:11:06,22.37,89.89,1012.92,16.61,35.27,6.22
2026-03-15 23:21:06,21.79,89.57,1010.81,16.59,34.42,6.19
2026-03-15 23:31:06,21.94,89.59,1012.64,16.48,34.5,6.2
2026-03-15 23:41:06,21.75,89.78,1011.87,16.05,36.39,6.23
2026-03-15 23:51:06,21.79,90.0,1013.01,16.01,40.74,6.21
2026-03-16 00:01:06,21.01,89.4,1011.29,16.06,40.28,6.22
2026-03-16 00:11:06,21.38,89.41,1009.36,15.9,39.87,6.19
2026-03-16 00:21:06,21.51,89.32,1011.72,15.87,39.95,6.22
2026-03-16 00:31:06,21.0,90.0,1012.29,15.5,40.24,6.2
2026-03-16 00:41:06,21.02,89.49,1014.42,15.51,40.27,6.2
2026-03-16 00:51:06,21.66,90.0,1013.02,15.03,39.99,6.17
2026-03-16 01:01:06,21.39,89.73,1011.31,15.41,40.0,6.19
2026-03-16 01:11:06,21.31,89.2,1012.67,15.26,39.81,6.17
2026-03-16 01:21:06,21.5,90.0,1012.85,14.85,40.5,6.2
2026-03-16 01:31:06,21.0,89.37,1011.4,14.75,40.04,6.19
2026-03-16 01:41:06,21.0,89.61,1011.11,14.83,40.07,6.18
2026-03-16 01:51:06,21.0,89.97,1011.2,14.96,40.47,6.2
2026-03-16 02:01:06,21.28,90.0,1011.31,14.67,39.79,6.17
2026-03-16 02:11:06,21.0,90.0,1009.26,14.25,40.33,6.2
2026-03-16 02:21:06,21.07,89.99,1015.3,14.21,40.49,6.22
2026-03-16 02:31:06,21.01,89.95,1015.0,14.24,40.5,6.17
2026-03-16 02:41:06,21.24,89.52,1013.53,14.32,40.28,6.21
2026-03-16 02:51:06,21.05,90.0,1011.76,14.18,40.34,6.26
2026-03-16 03:01:06,21.21,89.26,1014.26,14.19,39.04,6.21
2026-03-16 03:11:06,21.25,89.99,1016.52,14.1,39.81,6.22
2026-03-16 03:21:06,21.33,89.47,1012.73,14.08,39.23,6.19
2026-03-16 03:31:06,21.33,89.94,1013.26,13.84,39.38,6.2
2026-03-16 03:41:06,21.37,89.34,1011.37,13.82,39.51,6.21
2026-03-16 03:51:06,21.16,90.0,1013.24,14.15,39.95,6.16
2026-03-16 04:01:06,21.56,89.32,1012.8,14.16,39.11,6.18
2026-03-16 04:11:06,21.14,88.91,1012.38,13.91,39.92,6.2
2026-03-16 04:21:06,21.52,89.55,1009.5,14.14,39.64,6.21
2026-03-16 04:31:06,21.98,89.83,1011.76,14.27,39.76,6.26
2026-03-16 04:41:06,22.04,89.26,1010.92,13.9,40.42,6.26
2026-03-16 04:51:06,21.85,88.45,1014.08,14.35,39.69,6.15
2026-03-16 05:01:06,22.22,90.0,1013.68,13.77,40.07,6.18
2026-03-16 05:11:06,22.32,87.67,1014.22,14.06,39.6,6.22
2026-03-16 05:21:06,22.3,88.79,1011.99,14.51,40.01,6.21
2026-03-16 05:31:06,21.67,89.14,1010.24,14.18,39.51,6.17
2026-03-16 05:41:06,22.04,88.83,1013.15,14.25,40.37,6.19
2026-03-16 05:51:06,22.39,88.55,1009.87,14.49,39.36,6.22
2026-03-16 06:01:06,22.51,87.75,1009.58,14.92,40.03,6.22
2026-03-16 06:11:06,23.22,87.83,1013.13,14.59,39.8,6.2
2026-03-16 06:21:06,22.85,87.51,1012.37,14.52,39.93,6.21
2026-03-16 06:31:06,23.0,88.24,1011.64,14.73,39.39,6.21
2026-03-16 06:41:06,23.36,87.26,1012.53,15.12,39.68,6.21
2026-03-16 06:51:06,23.55,88.42,1011.78,15.29,39.52,6.19
2026-03-16 07:01:06,23.5,87.99,1011.76,15.36,40.2,6.17
2026-03-16 07:11:06,24.03,87.46,1014.64,15.38,40.07,6.2
2026-03-16 07:21:06,24.46,88.04,1012.37,15.96,39.62,6.2
2026-03-16 07:31:06,24.22,87.29,1012.11,15.73,39.19,6.21
2026-03-16 07:41:06,24.33,87.25,1012.97,15.96,39.54,6.22
2026-03-16 07:51:06,25.33,86.82,1011.35,15.93,39.83,6.21
2026-03-16 08:01:06,23.63,87.21,1010.82,15.83,38.97,6.19
2026-03-16 08:11:06,24.85,86.6,1010.66,15.89,39.92,6.22
2026-03-16 08:21:06,24.42,86.41,1011.25,16.25,38.93,6.19
2026-03-16 08:31:06,25.05,86.37,1011.99,16.66,39.82,6.2
2026-03-16 08:41:06,25.61,85.72,1011.37,16.65,39.27,6.2
2026-03-16 08:51:06,24.81,86.64,1010.43,16.8,39.6,6.19
2026-03-16 09:01:06,25.47,86.39,1010.82,17.07,39.69,6.17
2026-03-16 09:11:06,25.39,86.6,1016.46,17.21,40.39,6.18
2026-03-16 09:21:06,25.79,85.4,1009.0,17.4,40.0,6.19
2026-03-16 09:31:06,25.88,85.29,1014.96,17.64,39.34,6.2
2026-03-16 09:41:06,25.94,86.07,1013.22,17.96,39.5,6.19
2026-03-16 09:51:06,25.86,85.4,1010.14,17.69,40.48,6.23
2026-03-16 10:01:06,26.22,85.15,1011.47,17.95,39.75,6.18
2026-03-16 10:11:06,26.62,84.96,1010.94,18.4,40.71,6.17
2026-03-16 10:21:06,26.38,85.1,1013.06,18.25,39.58,6.23
2026-03-16 10:31:06,26.54,84.6,1012.48,18.29,39.96,6.21
2026-03-16 10:41:06,26.89,85.11,1012.13,18.59,39.67,6.22
2026-03-16 10:51:06,26.54,85.72,1011.44,18.74,40.03,6.2
2026-03-16 11:01:06,26.67,85.35,1012.47,19.07,39.83,6.23
2026-03-16 11:11:06,27.5,84.94,1009.71,19.1,39.4,6.25
2026-03-16 11:21:06,27.44,84.42,1009.95,18.95,38.98,6.21
2026-03-16 11:31:06,27.5,84.25,1013.99,19.55,39.37,6.25
2026-03-16 11:41:06,27.72,85.02,1014.28,19.7,39.9,6.23
2026-03-16 11:51:06,27.41,85.16,1011.42,20.19,39.13,6.19
2026-03-16 12:01:06,28.0,84.37,1011.42,20.08,39.63,6.23
2026-03-16 12:11:06,27.35,84.65,1009.55,19.88,40.03,6.21
2026-03-16 12:21:06,27.9,84.0,1012.95,20.15,40.57,6.24
2026-03-16 12:31:06,27.09,84.66,1013.08,20.05,39.47,6.21
2026-03-16 12:41:06,27.12,84.05,1014.3,20.51,39.37,6.19
2026-03-16 12:51:06,28.0,84.43,1012.02,20.62,39.3,6.19
2026-03-16 13:01:06,27.62,84.01,1011.1,20.86,39.72,6.21
2026-03-16 13:11:06,27.57,84.17,1010.66,21.16,39.86,6.21
2026-03-16 13:21:06,27.78,84.0,1010.49,20.46,39.18,6.18
2026-03-16 13:31:06,28.0,84.0,1011.84,21.03,39.69,6.23
2026-03-16 13:41:06,27.9,84.6,1012.22,20.96,39.09,6.27
2026-03-16 13:51:06,28.0,84.0,1014.13,21.66,40.12,6.23
2026-03-16 14:01:06,28.0,84.16,1010.54,21.54,40.4,6.19
2026-03-16 14:11:06,28.0,84.0,1012.97,21.73,38.98,6.18
2026-03-16 14:21:06,28.0,84.37,1012.27,21.79,38.73,6.23
2026-03-16 14:31:06,28.0,84.53,1010.38,22.1,40.31,6.23
2026-03-16 14:41:06,27.9,84.47,1011.66,21.67,39.35,6.19
2026-03-16 14:51:06,27.97,84.78,1013.34,22.07,39.85,6.22
2026-03-16 15:01:06,28.0,84.67,1010.66,21.84,39.95,6.19
2026-03-16 15:11:06,27.34,84.96,1012.58,21.72,39.24,6.18
2026-03-16 15:21:06,28.0,84.73,1011.67,21.86,39.67,6.21
2026-03-16 15:31:06,28.0,84.0,1012.93,21.8,39.44,6.2
2026-03-16 15:41:06,27.95,84.0,1009.93,22.06,39.93,6.22
2026-03-16 15:51:06,27.76,84.36,1008.48,21.98,39.84,6.22
2026-03-16 16:01:06,27.12,84.44,1010.27,22.15,39.11,6.21
2026-03-16 16:11:06,27.39,85.01,1009.19,22.06,40.37,6.17
2026-03-16 16:21:06,27.04,84.0,1015.56,22.06,39.18,6.21
2026-03-16 16:31:06,27.53,84.0,1011.14,21.67,38.88,6.19
2026-03-16 16:41:06,27.43,85.14,1016.02,21.58,39.39,6.22
2026-03-16 16:51:06,27.21,85.49,1013.32,22.02,40.08,6.18
2026-03-16 17:01:06,26.64,84.57,1011.64,21.86,39.33,6.18
2026-03-16 17:11:06,26.52,85.71,1011.49,21.79,39.74,6.17
2026-03-16 17:21:06,26.65,85.35,1010.48,21.8,38.47,6.24
2026-03-16 17:31:06,26.6,85.0,1011.99,21.78,39.04,6.22
2026-03-16 17:41:06,26.23,84.93,1010.02,21.42,39.79,6.23
2026-03-16 17:51:06,26.76,85.8,1012.5,21.53,39.57,6.19
2026-03-16 18:01:06,26.11,85.49,1011.04,21.63,39.4,6.22
2026-03-16 18:11:06,25.96,85.73,1010.93,21.25,39.38,6.18
2026-03-16 18:21:06,26.42,85.1,1010.64,21.32,39.65,6.18
2026-03-16 18:31:06,26.23,86.43,1012.56,21.24,38.87,6.19
2026-03-16 18:41:06,25.84,85.62,1014.67,21.35,39.8,6.17
2026-03-16 18:51:06,25.94,85.47,1009.69,21.02,39.51,6.2
2026-03-16 19:01:06,25.15,86.74,1010.01,20.63,39.2,6.23
2026-03-16 19:11:06,25.18,86.76,1012.25,20.69,38.93,6.19
2026-03-16 19:21:06,24.81,84.55,1011.89,20.36,39.59,6.18
2026-03-16 19:31:06,25.17,86.93,1013.12,20.45,38.63,6.18
2026-03-16 19:41:06,24.65,86.74,1012.72,19.84,39.24,6.21
2026-03-16 19:51:06,24.26,86.35,1011.58,20.26,38.65,6.22
2026-03-16 20:01:06,24.23,86.09,1011.8,20.38,38.91,6.2
2026-03-16 20:11:06,24.61,87.53,1009.81,19.85,39.01,6.22
2026-03-16 20:21:06,24.18,86.9,1010.91,19.74,39.41,6.22
2026-03-16 20:31:06,24.23,87.87,1012.23,19.38,38.73,6.24
2026-03-16 20:41:06,24.1,86.81,1013.95,19.55,39.53,6.2
2026-03-16 20:51:06,23.52,87.97,1012.59,18.92,39.16,6.21
2026-03-16 21:01:06,23.6,86.89,1009.95,19.15,39.74,6.21
2026-03-16 21:11:06,23.61,87.46,1012.7,19.19,39.4,6.18
2026-03-16 21:21:06,22.79,88.08,1010.76,18.76,39.3,6.22
2026-03-16 21:31:06,22.91,88.65,1009.92,18.55,39.36,6.19
2026-03-16 21:41:06,22.98,88.29,1012.98,18.3,39.91,6.21
2026-03-16 21:51:06,22.93,88.93,1011.26,18.24,40.19,6.18
2026-03-16 22:01:06,22.74,89.07,1011.28,17.72,39.63,6.2
2026-03-16 22:11:06,22.44,88.93,1010.33,17.5,38.18,6.21
2026-03-16 22:21:06,21.83,88.68,1010.06,17.61,39.39,6.2
2026-03-16 22:31:06,22.17,88.48,1010.03,17.65,39.2,6.22
2026-03-16 22:41:06,22.36,88.79,1012.48,17.14,39.89,6.21
2026-03-16 22:51:06,22.07,89.81,1011.08,17.1,38.69,6.21
2026-03-16 23:01:06,22.4,89.23,1012.59,16.95,39.79,6.2
2026-03-16 23:11:06,22.23,89.36,1012.71,16.87,38.67,6.2
2026-03-16 23:21:06,22.18,89.03,1011.36,16.36,39.48,6.21
2026-03-16 23:31:06,21.39,89.96,1011.88,16.26,38.88,6.21
2026-03-16 23:41:06,22.17,89.39,1010.77,15.95,40.03,6.16
2026-03-16 23:51:06,21.67,90.0,1013.21,16.43,39.04,6.23
2026-03-17 00:01:06,21.19,89.86,1011.14,15.91,39.07,6.19
2026-03-17 00:11:06,21.15,90.0,1011.95,15.77,39.5,6.17
2026-03-17 00:21:06,21.0,89.01,1013.89,15.8,38.92,6.24
2026-03-17 00:31:06,21.71,89.94,1009.14,15.56,38.48,6.23
2026-03-17 00:41:06,21.18,88.52,1014.87,15.43,38.26,6.2
2026-03-17 00:51:06,21.0,89.09,1010.72,15.43,39.73,6.21
2026-03-17 01:01:06,21.16,90.0,1012.14,14.94,39.03,6.21
2026-03-17 01:11:06,21.38,90.0,1010.77,14.95,38.79,6.22
2026-03-17 01:21:06,21.0,90.0,1008.78,14.95,40.11,6.19
2026-03-17 01:31:06,21.19,89.04,1011.68,14.97,38.66,6.22
2026-03-17 01:41:06,21.07,90.0,1010.29,14.77,38.86,6.21
2026-03-17 01:51:06,21.17,89.8,1014.39,14.27,39.42,6.2
2026-03-17 02:01:06,21.0,89.85,1012.93,14.57,40.28,6.2
2026-03-17 02:11:06,21.0,90.0,1010.91,14.52,39.4,6.18
2026-03-17 02:21:06,21.0,89.53,1011.31,14.12,38.73,6.19
2026-03-17 02:31:06,21.18,90.0,1013.39,14.35,38.92,6.21
2026-03-17 02:41:06,21.04,89.66,1013.35,14.59,39.36,6.21
2026-03-17 02:51:06,21.02,90.0,1015.87,13.92,38.59,6.22
2026-03-17 03:01:06,21.37,89.08,1012.93,13.91,40.29,6.19
2026-03-17 03:11:06,21.0,90.0,1011.27,14.46,39.16,6.21
2026-03-17 03:21:06,21.27,90.0,1013.87,13.91,39.1,6.2
2026-03-17 03:31:06,21.14,89.52,1011.16,14.54,38.8,6.2
2026-03-17 03:41:06,21.54,90.0,1011.57,14.07,39.1,6.24
2026-03-17 03:51:06,21.5,89.86,1012.24,13.81,39.49,6.19
2026-03-17 04:01:06,21.35,89.59,1012.77,13.87,39.29,6.22
2026-03-17 04:11:06,21.98,90.0,1013.24,13.96,39.18,6.16
2026-03-17 04:21:06,21.23,89.87,1012.2,14.01,39.72,6.21
2026-03-17 04:31:06,21.0,88.91,1014.0,13.87,39.23,6.18
2026-03-17 04:41:06,21.88,89.29,1010.39,14.23,39.12,6.18
2026-03-17 04:51:06,21.8,89.76,1012.0,14.1,39.92,6.22
2026-03-17 05:01:06,22.14,89.19,1012.58,13.89,39.46,6.18
2026-03-17 05:11:06,21.94,89.33,1013.89,14.01,39.01,6.23
2026-03-17 05:21:06,21.6,88.76,1011.44,14.15,39.44,6.23
2026-03-17 05:31:06,22.71,88.82,1011.26,14.25,39.7,6.19
2026-03-17 05:41:06,23.34,88.21,1010.93,14.34,39.53,6.18
2026-03-17 05:51:06,22.99,88.65,1011.62,14.53,39.04,6.19
2026-03-17 06:01:06,22.72,87.84,1013.89,14.75,39.27,6.19
2026-03-17 06:11:06,22.59,88.86,1011.96,14.8,38.87,6.19
2026-03-17 06:21:06,23.23,89.06,1011.36,14.86,38.33,6.21
2026-03-17 06:31:06,23.34,87.24,1010.92,14.79,38.92,6.19
2026-03-17 06:41:06,23.02,88.0,1010.39,14.93,39.03,6.16
2026-03-17 06:51:06,23.45,88.25,1013.38,14.89,38.35,6.2
2026-03-17 07:01:06,23.59,88.41,1010.91,15.08,39.19,6.21
2026-03-17 07:11:06,24.18,87.72,1010.83,15.34,38.75,6.19
2026-03-17 07:21:06,24.06,87.41,1012.62,15.49,39.57,6.21
2026-03-17 07:31:06,24.59,86.74,1010.95,15.53,39.5,6.19
2026-03-17 07:41:06,24.3,87.05,1010.85,15.69,39.12,6.2
2026-03-17 07:51:06,24.7,87.01,1009.04,15.9,38.9,6.22
2026-03-17 08:01:06,24.56,87.54,1010.18,15.99,38.82,6.19
2026-03-17 08:11:06,24.65,87.1,1014.24,16.18,37.58,6.24
2026-03-17 08:21:06,25.23,86.61,1012.45,16.32,38.58,6.18
2026-03-17 08:31:06,26.03,86.83,1010.49,16.93,40.01,6.2
2026-03-17 08:41:06,24.94,85.52,1011.78,16.68,38.71,6.21
2026-03-17 08:51:06,25.47,87.31,1011.89,16.87,39.56,6.19
2026-03-17 09:01:06,25.92,85.76,1013.47,17.07,38.65,6.17
2026-03-17 09:11:06,25.25,85.29,1012.25,17.29,38.63,6.19
2026-03-17 09:21:06,25.64,87.03,1011.99,17.24,38.82,6.19
2026-03-17 09:31:06,25.8,85.34,1012.18,17.32,38.76,6.21
2026-03-17 09:41:06,25.87,85.86,1011.38,17.62,38.61,6.18
2026-03-17 09:51:06,25.97,86.14,1011.03,17.91,39.18,6.2
2026-03-17 10:01:06,26.27,85.76,1012.21,17.96,38.99,6.19
2026-03-17 10:11:06,26.16,84.82,1010.39,18.13,39.93,6.2
2026-03-17 10:21:06,26.77,84.93,1012.23,18.12,38.52,6.2
2026-03-17 10:31:06,26.38,85.65,1011.93,18.64,38.77,6.2
2026-03-17 10:41:06,26.58,85.63,1010.74,18.8,38.92,6.21
2026-03-17 10:51:06,27.38,84.76,1013.65,18.65,38.57,6.22
2026-03-17 11:01:06,27.38,85.29,1011.61,19.52,39.02,6.21
2026-03-17 11:11:06,27.48,85.04,1012.67,19.37,38.92,6.21
2026-03-17 11:21:06,27.5,85.12,1008.89,19.25,38.41,6.2
2026-03-17 11:31:06,27.42,84.0,1010.19,19.49,39.34,6.17
2026-03-17 11:41:06,27.66,84.0,1014.7,19.7,39.44,6.2
2026-03-17 11:51:06,27.42,84.4,1010.96,20.21,39.34,6.16
2026-03-17 12:01:06,28.0,85.39,1011.52,19.91,38.51,6.19
2026-03-17 12:11:06,28.0,84.75,1013.18,20.2,39.0,6.21
2026-03-17 12:21:06,27.33,84.0,1013.4,19.95,38.63,6.19
2026-03-17 12:31:06,28.0,84.0,1010.04,20.52,38.9,6.18
2026-03-17 12:41:06,27.97,84.51,1009.56,20.79,39.58,6.18
2026-03-17 12:51:06,27.59,84.41,1013.94,20.89,39.01,6.21
2026-03-17 13:01:06,28.0,84.82,1012.46,21.01,38.39,6.2
2026-03-17 13:11:06,27.6,84.03,1012.97,21.22,39.5,6.17
2026-03-17 13:21:06,28.0,84.31,1012.45,20.77,39.32,6.23
2026-03-17 13:31:06,27.97,84.26,1013.23,21.03,39.45,6.19
2026-03-17 13:41:06,28.0,84.0,1010.99,21.29,38.55,6.2
2026-03-17 13:51:06,27.32,84.06,1012.44,21.55,39.15,6.19
2026-03-17 14:01:06,27.99,84.09,1010.38,21.3,39.1,6.18
2026-03-17 14:11:06,28.0,84.0,1012.92,21.69,39.14,6.19
2026-03-17 14:21:06,28.0,84.5,1011.34,21.78,39.34,6.22
2026-03-17 14:31:06,28.0,84.79,1011.77,21.71,37.97,6.22
2026-03-17 14:41:06,27.87,84.05,1013.45,21.65,38.62,6.21
2026-03-17 14:51:06,28.0,85.22,1012.55,21.65,37.59,6.2
2026-03-17 15:01:06,27.92,84.01,1010.84,21.74,38.28,6.18
2026-03-17 15:11:06,28.0,84.72,1012.04,21.94,38.92,6.22
2026-03-17 15:21:06,27.61,84.53,1013.57,21.98,39.09,6.19
2026-03-17 15:31:06,27.43,84.38,1010.5,22.27,39.62,6.2
2026-03-17 15:41:06,27.73,84.0,1010.71,21.99,39.05,6.19
2026-03-17 15:51:06,27.19,84.48,1011.64,21.89,38.86,6.2
2026-03-17 16:01:06,27.31,84.0,1010.71,21.55,37.95,6.18
2026-03-17 16:11:06,27.62,84.38,1010.96,22.1,39.29,6.2
2026-03-17 16:21:06,27.28,84.7,1012.67,21.94,39.0,6.16
2026-03-17 16:31:06,27.38,84.68,1012.19,22.13,39.0,6.22
2026-03-17 16:41:06,27.7,85.36,1012.84,22.05,38.3,6.18
2026-03-17 16:51:06,27.51,85.55,1013.48,22.06,38.3,6.19
2026-03-17 17:01:06,27.14,85.56,1011.72,21.92,38.5,6.2
2026-03-17 17:11:06,26.85,86.34,1013.66,21.61,39.16,6.2
2026-03-17 17:21:06,27.09,84.95,1014.02,21.91,38.53,6.2
2026-03-17 17:31:06,26.29,85.61,1010.11,21.89,38.32,6.2
2026-03-17 17:41:06,26.4,86.19,1012.31,21.7,38.76,6.2
2026-03-17 17:51:06,25.76,84.75,1013.15,21.53,38.18,6.18
2026-03-17 18:01:06,26.54,85.52,1009.56,21.35,38.28,6.21
2026-03-17 18:11:06,26.19,86.24,1010.54,21.39,39.23,6.21
2026-03-17 18:21:06,25.66,86.15,1010.83,21.17,39.22,6.2
2026-03-17 18:31:06,26.06,85.31,1011.66,20.85,38.45,6.2
2026-03-17 18:41:06,25.22,86.19,1014.06,21.08,38.57,6.21
2026-03-17 18:51:06,25.35,86.67,1011.39,20.87,38.27,6.17
2026-03-17 19:01:06,24.96,85.8,1012.56,20.74,38.96,6.23
2026-03-17 19:11:06,25.39,86.51,1009.82,20.61,37.29,6.2
2026-03-17 19:21:06,24.45,85.99,1013.46,20.63,39.43,6.16
2026-03-17 19:31:06,25.24,87.49,1011.93,20.68,38.31,6.21
2026-03-17 19:41:06,25.09,85.8,1014.35,20.1,39.13,6.18
2026-03-17 19:51:06,24.76,87.0,1014.51,20.16,38.23,6.19
2026-03-17 20:01:06,24.13,86.25,1012.96,19.81,37.62,6.22
2026-03-17 20:11:06,23.78,87.99,1013.53,19.97,39.45,6.18
2026-03-17 20:21:06,24.02,86.77,1012.31,19.44,39.19,6.21
2026-03-17 20:31:06,24.16,87.06,1012.78,19.75,39.48,6.23
2026-03-17 20:41:06,23.69,87.47,1011.19,19.38,38.88,6.2
2026-03-17 20:51:06,23.72,87.55,1010.14,19.33,38.32,6.15
2026-03-17 21:01:06,23.37,88.28,1012.45,18.67,38.63,6.2
2026-03-17 21:11:06,23.1,88.11,1013.33,19.24,38.41,6.2
2026-03-17 21:21:06,23.16,87.81,1012.27,19.0,38.57,6.19
2026-03-17 21:31:06,23.29,88.12,1010.76,18.24,38.89,6.17
2026-03-17 21:41:06,23.23,88.12,1016.45,18.4,38.54,6.19
2026-03-17 21:51:06,22.98,88.45,1009.57,18.03,38.56,6.23
2026-03-17 22:01:06,22.86,88.0,1012.51,18.25,38.87,6.22
2026-03-17 22:11:06,22.67,89.17,1012.59,17.7,37.92,6.18
2026-03-17 22:21:06,22.64,88.93,1011.97,17.67,38.02,6.23
2026-03-17 22:31:06,22.69,88.13,1013.87,17.44,39.53,6.17
2026-03-17 22:41:06,22.17,88.9,1011.43,17.53,38.93,6.19
2026-03-17 22:51:06,22.36,89.83,1007.46,16.96,38.32,6.22
2026-03-17 23:01:06,21.95,89.68,1013.69,17.04,38.3,6.21
2026-03-17 23:11:06,22.01,89.76,1012.35,16.89,38.8,6.21
2026-03-17 23:21:06,22.16,89.96,1009.63,16.75,38.85,6.21
2026-03-17 23:31:06,21.94,89.94,1009.85,16.15,38.74,6.17
2026-03-17 23:41:06,21.91,89.58,1012.3,15.96,39.14,6.24
2026-03-17 23:51:06,21.66,89.61,1012.21,16.25,38.31,6.19
2026-03-18 00:01:06,21.62,89.63,1014.55,15.57,38.02,6.21
2026-03-18 00:11:06,21.19,89.97,1013.37,15.71,37.29,6.19
2026-03-18 00:21:06,21.53,89.58,1012.42,15.38,38.5,6.18
2026-03-18 00:31:06,21.67,90.0,1012.16,15.69,37.72,6.19
2026-03-18 00:41:06,21.59,89.75,1011.66,15.31,38.27,6.19
2026-03-18 00:51:06,21.14,90.0,1012.0,15.44,39.0,6.17
2026-03-18 01:01:06,21.28,89.94,1009.15,15.17,38.68,6.18
2026-03-18 01:11:06,21.0,89.7,1007.47,14.85,37.66,6.22
2026-03-18 01:21:06,21.0,90.0,1012.9,15.0,39.67,6.18
2026-03-18 01:31:06,21.16,89.47,1010.64,14.78,38.94,6.21
2026-03-18 01:41:06,21.03,90.0,1014.26,14.73,38.0,6.2
2026-03-18 01:51:06,21.0,90.0,1010.85,14.43,39.52,6.18
2026-03-18 02:01:06,21.0,90.0,1012.09,14.81,38.25,6.17
2026-03-18 02:11:06,21.42,89.74,1008.79,14.5,39.24,6.21
2026-03-18 02:21:06,21.0,90.0,1014.17,14.27,38.59,6.19
2026-03-18 02:31:06,21.87,89.77,1010.05,14.09,38.54,6.19
2026-03-18 02:41:06,21.34,89.76,1012.19,14.26,38.12,6.21
2026-03-18 02:51:06,21.53,89.35,1010.11,14.37,38.88,6.16
2026-03-18 03:01:06,21.23,90.0,1013.76,13.8,38.76,6.21
2026-03-18 03:11:06,21.21,89.29,1011.75,14.16,38.51,6.19
2026-03-18 03:21:06,21.0,89.82,1012.11,14.09,38.39,6.21
2026-03-18 03:31:06,21.31,88.73,1012.38,14.39,38.85,6.2
2026-03-18 03:41:06,21.5,90.0,1009.77,13.89,38.72,6.2
2026-03-18 03:51:06,21.37,89.64,1014.98,13.82,38.07,6.18
2026-03-18 04:01:06,21.81,90.0,1011.87,14.09,38.71,6.21
2026-03-18 04:11:06,21.12,90.0,1009.26,13.81,38.55,6.18
2026-03-18 04:21:06,21.63,90.0,1009.38,14.22,38.3,6.18
2026-03-18 04:31:06,21.68,89.56,1012.04,13.96,38.06,6.19
2026-03-18 04:41:06,21.93,89.92,1013.15,14.21,38.95,6.19
2026-03-18 04:51:06,22.24,88.44,1013.04,14.09,38.27,6.21
2026-03-18 05:01:06,22.24,89.17,1012.79,13.84,38.67,6.21
2026-03-18 05:11:06,22.31,88.14,1011.84,13.94,37.63,6.16
2026-03-18 05:21:06,22.69,88.99,1009.53,13.99,38.68,6.22
2026-03-18 05:31:06,22.04,88.92,1010.01,14.09,38.42,6.19
2026-03-18 05:41:06,22.62,89.06,1012.6,13.89,38.44,6.17
2026-03-18 05:51:06,22.43,88.84,1010.78,14.3,38.67,6.2
2026-03-18 06:01:06,23.01,88.29,1013.02,14.54,38.1,6.17
2026-03-18 06:11:06,22.9,88.55,1011.05,14.67,38.91,6.22
2026-03-18 06:21:06,22.99,88.42,1011.64,14.72,39.4,6.21
2026-03-18 06:31:06,22.86,88.04,1013.34,14.59,37.29,6.19
2026-03-18 06:41:06,23.24,87.52,1011.46,15.16,37.86,6.18
2026-03-18 06:51:06,23.66,88.69,1011.13,15.13,38.08,6.17
2026-03-18 07:01:06,23.54,87.15,1011.57,14.9,38.07,6.21
2026-03-18 07:11:06,24.2,87.98,1012.2,15.27,38.11,6.25
2026-03-18 07:21:06,23.76,87.3,1014.09,15.4,38.64,6.23
2026-03-18 07:31:06,23.75,87.53,1010.3,15.49,37.06,6.21
2026-03-18 07:41:06,24.07,87.15,1015.23,15.53,38.09,6.21
2026-03-18 07:51:06,24.6,86.89,1012.67,15.79,37.93,6.19
2026-03-18 08:01:06,24.49,87.01,1012.26,15.58,39.05,6.23
2026-03-18 08:11:06,24.78,87.22,1011.66,16.59,38.92,6.2
2026-03-18 08:21:06,24.53,86.98,1013.67,16.1,38.04,6.19
2026-03-18 08:31:06,25.08,86.57,1012.37,16.64,37.97,6.15
2026-03-18 08:41:06,25.95,87.06,1012.14,17.36,38.36,6.19
2026-03-18 08:51:06,25.86,86.65,1012.07,16.77,38.84,6.2
2026-03-18 09:01:06,24.83,85.76,1013.14,17.26,38.13,6.19
2026-03-18 09:11:06,25.13,86.5,1011.57,17.09,38.07,6.22
2026-03-18 09:21:06,25.12,85.45,1012.93,16.9,38.28,6.21
2026-03-18 09:31:06,25.51,86.03,1011.3,17.34,38.1,6.22
2026-03-18 09:41:06,25.34,85.5,1012.03,17.47,38.85,6.2
2026-03-18 09:51:06,25.51,85.56,1011.14,17.97,38.02,6.19
2026-03-18 10:01:06,26.62,85.09,1013.06,18.31,38.56,6.18
2026-03-18 10:11:06,26.07,84.82,1010.48,18.27,38.18,6.18
2026-03-18 10:21:06,26.16,85.44,1010.62,18.6,38.85,6.2
2026-03-18 10:31:06,26.24,85.25,1013.08,18.2,38.59,6.16
2026-03-18 10:41:06,26.68,84.46,1011.9,18.98,37.88,6.21
2026-03-18 10:51:06,26.82,85.13,1011.83,18.82,37.11,6.18
2026-03-18 11:01:06,26.68,85.18,1010.09,18.99,38.19,6.2
2026-03-18 11:11:06,26.7,84.34,1008.97,19.4,38.4,6.22
2026-03-18 11:21:06,27.11,84.39,1011.13,19.2,38.07,6.22
2026-03-18 11:31:06,27.19,85.15,1012.36,19.73,38.41,6.19
2026-03-18 11:41:06,26.75,84.14,1011.32,19.74,37.95,6.2
2026-03-18 11:51:06,26.95,86.21,1012.12,19.82,38.48,6.2
2026-03-18 12:01:06,27.37,84.92,1011.0,19.94,38.14,6.21
2026-03-18 12:11:06,27.83,84.11,1011.8,19.96,37.98,6.2
2026-03-18 12:21:06,27.64,84.8,1010.12,20.47,38.63,6.21
2026-03-18 12:31:06,27.68,84.01,1013.24,20.59,37.92,6.21
2026-03-18 12:41:06,28.0,84.48,1013.78,20.66,38.88,6.21
2026-03-18 12:51:06,27.57,84.73,1011.69,20.82,37.96,6.18
2026-03-18 13:01:06,28.0,84.68,1013.87,21.11,38.29,6.22
2026-03-18 13:11:06,27.89,84.12,1012.19,21.13,38.13,6.2
2026-03-18 13:21:06,27.6,84.0,1011.71,20.99,38.85,6.2
2026-03-18 13:31:06,28.0,84.4,1012.37,20.99,38.42,6.18
2026-03-18 13:41:06,28.0,84.75,1010.48,21.02,38.47,6.19
2026-03-18 13:51:06,28.0,84.43,1010.7,21.3,37.66,6.22
2026-03-18 14:01:06,28.0,84.0,1014.41,21.38,38.19,6.18
2026-03-18 14:11:06,27.65,84.0,1011.7,21.57,37.88,6.18
2026-03-18 14:21:06,27.86,84.0,1013.98,21.44,38.4,6.22
2026-03-18 14:31:06,28.0,84.43,1013.07,21.8,38.08,6.18
2026-03-18 14:41:06,27.69,84.36,1010.1,21.76,38.88,6.2
2026-03-18 14:51:06,28.0,85.06,1011.17,21.72,38.47,6.2
2026-03-18 15:01:06,28.0,84.39,1010.31,21.66,38.6,6.24
2026-03-18 15:11:06,28.0,84.0,1010.18,21.95,38.24,6.22
2026-03-18 15:21:06,28.0,84.55,1013.23,21.93,39.37,6.22
2026-03-18 15:31:06,27.57,84.18,1013.04,22.15,38.67,6.16
2026-03-18 15:41:06,27.37,84.31,1013.78,21.59,38.42,6.2
2026-03-18 15:51:06,27.73,84.17,1013.64,21.91,38.24,6.21
2026-03-18 16:01:06,27.41,84.74,1012.37,22.26,38.55,6.22
2026-03-18 16:11:06,27.33,85.02,1013.92,22.2,37.81,6.19
2026-03-18 16:21:06,27.63,84.91,1012.28,21.97,38.91,6.18
2026-03-18 16:31:06,27.56,84.0,1012.29,21.71,38.06,6.19
2026-03-18 16:41:06,27.21,84.54,1013.27,21.59,37.61,6.18
2026-03-18 16:51:06,26.72,84.16,1008.79,21.47,38.4,6.2
2026-03-18 17:01:06,26.81,84.43,1010.82,21.82,37.49,6.18
2026-03-18 17:11:06,26.67,85.62,1011.63,21.88,38.08,6.19
2026-03-18 17:21:06,26.86,85.07,1013.75,21.46,38.28,6.17
2026-03-18 17:31:06,26.86,84.81,1012.68,22.0,38.03,6.2
2026-03-18 17:41:06,26.08,85.19,1014.19,21.76,38.53,6.17
2026-03-18 17:51:06,26.16,85.56,1011.45,21.36,38.46,6.21
2026-03-18 18:01:06,26.26,84.39,1015.62,21.26,38.49,6.2
2026-03-18 18:11:06,26.05,86.31,1012.23,21.23,37.21,6.2
2026-03-18 18:21:06,25.95,85.6,1010.39,21.2,38.19,6.17
2026-03-18 18:31:06,25.8,85.44,1008.17,21.03,38.07,6.18
2026-03-18 18:41:06,25.79,86.48,1011.75,20.96,38.55,6.22
2026-03-18 18:51:06,25.72,86.95,1010.78,21.05,38.53,6.21
2026-03-18 19:01:06,25.7,86.97,1012.29,20.77,37.56,6.18
2026-03-18 19:11:06,25.45,85.37,1012.35,20.46,37.35,6.21
2026-03-18 19:21:06,25.7,88.09,1009.58,20.83,38.11,6.21
2026-03-18 19:31:06,24.84,86.34,1012.22,20.3,38.1,6.19
2026-03-18 19:41:06,24.72,87.21,1012.17,20.4,38.13,6.2
2026-03-18 19:51:06,23.68,87.01,1012.01,20.25,37.62,6.2
2026-03-18 20:01:06,24.7,87.19,1011.91,19.92,38.01,6.17
2026-03-18 20:11:06,23.93,86.53,1012.36,19.67,37.34,6.19
2026-03-18 20:21:06,24.45,87.28,1012.38,19.92,38.21,6.21
2026-03-18 20:31:06,23.76,87.39,1012.68,19.47,38.4,6.2
2026-03-18 20:41:06,23.44,87.5,1009.89,19.2,38.4,6.2
2026-03-18 20:51:06,23.63,86.94,1012.92,19.1,38.32,6.2
2026-03-18 21:01:06,23.44,87.72,1012.71,19.17,38.84,6.19
2026-03-18 21:11:06,23.6,87.51,1012.68,18.7,38.22,6.22
2026-03-18 21:21:06,23.12,88.46,1014.28,18.89,38.45,6.2
2026-03-18 21:31:06,23.5,88.27,1011.15,18.47,37.26,6.18
2026-03-18 21:41:06,23.41,88.33,1011.27,18.31,37.6,6.18
2026-03-18 21:51:06,23.06,87.87,1012.08,17.95,37.78,6.2
2026-03-18 22:01:06,22.74,89.36,1008.7,18.05,37.73,6.2
2026-03-18 22:11:06,22.17,88.48,1011.53,17.97,37.89,6.24
2026-03-18 22:21:06,23.22,88.65,1011.67,17.81,37.61,6.21
2026-03-18 22:31:06,21.78,88.7,1010.82,17.41,38.82,6.2
2026-03-18 22:41:06,22.06,89.01,1010.41,17.18,37.42,6.2
2026-03-18 22:51:06,22.07,88.19,1012.15,17.3,38.09,6.19
2026-03-18 23:01:06,21.59,90.0,1011.98,16.81,38.51,6.23
2026-03-18 23:11:06,21.87,89.33,1011.97,16.77,37.88,6.19
2026-03-18 23:21:06,22.39,89.61,1010.46,16.69,38.07,6.19
2026-03-18 23:31:06,21.34,89.41,1013.03,16.61,38.27,6.23
2026-03-18 23:41:06,21.49,88.65,1009.44,16.18,37.63,6.22
2026-03-18 23:51:06,21.63,89.76,1010.22,16.0,38.19,6.21
2026-03-19 00:01:06,21.25,90.0,1010.65,15.79,38.34,6.15
2026-03-19 00:11:06,21.63,90.0,1009.66,15.96,37.59,6.21
2026-03-19 00:21:06,21.22,89.67,1010.15,15.86,37.43,6.2
2026-03-19 00:31:06,21.3,90.0,1010.2,15.27,38.34,6.21
2026-03-19 00:41:06,21.57,90.0,1015.08,15.46,37.6,6.21
2026-03-19 00:51:06,21.05,90.0,1012.01,15.28,37.99,6.2
2026-03-19 01:01:06,21.35,89.82,1012.07,15.49,37.74,6.2
2026-03-19 01:11:06,21.43,89.59,1011.54,14.95,38.01,6.18
2026-03-19 01:21:06,21.0,90.0,1010.81,15.17,38.65,6.18
2026-03-19 01:31:06,21.0,89.62,1011.73,14.85,37.94,6.19
2026-03-19 01:41:06,21.0,89.96,1011.36,14.5,37.1,6.21
2026-03-19 01:51:06,21.0,90.0,1013.02,14.18,37.98,6.19
2026-03-19 02:01:06,21.04,89.66,1011.96,14.54,37.56,6.19
2026-03-19 02:11:06,21.0,89.7,1012.34,14.29,38.77,6.22
2026-03-19 02:21:06,21.0,89.87,1010.14,14.26,38.11,6.2
2026-03-19 02:31:06,21.0,89.39,1011.02,14.5,37.82,6.18
2026-03-19 02:41:06,21.44,89.65,1012.65,14.26,38.27,6.19
2026-03-19 02:51:06,21.16,90.0,1012.15,14.03,37.0,6.2
2026-03-19 03:01:06,21.42,89.81,1013.84,13.74,38.2,6.22
2026-03-19 03:11:06,21.0,90.0,1014.66,14.14,38.09,6.21
2026-03-19 03:21:06,21.22,89.84,1012.13,14.33,37.16,6.2
2026-03-19 03:31:06,21.4,89.62,1011.23,14.26,36.6,6.19
2026-03-19 03:41:06,21.18,90.0,1011.01,14.05,38.62,6.2
2026-03-19 03:51:06,21.3,88.75,1011.49,14.29,37.35,6.22
2026-03-19 04:01:06,21.46,89.54,1012.27,13.92,37.36,6.21
2026-03-19 04:11:06,21.5,89.13,1009.72,13.81,37.45,6.21
2026-03-19 04:21:06,21.99,88.81,1012.29,13.75,37.68,6.22
2026-03-19 04:31:06,22.06,90.0,1010.46,13.86,37.82,6.22
2026-03-19 04:41:06,22.11,89.25,1011.42,14.34,38.1,6.19
2026-03-19 04:51:06,21.83,89.94,1010.19,13.95,37.51,6.2
2026-03-19 05:01:06,21.63,89.07,1010.74,14.09,37.57,6.19
2026-03-19 05:11:06,22.29,89.85,1013.55,14.08,37.4,6.18
2026-03-19 05:21:06,21.53,88.75,1013.54,14.03,37.83,6.2
2026-03-19 05:31:06,22.18,88.41,1012.13,14.14,36.87,6.18
2026-03-19 05:41:06,22.72,89.06,1012.49,14.12,38.57,6.2
2026-03-19 05:51:06,22.64,88.26,1011.03,14.46,37.66,6.22
2026-03-19 06:01:06,22.88,89.06,1011.79,14.32,37.77,6.22
2026-03-19 06:11:06,23.24,88.67,1013.69,14.66,37.31,6.19
2026-03-19 06:21:06,22.96,88.51,1014.03,14.68,36.57,6.22
2026-03-19 06:31:06,23.34,87.7,1012.98,14.84,37.85,6.17
2026-03-19 06:41:06,23.33,88.97,1013.45,14.62,37.8,6.27
2026-03-19 06:51:06,23.42,87.99,1010.98,15.02,37.05,6.2
2026-03-19 07:01:06,23.33,88.49,1010.46,15.09,37.07,6.23
2026-03-19 07:11:06,23.26,87.96,1012.8,15.3,37.58,6.19
2026-03-19 07:21:06,23.64,88.0,1012.27,15.46,38.1,6.17
2026-03-19 07:31:06,24.31,87.41,1014.71,15.58,38.02,6.26
2026-03-19 07:41:06,23.83,87.02,1012.29,15.96,38.05,6.2
2026-03-19 07:51:06,24.17,86.92,1012.91,16.15,38.0,6.21
2026-03-19 08:01:06,24.96,87.6,1011.97,15.81,38.02,6.17
2026-03-19 08:11:06,24.49,86.8,1010.73,16.07,37.57,6.2
2026-03-19 08:21:06,24.77,87.25,1010.33,16.16,37.45,6.22
2026-03-19 08:31:06,24.78,85.49,1011.18,16.43,37.99,6.19
2026-03-19 08:41:06,25.17,86.43,1013.79,16.75,37.57,6.21
2026-03-19 08:51:06,25.32,86.19,1013.48,16.78,38.33,6.2
2026-03-19 09:01:06,24.97,85.54,1011.8,17.13,37.2,6.18
2026-03-19 09:11:06,25.82,85.72,1012.29,17.17,38.16,6.22
2026-03-19 09:21:06,25.6,86.07,1012.74,17.61,37.97,6.21
2026-03-19 09:31:06,25.87,85.54,1012.59,17.39,36.94,6.22
2026-03-19 09:41:06,25.72,85.65,1010.45,17.93,38.3,6.19
2026-03-19 09:51:06,25.7,86.04,1012.65,18.1,37.91,6.2
2026-03-19 10:01:06,26.11,85.07,1012.97,17.6,38.66,6.22
2026-03-19 10:11:06,26.46,85.39,1014.65,17.85,37.27,6.18
2026-03-19 10:21:06,26.75,84.97,1013.05,18.44,37.11,6.21
2026-03-19 10:31:06,26.77,84.63,1010.18,18.55,38.34,6.2
2026-03-19 10:41:06,26.34,85.49,1011.05,18.51,38.54,6.23
2026-03-19 10:51:06,26.85,84.34,1009.88,18.96,37.57,6.2
2026-03-19 11:01:06,27.28,84.0,1012.69,18.84,37.1,6.2
2026-03-19 11:11:06,26.9,84.66,1010.44,19.17,37.56,6.19
2026-03-19 11:21:06,27.42,85.18,1012.78,19.52,36.94,6.2
2026-03-19 11:31:06,26.72,85.23,1011.1,19.19,37.34,6.21
2026-03-19 11:41:06,27.71,84.19,1013.03,19.79,37.86,6.2
2026-03-19 11:51:06,27.06,84.21,1011.86,19.93,36.48,6.2
2026-03-19 12:01:06,27.64,84.78,1011.18,19.69,36.91,6.14
2026-03-19 12:11:06,27.85,84.97,1012.62,20.26,36.37,6.21
2026-03-19 12:21:06,27.31,84.66,1011.68,20.33,37.94,6.21
2026-03-19 12:31:06,27.61,84.0,1010.82,20.53,37.14,6.22
2026-03-19 12:41:06,27.73,84.0,1009.37,20.64,37.79,6.2
2026-03-19 12:51:06,27.99,84.77,1010.57,20.87,37.77,6.2
2026-03-19 13:01:06,28.0,84.0,1010.7,21.09,37.45,6.19
2026-03-19 13:11:06,28.0,84.0,1012.22,20.88,36.97,6.17
2026-03-19 13:21:06,27.48,84.4,1013.54,21.13,37.95,6.23
2026-03-19 13:31:06,28.0,84.0,1012.55,21.51,37.7,6.17
2026-03-19 13:41:06,28.0,84.05,1012.55,21.45,36.43,6.21
2026-03-19 13:51:06,27.71,84.0,1009.95,21.17,38.07,6.21
2026-03-19 14:01:06,28.0,84.0,1012.35,21.48,37.44,6.21
2026-03-19 14:11:06,27.73,84.14,1015.56,21.52,37.55,6.23
2026-03-19 14:21:06,27.82,84.91,1010.81,21.49,37.35,6.19
2026-03-19 14:31:06,27.99,84.1,1010.61,21.72,36.52,6.2
2026-03-19 14:41:06,28.0,84.34,1013.19,21.69,36.7,6.16
2026-03-19 14:51:06,28.0,84.26,1013.66,21.82,36.72,6.22
2026-03-19 15:01:06,27.83,84.0,1011.99,22.11,37.23,6.19
2026-03-19 15:11:06,27.39,84.2,1009.6,21.96,37.0,6.18
2026-03-19 15:21:06,28.0,84.28,1011.14,21.75,36.98,6.17
2026-03-19 15:31:06,27.71,84.0,1013.47,22.16,37.86,6.2
2026-03-19 15:41:06,27.39,84.0,1014.36,21.91,37.43,6.21
2026-03-19 15:51:06,27.64,84.0,1013.3,22.08,36.57,6.19
2026-03-19 16:01:06,27.16,84.0,1015.16,22.08,37.28,6.19
2026-03-19 16:11:06,27.95,84.91,1012.79,22.05,37.36,6.19
2026-03-19 16:21:06,27.64,84.0,1012.41,22.26,38.01,6.21
2026-03-19 16:31:06,26.75,84.19,1012.71,22.1,37.78,6.21
2026-03-19 16:41:06,27.17,85.05,1010.58,22.29,37.42,6.2
2026-03-19 16:51:06,26.78,85.62,1008.98,22.16,37.55,6.23
2026-03-19 17:01:06,26.52,84.16,1011.58,21.94,38.0,6.2
2026-03-19 17:11:06,26.39,84.61,1010.3,21.56,37.69,6.23
2026-03-19 17:21:06,26.69,85.05,1010.95,21.91,38.22,6.21
2026-03-19 17:31:06,26.17,84.53,1013.07,21.52,35.92,6.22
2026-03-19 17:41:06,26.43,85.58,1011.58,21.67,36.81,6.18
2026-03-19 17:51:06,26.27,84.68,1011.73,21.17,36.75,6.19
2026-03-19 18:01:06,26.46,86.15,1009.86,21.74,37.49,6.2
2026-03-19 18:11:06,26.22,86.15,1009.94,21.15,37.43,6.21
2026-03-19 18:21:06,25.94,85.33,1012.91,21.15,38.06,6.17
2026-03-19 18:31:06,25.62,86.5,1013.99,21.43,37.55,6.2
2026-03-19 18:41:06,26.02,85.94,1009.43,20.49,36.58,6.22
2026-03-19 18:51:06,25.39,85.46,1013.66,20.69,37.4,6.21
2026-03-19 19:01:06,25.72,85.87,1007.86,20.55,36.98,6.21
2026-03-19 19:11:06,25.14,87.04,1012.97,20.45,37.8,6.17
2026-03-19 19:21:06,25.5,86.44,1007.07,20.58,37.38,6.17
2026-03-19 19:31:06,25.17,86.73,1010.98,20.4,36.75,6.2
2026-03-19 19:41:06,24.81,86.66,1011.65,20.34,37.1,6.18
2026-03-19 19:51:06,25.28,88.17,1010.74,20.24,37.61,6.23
2026-03-19 20:01:06,24.46,86.62,1013.04,19.83,37.66,6.21
2026-03-19 20:11:06,23.97,87.47,1011.05,19.67,36.8,6.21
2026-03-19 20:21:06,24.41,86.56,1012.17,19.75,36.86,6.23
2026-03-19 20:31:06,24.07,87.68,1012.02,19.57,37.05,6.18
2026-03-19 20:41:06,23.33,88.36,1011.08,19.06,37.32,6.22
2026-03-19 20:51:06,23.87,87.95,1012.75,19.32,37.04,6.22
2026-03-19 21:01:06,23.62,88.32,1011.56,19.03,37.74,6.22
2026-03-19 21:11:06,23.32,88.45,1012.32,18.91,37.31,6.16
2026-03-19 21:21:06,22.75,89.26,1011.35,18.45,37.56,6.2
2026-03-19 21:31:06,23.26,88.86,1012.57,18.74,36.83,6.19
2026-03-19 21:41:06,23.32,88.8,1010.88,18.58,36.89,6.2
2026-03-19 21:51:06,23.09,89.26,1010.28,17.71,36.49,6.2
2026-03-19 22:01:06,22.47,89.53,1012.44,18.0,37.18,6.22
2026-03-19 22:11:06,22.65,88.32,1013.7,17.87,37.51,6.19
2026-03-19 22:21:06,22.12,89.38,1011.71,17.77,37.21,6.17
2026-03-19 22:31:06,22.21,89.02,1009.28,17.45,37.6,6.17
2026-03-19 22:41:06,22.8,88.74,1011.8,17.26,36.97,6.21
2026-03-19 22:51:06,22.35,89.26,1010.93,16.9,36.76,6.19
2026-03-19 23:01:06,21.92,89.77,1011.4,17.1,36.4,6.21
2026-03-19 23:11:06,21.95,89.72,1011.36,16.31,37.59,6.23
2026-03-19 23:21:06,22.37,89.26,1011.87,16.83,37.45,6.23
2026-03-19 23:31:06,21.17,89.22,1012.47,16.67,36.37,6.2
2026-03-19 23:41:06,21.81,88.61,1012.94,16.2,36.72,6.23
2026-03-19 23:51:06,21.64,89.48,1011.13,16.17,37.04,6.2
2026-03-20 00:01:06,21.05,89.94,1009.39,15.97,37.22,6.21
2026-03-20 00:11:06,21.63,89.42,1013.24,16.05,37.81,6.19
2026-03-20 00:21:06,21.78,89.79,1013.9,15.46,37.24,6.18
2026-03-20 00:31:06,21.0,89.91,1012.12,15.42,37.68,6.2
2026-03-20 00:41:06,21.27,89.93,1011.27,15.25,36.75,6.2
2026-03-20 00:51:06,21.0,90.0,1010.48,15.34,37.44,6.17
2026-03-20 01:01:06,21.43,90.0,1010.79,15.23,36.48,6.2
2026-03-20 01:11:06,21.36,90.0,1012.83,14.66,37.64,6.17
2026-03-20 01:21:06,21.03,89.53,1010.24,14.73,36.7,6.16
2026-03-20 01:31:06,21.0,89.45,1010.98,14.46,37.34,6.2
2026-03-20 01:41:06,21.09,88.64,1013.51,14.73,37.5,6.22
2026-03-20 01:51:06,21.0,89.78,1012.17,14.42,35.85,6.22
2026-03-20 02:01:06,21.12,90.0,1011.25,14.6,36.5,6.19
2026-03-20 02:11:06,21.11,89.74,1012.99,14.29,36.58,6.21
2026-03-20 02:21:06,21.0,89.14,1013.69,14.28,37.6,6.21
2026-03-20 02:31:06,21.19,88.45,1010.95,14.22,37.06,6.21
2026-03-20 02:41:06,21.0,89.43,1013.67,14.22,36.68,6.22
2026-03-20 02:51:06,21.28,89.3,1011.78,14.27,36.71,6.25
2026-03-20 03:01:06,21.0,89.75,1012.95,14.45,36.95,6.16
2026-03-20 03:11:06,21.0,89.04,1008.51,13.91,37.7,6.21
2026-03-20 03:21:06,21.04,88.83,1013.03,14.03,36.6,6.2
2026-03-20 03:31:06,21.05,89.25,1012.64,14.27,37.65,6.2
2026-03-20 03:41:06,21.53,89.52,1010.98,14.31,36.95,6.21
2026-03-20 03:51:06,21.25,89.89,1012.85,14.22,37.2,6.2
2026-03-20 04:01:06,21.8,89.23,1012.19,13.61,36.88,6.23
2026-03-20 04:11:06,21.02,89.35,1015.25,14.24,36.9,6.17
2026-03-20 04:21:06,21.78,89.72,1011.97,13.99,36.7,6.18
2026-03-20 04:31:06,21.65,89.39,1012.34,14.05,37.14,6.19
2026-03-20 04:41:06,22.16,89.02,1013.08,14.02,36.74,6.24
2026-03-20 04:51:06,21.56,89.47,1011.78,14.17,36.55,6.2
2026-03-20 05:01:06,22.15,88.38,1013.82,13.79,37.28,6.21
2026-03-20 05:11:06,22.18,89.71,1009.96,14.1,37.18,6.18
2026-03-20 05:21:06,22.03,88.89,1012.58,14.36,36.88,6.17
2026-03-20 05:31:06,22.88,88.76,1010.69,13.98,36.55,6.18
2026-03-20 05:41:06,22.63,88.86,1012.76,14.32,36.34,6.23
2026-03-20 05:51:06,22.83,88.79,1010.18,14.44,36.8,6.21
2026-03-20 06:01:06,22.35,88.11,1011.04,14.38,36.45,6.2
2026-03-20 06:11:06,22.89,88.68,1010.87,15.0,37.06,6.23
2026-03-20 06:21:06,22.77,88.38,1013.48,14.64,36.69,6.16
2026-03-20 06:31:06,24.06,89.25,1014.11,14.55,36.65,6.19
2026-03-20 06:41:06,23.23,86.95,1011.88,14.93,36.95,6.18
2026-03-20 06:51:06,23.66,88.0,1012.98,15.11,37.06,6.2
2026-03-20 07:01:06,23.81,88.13,1012.51,15.41,37.25,6.21
2026-03-20 07:11:06,23.57,87.45,1012.91,15.35,37.3,6.18
2026-03-20 07:21:06,23.78,87.99,1012.73,15.37,36.57,6.18
2026-03-20 07:31:06,23.73,87.61,1011.07,15.48,38.05,6.19
2026-03-20 07:41:06,24.24,87.44,1013.26,15.63,37.29,6.25
2026-03-20 07:51:06,24.69,87.18,1010.25,15.7,37.05,6.23
2026-03-20 08:01:06,24.43,86.97,1013.96,15.99,36.31,6.2
2026-03-20 08:11:06,24.89,86.85,1011.74,16.18,36.99,6.19
2026-03-20 08:21:06,24.33,86.55,1012.48,16.27,37.35,6.21
2026-03-20 08:31:06,24.54,86.35,1010.73,16.53,36.02,6.18
2026-03-20 08:41:06,24.78,85.75,1011.83,16.4,37.26,6.2
2026-03-20 08:51:06,25.5,85.86,1011.75,16.91,36.76,6.17
2026-03-20 09:01:06,25.12,86.05,1010.01,17.04,37.16,6.21
2026-03-20 09:11:06,25.28,85.3,1013.91,17.12,36.53,6.19
2026-03-20 09:21:06,25.75,86.2,1013.04,17.55,36.67,6.22
2026-03-20 09:31:06,25.64,85.48,1015.01,17.54,36.59,6.22
2026-03-20 09:41:06,26.13,85.85,1011.97,17.34,37.0,6.23
2026-03-20 09:51:06,26.52,85.62,1011.99,17.94,37.3,6.2
2026-03-20 10:01:06,26.16,85.88,1012.43,18.21,36.68,6.19
2026-03-20 10:11:06,26.77,85.11,1013.93,18.05,36.77,6.16
2026-03-20 10:21:06,26.53,84.31,1012.85,18.48,36.94,6.21
2026-03-20 10:31:06,26.92,85.26,1009.82,18.38,36.92,6.2
2026-03-20 10:41:06,26.59,86.49,1013.06,18.49,36.9,6.2
2026-03-20 10:51:06,26.59,85.1,1011.34,18.81,37.43,6.18
2026-03-20 11:01:06,27.34,85.6,1012.05,19.21,36.53,6.19
2026-03-20 11:11:06,27.42,84.38,1011.98,19.58,37.1,6.2
2026-03-20 11:21:06,27.55,84.56,1009.94,19.25,37.48,6.17
2026-03-20 11:31:06,27.42,84.19,1013.54,19.7,37.06,6.18
2026-03-20 11:41:06,27.0,84.75,1012.69,19.74,36.87,6.18
2026-03-20 11:51:06,27.53,84.26,1012.89,19.75,36.33,6.23
2026-03-20 12:01:06,27.32,84.53,1009.97,19.87,36.03,6.18
2026-03-20 12:11:06,27.55,84.15,1016.87,19.82,36.88,6.2
2026-03-20 12:21:06,27.23,84.47,1009.17,20.19,36.74,6.2
2026-03-20 12:31:06,28.0,84.02,1011.32,20.76,35.96,6.19
2026-03-20 12:41:06,28.0,84.26,1010.67,20.04,36.14,6.2
2026-03-20 12:51:06,28.0,84.88,1012.32,21.11,36.93,6.22
2026-03-20 13:01:06,27.7,84.41,1013.12,20.88,37.0,6.22
2026-03-20 13:11:06,27.98,84.0,1011.9,20.3,36.62,6.21
2026-03-20 13:21:06,27.71,84.0,1012.34,21.13,36.75,6.17
2026-03-20 13:31:06,27.86,84.43,1013.5,21.23,36.71,6.17
2026-03-20 13:41:06,28.0,84.04,1011.7,21.35,36.82,6.21
2026-03-20 13:51:06,27.97,85.25,1015.32,21.7,36.51,6.2
2026-03-20 14:01:06,28.0,84.0,1009.91,21.8,36.38,6.21
2026-03-20 14:11:06,27.95,84.14,1011.25,21.36,36.8,6.2
2026-03-20 14:21:06,27.91,84.03,1015.96,21.39,37.04,6.19
2026-03-20 14:31:06,28.0,84.04,1012.52,21.67,36.66,6.2
2026-03-20 14:41:06,28.0,84.21,1010.78,21.74,36.65,6.16
2026-03-20 14:51:06,28.0,84.0,1011.12,21.91,36.51,6.21
2026-03-20 15:01:06,27.58,84.23,1011.69,21.5,36.15,6.2
2026-03-20 15:11:06,27.9,84.0,1010.04,21.83,37.18,6.2
2026-03-20 15:21:06,28.0,84.0,1011.71,21.97,36.78,6.17
2026-03-20 15:31:06,27.64,84.0,1013.36,21.98,37.03,6.18
2026-03-20 15:41:06,27.5,84.66,1011.12,22.17,36.97,6.17
2026-03-20 15:51:06,27.81,84.15,1012.95,21.78,35.99,6.19
2026-03-20 16:01:06,27.78,84.44,1011.55,22.49,36.18,6.21
2026-03-20 16:11:06,27.27,84.8,1009.93,22.18,36.66,6.24
2026-03-20 16:21:06,27.43,84.46,1012.18,22.16,37.63,6.19
2026-03-20 16:31:06,27.41,84.85,1009.5,21.93,37.17,6.19
2026-03-20 16:41:06,27.3,85.39,1011.98,22.24,36.92,6.27
2026-03-20 16:51:06,26.7,85.42,1010.91,22.0,36.51,6.19
2026-03-20 17:01:06,26.98,84.99,1013.67,22.07,37.26,6.19
2026-03-20 17:11:06,26.3,85.6,1010.99,22.07,36.06,6.22
2026-03-20 17:21:06,26.72,85.46,1010.66,21.73,36.38,6.18
2026-03-20 17:31:06,26.35,85.62,1012.48,21.77,36.66,6.19
2026-03-20 17:41:06,26.95,85.45,1012.31,21.5,36.28,6.2
2026-03-20 17:51:06,26.78,85.66,1009.44,21.58,36.31,6.21
2026-03-20 18:01:06,26.57,85.8,1010.35,21.36,36.45,6.19
2026-03-20 18:11:06,26.25,85.34,1010.44,21.22,36.32,6.15
2026-03-20 18:21:06,25.46,84.95,1013.0,21.4,36.65,6.25
2026-03-20 18:31:06,26.11,86.5,1011.96,21.37,36.15,6.22
2026-03-20 18:41:06,25.66,85.65,1010.19,21.54,37.46,6.17
2026-03-20 18:51:06,25.59,85.02,1014.03,20.8,35.75,6.21
2026-03-20 19:01:06,25.78,87.0,1013.46,20.74,36.32,6.2
2026-03-20 19:11:06,24.98,86.55,1013.6,20.55,36.53,6.2
2026-03-20 19:21:06,25.21,87.54,1011.8,20.72,35.86,6.18
2026-03-20 19:31:06,25.24,86.64,1011.6,20.1,36.88,6.18
2026-03-20 19:41:06,25.07,86.37,1014.26,20.56,37.1,6.19
2026-03-20 19:51:06,24.5,87.55,1013.13,19.74,36.44,6.17
2026-03-20 20:01:06,23.84,87.25,1011.53,20.15,36.65,6.2
2026-03-20 20:11:06,24.44,87.0,1014.03,20.27,36.71,6.17
2026-03-20 20:21:06,24.43,89.03,1011.15,19.98,36.41,6.2
2026-03-20 20:31:06,23.67,87.39,1012.51,19.35,36.41,6.2
2026-03-20 20:41:06,23.48,87.25,1014.42,19.45,36.37,6.2
2026-03-20 20:51:06,23.59,87.37,1011.78,19.07,37.35,6.19
2026-03-20 21:01:06,23.81,87.44,1015.17,19.26,36.31,6.21
2026-03-20 21:11:06,23.47,87.23,1012.29,18.81,37.15,6.19
2026-03-20 21:21:06,23.85,87.87,1011.83,19.14,35.9,6.22
2026-03-20 21:31:06,22.65,88.82,1010.76,18.28,36.78,6.22
2026-03-20 21:41:06,22.99,88.29,1011.25,18.46,36.73,6.21
2026-03-20 21:51:06,22.54,89.36,1012.44,18.12,36.09,6.24
2026-03-20 22:01:06,22.65,88.92,1013.39,17.86,37.21,6.21
2026-03-20 22:11:06,22.48,89.48,1013.05,17.64,36.43,6.22
2026-03-20 22:21:06,22.49,89.74,1011.16,17.84,36.35,6.17
2026-03-20 22:31:06,22.32,88.59,1014.69,17.47,37.22,6.22
2026-03-20 22:41:06,22.47,88.23,1011.79,17.31,35.61,6.19
2026-03-20 22:51:06,22.11,89.29,1013.26,17.23,37.01,6.23
2026-03-20 23:01:06,22.58,89.31,1012.54,17.33,36.22,6.22
2026-03-20 23:11:06,21.77,89.48,1011.06,16.75,37.18,6.19
2026-03-20 23:21:06,22.48,89.43,1010.14,16.39,36.03,6.2
2026-03-20 23:31:06,21.33,89.21,1011.44,16.35,36.01,6.23
2026-03-20 23:41:06,22.0,89.93,1011.68,16.44,35.98,6.21
2026-03-20 23:51:06,21.27,89.67,1016.59,15.91,36.29,6.2
2026-03-21 00:01:06,21.55,89.65,1012.26,15.84,35.43,6.2
2026-03-21 00:11:06,21.85,89.2,1013.18,15.78,35.52,6.18
2026-03-21 00:21:06,21.35,89.66,1008.87,15.63,36.48,6.18
2026-03-21 00:31:06,21.0,89.99,1012.8,15.61,36.92,6.21
2026-03-21 00:41:06,21.22,89.93,1014.1,15.65,36.55,6.19
2026-03-21 00:51:06,21.18,90.0,1011.38,15.33,36.31,6.19
2026-03-21 01:01:06,21.0,89.8,1011.97,14.9,36.07,6.24
2026-03-21 01:11:06,21.29,90.0,1013.34,14.89,37.01,6.21
2026-03-21 01:21:06,21.0,89.28,1012.22,14.69,36.35,6.19
2026-03-21 01:31:06,21.19,90.0,1009.62,14.75,37.15,6.18
2026-03-21 01:41:06,21.23,90.0,1011.54,14.87,36.96,6.18
2026-03-21 01:51:06,21.0,89.78,1012.45,15.05,35.95,6.23
2026-03-21 02:01:06,21.0,90.0,1014.3,14.43,36.82,6.19
2026-03-21 02:11:06,21.0,89.51,1012.01,14.58,35.7,6.2
2026-03-21 02:21:06,21.56,89.86,1010.89,14.56,36.66,6.21
2026-03-21 02:31:06,21.0,89.79,1011.95,14.29,36.38,6.22
2026-03-21 02:41:06,21.22,89.91,1013.33,14.3,36.78,6.22
2026-03-21 02:51:06,21.0,90.0,1012.12,14.06,35.69,6.21
2026-03-21 03:01:06,21.03,89.48,1010.8,14.23,35.83,6.2
2026-03-21 03:11:06,21.33,90.0,1012.7,14.09,37.46,6.27
2026-03-21 03:21:06,21.08,89.94,1011.59,14.12,37.11,6.22
2026-03-21 03:31:06,21.59,89.7,1010.61,14.01,36.24,6.22
2026-03-21 03:41:06,21.44,89.13,1013.26,13.69,36.42,6.18
2026-03-21 03:51:06,21.0,89.63,1012.35,14.14,35.29,6.23
2026-03-21 04:01:06,21.5,89.43,1012.27,14.08,36.3,6.21
2026-03-21 04:11:06,21.55,89.16,1013.1,14.07,36.6,6.2
2026-03-21 04:21:06,21.17,88.97,1008.93,13.97,35.45,6.21
2026-03-21 04:31:06,22.13,89.71,1009.81,14.02,36.31,6.19
2026-03-21 04:41:06,21.95,89.21,1014.15,13.7,35.84,6.24
2026-03-21 04:51:06,22.09,89.48,1015.06,14.33,36.15,6.24
2026-03-21 05:01:06,22.24,88.91,1011.49,13.96,36.18,6.14
2026-03-21 05:11:06,21.9,89.04,1012.29,14.6,35.62,6.18
2026-03-21 05:21:06,21.73,88.93,1012.57,14.16,36.57,6.21
2026-03-21 05:31:06,22.7,88.85,1010.51,14.17,36.05,6.22
2026-03-21 05:41:06,22.63,88.71,1013.84,14.23,35.65,6.2
2026-03-21 05:51:06,22.9,87.87,1014.59,14.53,36.84,6.18
2026-03-21 06:01:06,22.6,88.75,1011.96,14.63,35.72,6.2
2026-03-21 06:11:06,22.43,88.31,1012.65,14.36,36.94,6.19
2026-03-21 06:21:06,22.88,87.8,1012.1,14.85,35.36,6.18
2026-03-21 06:31:06,22.9,88.52,1009.98,14.84,36.23,6.21
2026-03-21 06:41:06,23.13,88.4,1011.06,15.06,35.81,6.18
2026-03-21 06:51:06,23.34,88.22,1011.79,14.81,36.09,6.22
2026-03-21 07:01:06,23.47,87.66,1009.63,15.4,36.27,6.22
2026-03-21 07:11:06,23.65,87.64,1011.94,15.3,36.42,6.2
2026-03-21 07:21:06,23.56,87.21,1011.69,15.52,35.2,6.2
2026-03-21 07:31:06,23.9,87.61,1012.34,15.56,36.72,6.21
2026-03-21 07:41:06,24.76,87.25,1011.88,15.69,36.56,6.22
2026-03-21 07:51:06,23.76,87.16,1012.92,15.46,36.24,6.22
2026-03-21 08:01:06,24.96,86.89,1012.76,15.93,37.12,6.22
2026-03-21 08:11:06,23.8,86.25,1009.78,16.26,36.65,6.16
2026-03-21 08:21:06,24.97,86.35,1012.97,16.06,35.83,6.17
2026-03-21 08:31:06,24.86,86.53,1011.37,16.77,35.46,6.18
2026-03-21 08:41:06,24.7,86.3,1011.58,16.73,36.39,6.19
2026-03-21 08:51:06,25.07,86.13,1014.98,16.66,36.4,6.17
2026-03-21 09:01:06,25.66,86.39,1012.46,16.57,36.41,6.22
2026-03-21 09:11:06,26.25,86.64,1013.35,17.21,36.02,6.19
2026-03-21 09:21:06,26.0,86.16,1013.07,17.31,35.1,6.21
2026-03-21 09:31:06,25.94,85.85,1013.08,17.54,35.47,6.21
2026-03-21 09:41:06,25.63,85.18,1012.64,17.91,36.33,6.19
2026-03-21 09:51:06,26.67,85.18,1013.44,18.15,35.68,6.2
2026-03-21 10:01:06,26.32,85.89,1013.02,17.74,37.03,6.22
2026-03-21 10:11:06,25.67,85.55,1011.45,18.03,36.65,6.21
2026-03-21 10:21:06,26.39,84.84,1011.2,18.7,35.78,6.17
2026-03-21 10:31:06,26.73,85.27,1011.21,18.59,36.09,6.24
2026-03-21 10:41:06,26.78,85.04,1014.79,18.74,36.74,6.22
2026-03-21 10:51:06,26.77,84.97,1014.88,18.61,35.84,6.2
2026-03-21 11:01:06,26.5,84.6,1012.32,18.85,36.59,6.23
2026-03-21 11:11:06,27.66,85.51,1011.15,19.54,36.07,6.18
2026-03-21 11:21:06,27.55,84.0,1013.03,19.3,36.3,6.24
2026-03-21 11:31:06,27.24,85.08,1011.04,19.72,36.45,6.2
2026-03-21 11:41:06,27.47,84.27,1009.75,19.92,35.94,6.21
2026-03-21 11:51:06,27.34,84.73,1011.93,19.9,35.59,6.18
2026-03-21 12:01:06,27.93,84.15,1011.93,20.09,36.27,6.17
2026-03-21 12:11:06,27.33,84.21,1012.65,20.11,35.59,6.19
2026-03-21 12:21:06,27.8,84.22,1009.61,20.29,35.66,6.19
2026-03-21 12:31:06,27.94,84.0,1013.65,20.6,35.79,6.23
2026-03-21 12:41:06,27.94,84.0,1011.69,20.62,36.38,6.17
2026-03-21 12:51:06,27.98,84.0,1013.51,20.68,36.45,6.22
2026-03-21 13:01:06,27.86,84.0,1013.3,20.83,35.51,6.17
2026-03-21 13:11:06,27.69,84.6,1011.78,21.05,35.19,6.16
2026-03-21 13:21:06,28.0,84.08,1013.07,20.96,36.44,6.17
2026-03-21 13:31:06,28.0,84.27,1013.05,21.26,35.73,6.19
2026-03-21 13:41:06,27.99,84.0,1014.08,21.23,35.82,6.2
2026-03-21 13:51:06,28.0,84.0,1009.45,21.62,35.91,6.22
2026-03-21 14:01:06,28.0,84.29,1013.09,21.61,35.85,6.17
2026-03-21 14:11:06,27.86,84.2,1012.91,21.99,36.3,6.21
2026-03-21 14:21:06,27.8,84.0,1010.85,21.4,36.77,6.2
2026-03-21 14:31:06,27.97,84.17,1008.97,21.9,35.66,6.22
2026-03-21 14:41:06,28.0,84.47,1011.59,21.38,36.08,6.23
2026-03-21 14:51:06,27.59,84.77,1010.24,21.92,36.46,6.21
2026-03-21 15:01:06,27.87,84.0,1011.69,21.84,35.23,6.2
2026-03-21 15:11:06,27.91,84.96,1010.74,21.69,36.41,6.24
2026-03-21 15:21:06,28.0,84.97,1011.35,21.73,36.45,6.25
2026-03-21 15:31:06,27.91,84.58,1009.81,21.78,36.48,6.24
2026-03-21 15:41:06,27.73,84.13,1012.91,22.3,35.82,6.2
2026-03-21 15:51:06,27.58,84.22,1012.43,22.09,35.7,6.2
2026-03-21 16:01:06,27.21,84.0,1012.6,22.08,35.52,6.2
2026-03-21 16:11:06,27.05,84.01,1011.33,21.99,36.45,6.2
2026-03-21 16:21:06,27.69,84.32,1011.48,22.06,36.45,6.2
2026-03-21 16:31:06,27.52,84.2,1013.73,21.65,36.89,6.21
2026-03-21 16:41:06,26.64,85.64,1014.78,21.97,36.06,6.21
2026-03-21 16:51:06,27.0,84.9,1010.66,21.92,35.7,6.21
2026-03-21 17:01:06,27.14,84.95,1011.2,22.02,34.85,6.21
2026-03-21 17:11:06,26.23,85.41,1009.97,22.04,35.64,6.19
2026-03-21 17:21:06,26.98,84.82,1012.45,21.92,35.28,6.2
2026-03-21 17:31:06,26.88,85.47,1013.06,21.56,34.96,6.23
2026-03-21 17:41:06,26.44,85.21,1014.43,21.35,35.86,6.18
2026-03-21 17:51:06,26.35,84.81,1011.48,21.56,36.58,6.19
2026-03-21 18:01:06,26.05,84.97,1012.02,21.63,35.72,6.22
2026-03-21 18:11:06,26.08,85.73,1012.98,21.61,35.83,6.22
2026-03-21 18:21:06,26.01,85.4,1013.44,21.18,35.86,6.21
2026-03-21 18:31:06,25.7,85.81,1012.17,21.24,35.3,6.22
2026-03-21 18:41:06,25.92,86.0,1010.08,21.15,36.31,6.21
2026-03-21 18:51:06,25.69,86.27,1011.83,21.07,35.27,6.2
2026-03-21 19:01:06,25.39,86.02,1011.1,21.13,35.58,6.25
2026-03-21 19:11:06,25.81,86.66,1013.44,20.59,36.5,6.2
2026-03-21 19:21:06,24.84,86.66,1012.14,20.6,35.53,6.22
2026-03-21 19:31:06,24.04,86.76,1011.77,20.45,36.06,6.21
2026-03-21 19:41:06,24.44,87.28,1011.36,20.14,36.28,6.21
2026-03-21 19:51:06,24.17,87.54,1012.78,20.31,36.34,6.19
2026-03-21 20:01:06,24.07,87.27,1012.77,20.06,36.36,6.18
2026-03-21 20:11:06,24.67,87.09,1011.87,19.89,36.69,6.19
2026-03-21 20:21:06,24.05,87.79,1010.02,19.63,35.07,6.19
2026-03-21 20:31:06,23.91,86.77,1009.95,19.17,35.36,6.2
2026-03-21 20:41:06,23.83,87.55,1011.32,19.09,34.86,6.18
2026-03-21 20:51:06,23.52,88.07,1013.32,19.35,36.23,6.19
2026-03-21 21:01:06,23.07,87.8,1013.73,18.84,35.41,6.22
2026-03-21 21:11:06,23.13,87.37,1013.23,18.85,36.51,6.19
2026-03-21 21:21:06,23.49,87.37,1011.3,18.87,36.33,6.24
2026-03-21 21:31:06,23.07,88.28,1010.54,18.65,36.27,6.22
2026-03-21 21:41:06,23.7,89.35,1011.34,18.17,36.62,6.2
2026-03-21 21:51:06,22.66,88.1,1013.13,18.35,34.43,6.2
2026-03-21 22:01:06,22.66,88.11,1010.43,17.67,36.13,6.19
2026-03-21 22:11:06,22.59,89.26,1010.83,17.55,36.24,6.19
2026-03-21 22:21:06,22.19,88.67,1011.14,17.67,36.32,6.21
2026-03-21 22:31:06,22.09,88.55,1011.89,17.59,35.45,6.17
2026-03-21 22:41:06,21.67,88.82,1011.91,17.38,34.88,6.16
2026-03-21 22:51:06,21.64,89.45,1013.46,17.11,36.12,6.19
2026-03-21 23:01:06,21.84,89.15,1012.51,16.89,35.75,6.22
2026-03-21 23:11:06,21.13,89.82,1012.06,16.78,35.99,6.22
2026-03-21 23:21:06,21.54,88.84,1008.36,16.66,35.96,6.24
2026-03-21 23:31:06,22.28,89.29,1010.78,16.8,35.3,6.18
2026-03-21 23:41:06,22.07,89.54,1009.62,16.43,35.38,6.19
2026-03-21 23:51:06,21.62,89.05,1011.39,16.01,36.57,6.19
2026-03-22 00:01:06,21.61,89.27,1012.89,16.24,35.41,6.21
2026-03-22 00:11:06,21.35,90.0,1010.88,16.12,35.75,6.17
2026-03-22 00:21:06,21.52,89.58,1013.66,15.39,35.91,6.19
2026-03-22 00:31:06,21.79,89.99,1010.37,15.6,35.39,6.24
2026-03-22 00:41:06,21.42,89.04,1015.11,15.59,34.63,6.18
2026-03-22 00:51:06,21.29,90.0,1009.79,15.54,35.55,6.21
2026-03-22 01:01:06,21.69,89.59,1012.39,15.16,35.71,6.21
2026-03-22 01:11:06,21.0,90.0,1009.9,15.21,36.08,6.18
2026-03-22 01:21:06,21.22,90.0,1013.65,15.1,35.34,6.22
2026-03-22 01:31:06,21.0,89.17,1011.83,14.91,34.81,6.2
2026-03-22 01:41:06,21.5,89.75,1012.06,14.74,35.15,6.25
2026-03-22 01:51:06,21.66,90.0,1011.67,14.64,34.99,6.22
2026-03-22 02:01:06,21.09,89.69,1013.64,14.27,35.27,6.22
2026-03-22 02:11:06,21.51,90.0,1012.75,14.69,36.24,6.21
2026-03-22 02:21:06,21.0,89.05,1013.23,14.46,34.87,6.2
2026-03-22 02:31:06,21.05,90.0,1012.45,14.52,35.0,6.21
2026-03-22 02:41:06,21.16,88.78,1008.65,13.95,35.03,6.23
2026-03-22 02:51:06,21.03,90.0,1010.62,14.2,36.0,6.22
2026-03-22 03:01:06,21.0,89.84,1015.87,14.58,36.15,6.23
2026-03-22 03:11:06,21.0,89.63,1010.95,14.26,35.22,6.2
2026-03-22 03:21:06,21.46,90.0,1010.81,14.06,34.35,6.2
2026-03-22 03:31:06,21.14,89.19,1011.86,14.15,35.71,6.19
2026-03-22 03:41:06,21.27,90.0,1011.34,14.11,35.34,6.17
2026-03-22 03:51:06,21.59,90.0,1014.29,14.41,35.7,6.23
2026-03-22 04:01:06,21.88,88.94,1011.26,14.05,35.53,6.21
2026-03-22 04:11:06,22.2,89.32,1010.21,14.37,35.77,6.23
2026-03-22 04:21:06,21.34,89.28,1013.31,14.02,35.65,6.21
2026-03-22 04:31:06,21.43,90.0,1014.61,13.97,34.57,6.19
2026-03-22 04:41:06,22.03,90.0,1009.6,14.11,35.36,6.2
2026-03-22 04:51:06,22.41,89.12,1012.25,14.43,35.5,6.15
2026-03-22 05:01:06,22.02,89.08,1013.08,14.16,36.26,6.2
2026-03-22 05:11:06,22.56,89.33,1011.35,14.3,35.05,6.25
2026-03-22 05:21:06,21.87,89.31,1015.01,14.06,35.87,6.18
2026-03-22 05:31:06,22.63,89.1,1011.23,14.49,35.87,6.21
2026-03-22 05:41:06,22.41,89.1,1014.78,14.43,34.32,6.19
2026-03-22 05:51:06,22.84,88.18,1012.61,14.47,35.14,6.2
2026-03-22 06:01:06,22.68,88.35,1013.64,14.52,35.96,6.23
2026-03-22 06:11:06,22.89,87.4,1013.82,14.72,34.58,6.21
2026-03-22 06:21:06,22.73,87.85,1013.45,14.93,35.32,6.21
2026-03-22 06:31:06,23.22,88.2,1010.99,14.9,34.48,6.17
2026-03-22 06:41:06,22.78,88.45,1011.47,15.08,35.73,6.18
2026-03-22 06:51:06,23.38,87.87,1013.0,15.33,35.7,6.24
2026-03-22 07:01:06,23.6,87.76,1011.91,15.22,35.93,6.19
2026-03-22 07:11:06,23.86,86.83,1011.74,15.28,35.76,6.21
2026-03-22 07:21:06,24.15,87.38,1010.56,15.26,35.45,6.19
2026-03-22 07:31:06,24.31,86.87,1011.89,15.63,36.18,6.21
2026-03-22 07:41:06,23.97,86.99,1011.38,15.83,35.5,6.21
2026-03-22 07:51:06,24.84,86.55,1014.69,15.69,35.48,6.24
2026-03-22 08:01:06,24.02,87.34,1010.9,15.98,34.59,6.22
2026-03-22 08:11:06,25.02,86.01,1012.14,16.36,35.34,6.18
2026-03-22 08:21:06,24.73,87.62,1010.68,16.48,35.18,6.15
2026-03-22 08:31:06,24.98,86.82,1013.01,16.18,35.98,6.21
2026-03-22 08:41:06,25.27,85.68,1013.4,16.66,35.53,6.2
2026-03-22 08:51:06,25.1,87.06,1011.41,16.77,35.76,6.21
2026-03-22 09:01:06,25.59,86.39,1012.68,17.09,36.12,6.24
2026-03-22 09:11:06,25.94,86.63,1015.61,17.15,35.33,6.21
2026-03-22 09:21:06,25.47,85.7,1013.63,17.26,35.33,6.2
2026-03-22 09:31:06,25.51,85.21,1010.48,17.74,35.43,6.21
2026-03-22 09:41:06,25.71,85.85,1011.92,17.61,34.95,6.21
2026-03-22 09:51:06,26.22,85.99,1010.04,18.02,34.76,6.22
2026-03-22 10:01:06,26.73,85.32,1013.26,18.2,35.18,6.21
2026-03-22 10:11:06,26.82,84.99,1014.77,18.16,34.66,6.22
2026-03-22 10:21:06,26.65,85.1,1012.95,18.02,35.61,6.22
2026-03-22 10:31:06,26.54,85.61,1012.33,18.67,36.12,6.19
2026-03-22 10:41:06,27.03,84.49,1013.87,18.65,35.67,6.2
2026-03-22 10:51:06,26.77,85.15,1012.41,18.67,35.5,6.19
2026-03-22 11:01:06,27.26,84.61,1011.75,18.98,35.7,6.19
2026-03-22 11:11:06,26.64,85.07,1013.86,19.57,35.39,6.19
2026-03-22 11:21:06,26.69,85.37,1009.5,19.49,36.23,6.19
2026-03-22 11:31:06,26.99,84.78,1010.03,19.36,35.69,6.18
2026-03-22 11:41:06,27.08,85.24,1010.55,19.87,35.53,6.17
2026-03-22 11:51:06,27.21,84.67,1011.51,19.74,34.95,6.22
2026-03-22 12:01:06,27.41,84.5,1011.69,19.59,35.57,6.23
2026-03-22 12:11:06,27.18,84.0,1010.62,20.46,35.08,6.18
2026-03-22 12:21:06,28.0,85.09,1013.17,20.92,35.21,6.18
2026-03-22 12:31:06,27.62,84.0,1011.72,20.8,34.49,6.23
2026-03-22 12:41:06,27.41,84.11,1012.38,20.41,35.82,6.23
2026-03-22 12:51:06,28.0,84.56,1009.44,20.87,34.98,6.2
2026-03-22 13:01:06,27.68,84.48,1011.74,20.92,35.97,6.17
2026-03-22 13:11:06,27.85,84.31,1014.4,20.62,34.74,6.21
2026-03-22 13:21:06,27.65,84.0,1011.37,20.99,34.46,6.21
2026-03-22 13:31:06,28.0,84.0,1011.71,21.03,35.66,6.2
2026-03-22 13:41:06,27.35,84.0,1012.1,21.24,35.64,6.21
2026-03-22 13:51:06,27.94,84.0,1010.22,21.29,35.25,6.23
2026-03-22 14:01:06,27.91,84.12,1012.57,21.34,36.05,6.21
2026-03-22 14:11:06,28.0,84.0,1010.5,22.13,34.99,6.2
2026-03-22 14:21:06,27.57,84.35,1014.19,21.45,35.67,6.21
2026-03-22 14:31:06,27.47,84.0,1013.79,21.82,35.44,6.19
2026-03-22 14:41:06,28.0,84.42,1013.27,22.16,35.37,6.18
2026-03-22 14:51:06,28.0,84.61,1012.06,21.76,35.0,6.19
2026-03-22 15:01:06,27.4,84.0,1010.48,21.78,35.11,6.23
2026-03-22 15:11:06,27.43,84.0,1012.35,22.09,34.83,6.19
2026-03-22 15:21:06,27.17,84.0,1008.58,21.84,34.84,6.2
2026-03-22 15:31:06,28.0,84.0,1010.0,22.24,35.52,6.2
2026-03-22 15:41:06,28.0,84.55,1013.78,21.75,34.03,6.23
2026-03-22 15:51:06,27.43,85.23,1013.62,22.19,35.46,6.21
2026-03-22 16:01:06,27.4,84.0,1011.55,22.42,35.74,6.18
2026-03-22 16:11:06,27.25,85.24,1013.24,21.99,35.42,6.17
2026-03-22 16:21:06,27.26,84.22,1011.15,22.12,35.4,6.2
2026-03-22 16:31:06,27.27,84.98,1014.28,22.27,34.33,6.18
2026-03-22 16:41:06,27.27,84.52,1012.03,22.07,34.99,6.21
2026-03-22 16:51:06,27.06,84.26,1013.82,21.96,35.69,6.19
2026-03-22 17:01:06,27.42,85.16,1011.7,22.06,36.15,6.19
2026-03-22 17:11:06,27.18,84.5,1009.46,21.53,35.81,6.19
2026-03-22 17:21:06,26.67,84.4,1006.8,22.11,34.36,6.18
2026-03-22 17:31:06,26.41,84.51,1012.18,21.72,34.71,6.22
2026-03-22 17:41:06,26.22,85.26,1012.38,21.8,35.59,6.19
2026-03-22 17:51:06,25.96,85.98,1009.4,21.53,35.01,6.21
2026-03-22 18:01:06,26.3,85.39,1013.6,21.42,35.18,6.19
2026-03-22 18:11:06,26.29,85.34,1012.32,21.08,35.28,6.2
2026-03-22 18:21:06,26.23,85.95,1011.86,21.38,35.13,6.22
2026-03-22 18:31:06,25.57,85.57,1010.72,21.42,35.85,6.18
2026-03-22 18:41:06,25.62,84.84,1012.69,20.62,34.99,6.2
2026-03-22 18:51:06,25.08,86.43,1013.14,20.76,35.03,6.22
2026-03-22 19:01:06,25.53,86.2,1009.77,20.97,35.63,6.17
2026-03-22 19:11:06,25.6,86.23,1012.39,20.53,34.1,6.2
2026-03-22 19:21:06,24.8,85.91,1009.23,20.38,35.81,6.21
2026-03-22 19:31:06,24.5,86.58,1010.15,20.51,35.13,6.18
2026-03-22 19:41:06,24.95,86.9,1013.13,20.09,34.83,6.23
2026-03-22 19:51:06,24.63,86.87,1011.27,20.11,35.49,6.21
2026-03-22 20:01:06,24.3,87.05,1010.23,20.1,35.18,6.2
2026-03-22 20:11:06,24.31,86.75,1012.61,19.95,34.61,6.25
2026-03-22 20:21:06,24.4,87.03,1011.89,19.63,35.33,6.21
2026-03-22 20:31:06,23.94,87.42,1016.27,19.62,34.58,6.2
2026-03-22 20:41:06,24.04,87.72,1010.24,19.28,34.87,6.17
2026-03-22 20:51:06,24.0,87.69,1013.4,19.2,35.05,6.19
2026-03-22 21:01:06,23.52,87.73,1012.13,19.02,35.82,6.21
2026-03-22 21:11:06,23.5,87.84,1012.89,18.68,35.95,6.19
2026-03-22 21:21:06,23.27,89.21,1010.73,19.16,34.67,6.21
2026-03-22 21:31:06,23.11,87.99,1012.49,18.72,34.79,6.2
2026-03-22 21:41:06,22.96,87.92,1012.56,18.77,34.04,6.23
2026-03-22 21:51:06,22.83,87.79,1013.42,17.92,34.69,6.22
2026-03-22 22:01:06,23.41,88.4,1012.67,18.49,34.71,6.19
2026-03-22 22:11:06,22.73,88.22,1012.06,17.84,35.38,6.21
2026-03-22 22:21:06,22.73,88.99,1014.64,17.64,35.09,6.21
2026-03-22 22:31:06,22.56,89.05,1012.11,17.61,34.46,6.19
2026-03-22 22:41:06,22.11,88.67,1013.48,17.27,35.85,6.2
2026-03-22 22:51:06,22.61,89.7,1012.23,16.87,35.17,6.19
2026-03-22 23:01:06,22.11,89.63,1011.98,16.74,34.62,6.2
2026-03-22 23:11:06,22.14,89.0,1010.97,17.02,35.24,6.17
2026-03-22 23:21:06,21.86,89.49,1010.8,16.67,35.05,6.21
2026-03-22 23:31:06,21.71,89.86,1011.32,16.57,35.54,6.2
2026-03-22 23:41:06,22.0,90.0,1015.78,16.29,35.08,6.17
2026-03-22 23:51:06,21.66,89.3,1011.3,16.38,39.83,6.2
2026-03-23 00:01:06,21.36,90.0,1012.99,15.92,39.98,6.23
2026-03-23 00:11:06,21.72,89.29,1014.9,15.57,39.98,6.22
2026-03-23 00:21:06,21.36,90.0,1014.4,15.84,39.9,6.2
2026-03-23 00:31:06,21.18,88.16,1013.22,15.69,40.02,6.18
2026-03-23 00:41:06,21.62,90.0,1010.28,15.39,40.26,6.2
2026-03-23 00:51:06,21.23,89.38,1013.63,15.58,40.4,6.18
2026-03-23 01:01:06,21.58,89.89,1011.69,14.62,39.67,6.2
2026-03-23 01:11:06,21.0,89.9,1012.61,14.81,39.21,6.22
2026-03-23 01:21:06,21.0,89.13,1012.07,14.91,40.08,6.21
2026-03-23 01:31:06,21.25,90.0,1011.44,14.87,39.29,6.19
2026-03-23 01:41:06,21.0,90.0,1015.59,14.76,40.55,6.2
2026-03-23 01:51:06,21.0,90.0,1010.32,14.62,40.17,6.2
2026-03-23 02:01:06,21.0,90.0,1010.98,14.24,39.64,6.21
2026-03-23 02:11:06,21.26,88.99,1013.0,14.52,39.64,6.17
2026-03-23 02:21:06,21.0,90.0,1011.05,14.33,39.87,6.18
2026-03-23 02:31:06,21.44,90.0,1012.91,14.42,40.23,6.22
2026-03-23 02:41:06,21.0,90.0,1012.79,14.47,40.15,6.22
2026-03-23 02:51:06,21.04,90.0,1011.55,13.72,40.31,6.18
2026-03-23 03:01:06,21.0,89.87,1013.01,13.93,39.29,6.16
2026-03-23 03:11:06,21.17,89.86,1012.24,14.14,40.37,6.19
2026-03-23 03:21:06,21.69,89.83,1012.36,13.9,38.82,6.22
2026-03-23 03:31:06,21.4,90.0,1010.95,13.9,39.84,6.18
2026-03-23 03:41:06,21.52,89.26,1009.83,13.89,39.56,6.17
2026-03-23 03:51:06,21.43,89.85,1012.67,13.87,40.21,6.24
2026-03-23 04:01:06,21.91,89.3,1012.72,14.29,39.75,6.21
2026-03-23 04:11:06,21.49,89.06,1011.62,13.65,39.26,6.23
2026-03-23 04:21:06,21.52,88.93,1012.22,14.25,40.1,6.21
2026-03-23 04:31:06,21.86,89.07,1011.2,14.13,39.8,6.2
2026-03-23 04:41:06,22.07,89.36,1011.98,14.32,40.11,6.2
2026-03-23 04:51:06,21.94,89.42,1013.28,13.94,39.14,6.2
2026-03-23 05:01:06,22.16,89.17,1013.64,14.29,40.14,6.22
2026-03-23 05:11:06,21.97,89.43,1014.14,14.07,39.64,6.21
2026-03-23 05:21:06,22.02,89.32,1012.12,14.29,40.04,6.16
2026-03-23 05:31:06,21.93,88.76,1010.75,14.11,39.74,6.21
2026-03-23 05:41:06,22.21,88.16,1010.94,13.98,40.49,6.21
2026-03-23 05:51:06,22.96,88.68,1010.74,14.61,39.1,6.2
2026-03-23 06:01:06,22.4,88.94,1013.04,14.6,40.33,6.18
2026-03-23 06:11:06,22.99,87.84,1013.38,14.35,39.22,6.22
2026-03-23 06:21:06,22.94,88.65,1012.22,14.82,39.11,6.2
2026-03-23 06:31:06,23.5,89.01,1012.81,15.08,40.55,6.21
2026-03-23 06:41:06,23.54,88.32,1012.87,14.93,40.22,6.23
2026-03-23 06:51:06,23.03,87.94,1013.63,15.02,39.82,6.2
2026-03-23 07:01:06,23.78,87.5,1012.75,15.39,40.17,6.22
2026-03-23 07:11:06,23.06,87.73,1011.13,14.97,39.79,6.19
2026-03-23 07:21:06,23.7,86.99,1012.12,15.43,39.56,6.2
2026-03-23 07:31:06,24.46,87.23,1015.23,15.37,40.17,6.23
2026-03-23 07:41:06,24.61,86.94,1012.56,15.75,39.79,6.19
2026-03-23 07:51:06,24.37,87.64,1012.78,15.94,40.28,6.22
2026-03-23 08:01:06,24.8,87.21,1014.22,16.09,39.84,6.18
2026-03-23 08:11:06,24.36,87.25,1010.62,16.0,39.54,6.2
2026-03-23 08:21:06,24.99,86.73,1012.56,16.68,41.0,6.21
2026-03-23 08:31:06,24.89,86.78,1012.46,16.37,39.59,6.2
2026-03-23 08:41:06,25.15,86.85,1012.15,16.89,38.85,6.16
2026-03-23 08:51:06,25.47,86.19,1011.53,16.59,40.11,6.19
2026-03-23 09:01:06,25.76,86.39,1014.38,17.02,39.86,6.22
2026-03-23 09:11:06,25.84,86.39,1010.22,16.91,40.37,6.24
2026-03-23 09:21:06,26.0,86.2,1012.45,17.3,39.5,6.2
2026-03-23 09:31:06,25.61,86.24,1010.44,17.3,40.58,6.17
2026-03-23 09:41:06,25.69,85.56,1011.23,18.1,39.45,6.19
2026-03-23 09:51:06,26.61,85.34,1010.37,17.96,39.28,6.2
2026-03-23 10:01:06,26.43,85.92,1012.5,17.79,39.87,6.17
2026-03-23 10:11:06,26.32,86.37,1013.03,18.15,38.88,6.23
2026-03-23 10:21:06,26.16,85.76,1014.17,18.44,39.47,6.19
2026-03-23 10:31:06,26.68,85.81,1009.95,18.78,40.14,6.21
2026-03-23 10:41:06,26.49,85.47,1011.36,19.03,39.4,6.19
2026-03-23 10:51:06,27.13,84.93,1008.91,18.77,39.52,6.22
2026-03-23 11:01:06,27.02,84.21,1014.55,19.36,39.08,6.23
2026-03-23 11:11:06,27.39,84.87,1012.28,19.28,38.8,6.23
2026-03-23 11:21:06,27.6,84.36,1010.1,19.31,39.61,6.18
2026-03-23 11:31:06,27.03,84.81,1011.89,19.73,39.89,6.21
2026-03-23 11:41:06,27.06,84.81,1012.65,19.37,41.06,6.19
2026-03-23 11:51:06,27.05,84.74,1012.69,19.87,40.04,6.22
2026-03-23 12:01:06,27.28,84.47,1012.55,20.33,39.5,6.21
2026-03-23 12:11:06,27.65,84.17,1011.54,20.19,39.33,6.19
2026-03-23 12:21:06,27.91,84.27,1011.92,20.54,39.46,6.18
2026-03-23 12:31:06,27.27,84.82,1010.81,20.64,39.87,6.2
2026-03-23 12:41:06,27.49,84.0,1012.33,20.67,39.93,6.19
2026-03-23 12:51:06,27.7,84.94,1011.5,20.42,39.66,6.18
2026-03-23 13:01:06,27.6,84.14,1011.47,20.6,39.87,6.15
2026-03-23 13:11:06,27.64,84.32,1011.66,20.8,39.32,6.2
2026-03-23 13:21:06,28.0,84.0,1013.11,21.28,40.56,6.23
2026-03-23 13:31:06,27.71,84.0,1011.67,21.18,39.55,6.21
2026-03-23 13:41:06,27.92,84.0,1014.24,21.21,40.2,6.19
2026-03-23 13:51:06,28.0,84.0,1013.38,21.2,39.29,6.2
2026-03-23 14:01:06,28.0,84.0,1011.66,21.41,38.96,6.21
2026-03-23 14:11:06,28.0,84.64,1011.93,21.65,39.17,6.21
2026-03-23 14:21:06,27.61,84.0,1011.1,21.41,39.53,6.22
2026-03-23 14:31:06,27.7,84.12,1011.46,21.95,39.81,6.19
2026-03-23 14:41:06,27.77,84.0,1008.15,21.77,39.89,6.21
2026-03-23 14:51:06,28.0,84.77,1010.81,21.42,39.63,6.18
2026-03-23 15:01:06,28.0,84.0,1011.7,21.73,39.5,6.2
2026-03-23 15:11:06,27.95,84.49,1011.28,22.13,38.84,6.2
2026-03-23 15:21:06,27.94,84.0,1014.74,22.15,39.54,6.22
2026-03-23 15:31:06,27.65,84.41,1012.55,21.98,39.95,6.2
2026-03-23 15:41:06,27.69,84.0,1012.85,22.41,39.26,6.2
2026-03-23 15:51:06,27.71,84.58,1011.28,21.9,38.67,6.19
2026-03-23 16:01:06,27.26,84.03,1011.61,22.17,39.03,6.2
2026-03-23 16:11:06,27.89,84.5,1013.29,22.05,39.16,6.21
2026-03-23 16:21:06,27.36,84.3,1013.42,22.09,39.28,6.19
2026-03-23 16:31:06,27.07,84.56,1011.3,22.0,39.43,6.2
2026-03-23 16:41:06,27.25,84.7,1011.01,21.83,40.08,6.19
2026-03-23 16:51:06,26.91,84.38,1014.3,21.96,40.01,6.21
2026-03-23 17:01:06,26.52,84.87,1015.17,22.27,39.95,6.18
2026-03-23 17:11:06,26.56,84.82,1011.13,22.14,40.03,6.23
2026-03-23 17:21:06,26.71,85.15,1014.52,21.91,39.05,6.22
2026-03-23 17:31:06,27.23,84.44,1014.49,21.59,39.17,6.2
2026-03-23 17:41:06,26.26,84.89,1012.31,21.33,39.22,6.22
2026-03-23 17:51:06,26.2,84.79,1011.18,21.97,40.39,6.18
2026-03-23 18:01:06,26.39,85.48,1011.72,21.41,38.93,6.21
2026-03-23 18:11:06,26.01,85.84,1013.58,21.32,39.74,6.22
2026-03-23 18:21:06,25.67,85.77,1010.69,21.23,39.91,6.21
2026-03-23 18:31:06,26.11,85.12,1010.92,21.07,40.15,6.2
2026-03-23 18:41:06,25.72,85.47,1011.9,20.96,39.11,6.2
2026-03-23 18:51:06,25.49,86.13,1012.18,20.61,39.83,6.18
2026-03-23 19:01:06,25.37,86.46,1013.33,20.61,38.69,6.2
2026-03-23 19:11:06,24.94,86.98,1013.68,20.68,40.17,6.21
2026-03-23 19:21:06,25.15,86.38,1012.46,20.61,38.96,6.17
2026-03-23 19:31:06,25.15,86.06,1013.02,20.0,39.84,6.21
2026-03-23 19:41:06,24.95,86.58,1011.94,20.3,39.24,6.21
2026-03-23 19:51:06,24.57,86.82,1013.48,20.25,39.2,6.18
2026-03-23 20:01:06,24.54,87.08,1010.13,19.98,38.61,6.19
2026-03-23 20:11:06,24.02,87.67,1010.71,19.56,39.67,6.22
2026-03-23 20:21:06,23.94,86.89,1013.67,20.13,38.19,6.19
2026-03-23 20:31:06,23.63,87.31,1013.91,19.37,39.6,6.2
2026-03-23 20:41:06,23.78,88.62,1010.83,19.1,39.66,6.21
2026-03-23 20:51:06,23.67,87.78,1010.96,19.29,38.31,6.19
2026-03-23 21:01:06,23.42,87.68,1010.05,18.97,38.78,6.21
2026-03-23 21:11:06,23.35,88.68,1013.09,18.87,39.1,6.21
2026-03-23 21:21:06,23.23,88.04,1012.75,18.6,39.68,6.22
2026-03-23 21:31:06,23.99,87.41,1013.26,18.51,39.01,6.25
2026-03-23 21:41:06,22.97,88.75,1011.86,18.4,39.1,6.23
2026-03-23 21:51:06,22.77,87.82,1011.9,17.95,39.52,6.21
2026-03-23 22:01:06,22.92,88.16,1010.84,17.78,39.41,6.19
2026-03-23 22:11:06,22.75,88.68,1010.63,17.72,39.09,6.21
2026-03-23 22:21:06,22.59,88.9,1010.08,17.64,39.79,6.23
2026-03-23 22:31:06,22.62,88.67,1008.87,17.37,39.5,6.19
2026-03-23 22:41:06,21.95,88.88,1011.58,17.58,39.24,6.2
2026-03-23 22:51:06,22.23,88.98,1014.71,17.27,38.99,6.18
2026-03-23 23:01:06,22.34,89.06,1011.62,16.93,39.48,6.21
2026-03-23 23:11:06,21.89,90.0,1009.85,16.5,39.14,6.24
2026-03-23 23:21:06,21.6,89.47,1015.29,16.51,39.47,6.19
2026-03-23 23:31:06,21.63,90.0,1009.71,16.8,40.06,6.16
2026-03-23 23:41:06,21.67,88.88,1009.61,16.36,39.01,6.22
2026-03-23 23:51:06,21.63,89.39,1009.96,15.83,38.92,6.17
2026-03-24 00:01:06,21.13,90.0,1012.29,15.72,39.43,6.22
2026-03-24 00:11:06,21.9,89.04,1011.6,16.05,38.29,6.22
2026-03-24 00:21:06,21.87,89.72,1013.78,15.47,39.76,6.2
2026-03-24 00:31:06,21.38,89.57,1011.9,15.71,38.61,6.21
2026-03-24 00:41:06,21.02,89.57,1013.0,15.79,40.01,6.19
2026-03-24 00:51:06,21.5,89.55,1012.03,15.36,38.68,6.15
2026-03-24 01:01:06,21.22,90.0,1009.37,14.92,38.87,6.22
2026-03-24 01:11:06,21.01,89.55,1010.49,15.32,38.72,6.2
2026-03-24 01:21:06,21.19,89.99,1010.84,15.0,38.78,6.22
2026-03-24 01:31:06,21.24,89.9,1012.9,15.13,39.16,6.24
2026-03-24 01:41:06,21.09,89.6,1014.8,14.54,39.06,6.21
2026-03-24 01:51:06,21.0,89.34,1012.33,14.57,38.85,6.2
2026-03-24 02:01:06,21.0,89.58,1012.84,14.66,39.32,6.19
2026-03-24 02:11:06,21.35,89.6,1011.37,14.34,38.5,6.23
2026-03-24 02:21:06,21.27,90.0,1009.56,14.39,38.53,6.15
2026-03-24 02:31:06,21.13,90.0,1012.61,13.98,39.1,6.24
2026-03-24 02:41:06,21.0,89.47,1010.93,14.02,39.65,6.2
2026-03-24 02:51:06,21.0,89.28,1012.97,14.29,39.48,6.19
2026-03-24 03:01:06,21.61,89.49,1014.64,14.32,39.28,6.19
2026-03-24 03:11:06,21.18,89.99,1010.6,14.29,38.74,6.18
2026-03-24 03:21:06,21.32,90.0,1011.87,13.81,39.71,6.2
2026-03-24 03:31:06,21.0,89.51,1012.58,14.16,39.35,6.17
2026-03-24 03:41:06,21.78,90.0,1011.4,13.72,39.72,6.22
2026-03-24 03:51:06,21.16,89.97,1012.87,13.72,38.61,6.23
2026-03-24 04:01:06,21.94,88.75,1011.29,13.86,38.35,6.21
2026-03-24 04:11:06,21.57,89.91,1013.65,14.31,39.6,6.23
2026-03-24 04:21:06,22.49,88.28,1012.74,14.57,39.73,6.24
2026-03-24 04:31:06,21.46,89.46,1012.63,14.12,39.78,6.2
2026-03-24 04:41:06,21.43,89.35,1013.14,14.34,38.59,6.18
2026-03-24 04:51:06,22.54,89.07,1012.5,14.2,39.79,6.19
2026-03-24 05:01:06,22.81,89.62,1012.47,14.42,38.92,6.22
2026-03-24 05:11:06,22.2,89.21,1009.18,14.13,38.63,6.18
2026-03-24 05:21:06,22.18,88.93,1012.23,14.37,38.2,6.22
2026-03-24 05:31:06,22.63,90.0,1010.01,14.37,38.46,6.17
2026-03-24 05:41:06,22.3,88.32,1011.04,14.45,38.58,6.21
2026-03-24 05:51:06,22.38,87.95,1013.91,14.17,39.16,6.23
2026-03-24 06:01:06,23.45,89.61,1012.26,14.52,38.87,6.2
2026-03-24 06:11:06,23.08,88.72,1013.61,14.94,38.79,6.2
2026-03-24 06:21:06,23.52,88.66,1013.79,14.62,39.4,6.18
2026-03-24 06:31:06,23.67,88.02,1012.17,14.9,39.81,6.2
2026-03-24 06:41:06,23.27,88.39,1013.93,14.8,39.08,6.17
2026-03-24 06:51:06,24.05,87.87,1012.2,15.21,39.01,6.18
2026-03-24 07:01:06,23.73,87.11,1010.51,14.94,39.61,6.18
2026-03-24 07:11:06,23.42,87.64,1011.62,15.0,38.81,6.22
2026-03-24 07:21:06,23.8,86.84,1012.25,15.01,39.05,6.16
2026-03-24 07:31:06,24.18,87.16,1011.93,15.7,38.15,6.16
2026-03-24 07:41:06,23.87,87.37,1012.06,15.36,38.62,6.2
2026-03-24 07:51:06,24.52,87.51,1012.92,16.01,39.54,6.18
2026-03-24 08:01:06,24.76,88.06,1012.52,15.77,39.02,6.23
2026-03-24 08:11:06,24.64,87.07,1011.09,16.4,38.28,6.19
2026-03-24 08:21:06,24.84,86.42,1010.99,16.08,39.34,6.22
2026-03-24 08:31:06,25.31,86.79,1011.82,16.39,39.48,6.21
2026-03-24 08:41:06,25.85,86.59,1011.82,16.58,38.69,6.19
2026-03-24 08:51:06,25.8,86.14,1010.87,16.9,38.59,6.19
2026-03-24 09:01:06,24.61,86.04,1012.95,16.97,39.09,6.2
2026-03-24 09:11:06,25.18,86.39,1013.21,17.17,38.93,6.2
2026-03-24 09:21:06,25.59,85.69,1010.57,17.24,38.45,6.21
2026-03-24 09:31:06,26.22,84.85,1011.71,17.42,38.13,6.22
2026-03-24 09:41:06,26.64,84.93,1013.59,17.42,38.66,6.19
2026-03-24 09:51:06,26.59,85.1,1012.32,17.62,39.03,6.23
2026-03-24 10:01:06,26.06,85.57,1011.43,17.89,38.19,6.18
2026-03-24 10:11:06,26.34,85.45,1010.36,18.0,38.87,6.23
2026-03-24 10:21:06,26.39,85.69,1009.95,18.15,39.04,6.22
2026-03-24 10:31:06,27.27,85.4,1011.09,18.63,39.08,6.18
2026-03-24 10:41:06,26.91,85.47,1010.45,19.03,38.76,6.21
2026-03-24 10:51:06,27.24,84.14,1012.8,18.79,38.4,6.2
2026-03-24 11:01:06,27.27,84.0,1012.71,19.09,38.7,6.19
2026-03-24 11:11:06,27.0,84.09,1013.14,19.25,39.12,6.16
2026-03-24 11:21:06,26.98,84.46,1015.72,19.17,38.7,6.19
2026-03-24 11:31:06,27.29,85.17,1010.22,19.85,39.49,6.18
2026-03-24 11:41:06,27.3,84.81,1012.03,19.63,38.57,6.19
2026-03-24 11:51:06,27.62,84.58,1009.76,19.86,38.51,6.21
2026-03-24 12:01:06,27.19,84.28,1011.0,19.98,39.06,6.22
2026-03-24 12:11:06,27.55,84.6,1011.53,20.22,39.27,6.19
2026-03-24 12:21:06,27.82,84.78,1011.5,20.51,39.16,6.24
2026-03-24 12:31:06,27.71,84.0,1011.53,20.23,38.49,6.22
2026-03-24 12:41:06,28.0,84.94,1012.93,20.74,39.08,6.18
2026-03-24 12:51:06,27.42,84.0,1013.73,21.19,39.59,6.18
2026-03-24 13:01:06,27.31,84.38,1014.84,20.65,37.96,6.19
2026-03-24 13:11:06,27.74,84.62,1013.57,20.96,38.82,6.17
2026-03-24 13:21:06,27.73,84.0,1012.91,21.1,38.4,6.23
2026-03-24 13:31:06,27.78,84.0,1012.89,21.16,38.55,6.19
2026-03-24 13:41:06,28.0,84.0,1012.1,21.54,38.94,6.19
2026-03-24 13:51:06,27.78,84.0,1013.66,21.47,38.59,6.2
2026-03-24 14:01:06,27.95,84.18,1011.29,21.51,39.02,6.21
2026-03-24 14:11:06,27.65,84.0,1009.56,21.54,38.92,6.21
2026-03-24 14:21:06,28.0,84.0,1011.53,21.54,38.83,6.16
2026-03-24 14:31:06,28.0,84.0,1013.61,21.66,39.33,6.22
2026-03-24 14:41:06,28.0,84.54,1011.94,21.53,39.52,6.21
2026-03-24 14:51:06,28.0,84.61,1008.91,21.99,38.47,6.2
2026-03-24 15:01:06,28.0,84.0,1014.0,21.52,37.83,6.17
2026-03-24 15:11:06,27.12,84.0,1010.43,22.17,38.75,6.19
2026-03-24 15:21:06,27.91,84.27,1011.59,22.26,38.55,6.19
2026-03-24 15:31:06,27.92,85.01,1012.35,22.06,38.1,6.19
2026-03-24 15:41:06,27.66,84.0,1013.18,22.0,38.97,6.22
2026-03-24 15:51:06,28.0,85.64,1011.18,21.7,38.17,6.16
2026-03-24 16:01:06,27.61,84.37,1010.92,22.11,38.35,6.19
2026-03-24 16:11:06,27.37,84.55,1011.68,21.97,39.43,6.19
2026-03-24 16:21:06,27.56,84.88,1007.63,21.97,38.72,6.18
2026-03-24 16:31:06,27.1,84.67,1010.28,21.8,38.9,6.19
2026-03-24 16:41:06,26.6,84.61,1012.12,22.13,38.32,6.19
2026-03-24 16:51:06,26.71,85.34,1009.15,21.76,38.75,6.21
2026-03-24 17:01:06,26.79,85.3,1009.34,21.71,38.65,6.21
2026-03-24 17:11:06,26.62,85.16,1011.9,22.35,37.9,6.19
2026-03-24 17:21:06,26.3,85.57,1011.11,21.81,38.05,6.18
2026-03-24 17:31:06,27.0,84.62,1010.15,21.78,38.6,6.23
2026-03-24 17:41:06,26.98,86.14,1013.29,21.84,38.29,6.17
2026-03-24 17:51:06,26.68,85.89,1013.7,21.24,39.49,6.18
2026-03-24 18:01:06,26.6,85.28,1012.69,21.27,39.02,6.22
2026-03-24 18:11:06,25.92,85.61,1008.62,21.1,37.96,6.19
2026-03-24 18:21:06,25.92,85.75,1009.77,21.24,38.11,6.15
2026-03-24 18:31:06,25.58,85.7,1011.01,21.24,38.42,6.18
2026-03-24 18:41:06,25.59,86.44,1013.52,21.18,39.4,6.18
2026-03-24 18:51:06,25.65,86.38,1011.47,20.99,39.18,6.21
2026-03-24 19:01:06,25.23,85.92,1013.04,20.95,38.76,6.21
2026-03-24 19:11:06,24.71,86.79,1010.45,20.62,38.95,6.21
2026-03-24 19:21:06,24.59,87.13,1009.68,20.9,39.79,6.2
2026-03-24 19:31:06,24.24,87.08,1012.34,20.33,40.0,6.2
2026-03-24 19:41:06,24.66,86.99,1009.42,20.24,37.99,6.21
2026-03-24 19:51:06,24.87,87.31,1010.89,20.35,39.55,6.22
2026-03-24 20:01:06,24.35,85.89,1013.19,19.66,39.17,6.2
2026-03-24 20:11:06,23.77,87.24,1012.17,19.45,38.56,6.2
2026-03-24 20:21:06,24.33,87.71,1013.52,19.68,38.31,6.17
2026-03-24 20:31:06,23.71,87.22,1011.88,19.56,39.21,6.2
2026-03-24 20:41:06,23.94,87.11,1012.71,19.59,38.38,6.2
2026-03-24 20:51:06,23.93,87.5,1011.69,19.12,39.28,6.22
2026-03-24 21:01:06,23.07,87.72,1013.57,18.69,38.58,6.19
2026-03-24 21:11:06,23.95,88.7,1010.58,18.58,38.07,6.22
2026-03-24 21:21:06,23.26,87.71,1012.86,18.45,38.03,6.19
2026-03-24 21:31:06,23.47,88.36,1010.06,18.23,38.24,6.14
2026-03-24 21:41:06,22.64,88.86,1012.96,18.18,38.44,6.22
2026-03-24 21:51:06,22.8,88.25,1012.9,18.1,39.11,6.16
2026-03-24 22:01:06,22.53,87.92,1012.16,18.01,38.29,6.21
2026-03-24 22:11:06,22.99,88.81,1010.79,17.83,38.64,6.2
2026-03-24 22:21:06,22.45,88.73,1008.81,17.48,38.79,6.21
2026-03-24 22:31:06,22.5,88.6,1011.09,17.85,38.02,6.21
2026-03-24 22:41:06,22.23,88.29,1012.16,17.32,37.47,6.18
2026-03-24 22:51:06,21.84,89.19,1010.57,17.1,39.57,6.18
2026-03-24 23:01:06,21.87,87.73,1010.85,16.88,38.36,6.19
2026-03-24 23:11:06,22.0,89.27,1011.95,16.44,38.55,6.2
2026-03-24 23:21:06,22.16,89.37,1014.03,16.61,38.24,6.21
2026-03-24 23:31:06,21.6,89.06,1013.79,16.23,38.92,6.22
2026-03-24 23:41:06,21.83,89.44,1010.08,16.15,39.04,6.2
2026-03-24 23:51:06,21.56,90.0,1011.59,15.81,38.34,6.19
2026-03-25 00:01:06,21.62,89.86,1010.18,16.05,39.85,6.21
2026-03-25 00:11:06,21.2,89.71,1012.23,15.98,38.72,6.22
2026-03-25 00:21:06,21.5,88.89,1011.8,16.19,38.78,6.21
2026-03-25 00:31:06,21.51,90.0,1013.74,15.46,37.68,6.22
2026-03-25 00:41:06,21.19,90.0,1011.53,15.16,38.3,6.19
2026-03-25 00:51:06,21.07,89.31,1012.58,15.22,39.22,6.19
2026-03-25 01:01:06,21.0,90.0,1012.45,15.15,38.15,6.15
2026-03-25 01:11:06,21.1,89.46,1010.32,15.09,38.52,6.22
2026-03-25 01:21:06,21.0,89.61,1011.0,14.92,38.48,6.22
2026-03-25 01:31:06,21.13,90.0,1011.09,14.73,38.67,6.24
2026-03-25 01:41:06,21.16,90.0,1008.79,14.58,39.38,6.19
2026-03-25 01:51:06,21.0,89.81,1011.51,14.58,38.24,6.2
2026-03-25 02:01:06,21.19,89.89,1007.79,14.84,39.42,6.2
2026-03-25 02:11:06,21.24,89.82,1011.51,14.53,38.04,6.14
2026-03-25 02:21:06,21.02,89.76,1013.92,14.69,38.88,6.22
2026-03-25 02:31:06,21.0,89.88,1012.76,14.64,38.65,6.17
2026-03-25 02:41:06,21.2,89.2,1012.4,14.59,38.12,6.21
2026-03-25 02:51:06,21.0,90.0,1012.18,14.18,38.38,6.24
2026-03-25 03:01:06,21.0,90.0,1012.7,13.94,38.28,6.2
2026-03-25 03:11:06,21.44,88.88,1010.24,14.3,38.58,6.21
2026-03-25 03:21:06,21.65,89.78,1013.75,14.0,38.13,6.22
2026-03-25 03:31:06,21.2,89.91,1011.77,13.96,38.19,6.2
2026-03-25 03:41:06,21.32,89.81,1009.58,14.13,38.32,6.17
2026-03-25 03:51:06,21.35,89.16,1012.55,13.87,38.38,6.2
2026-03-25 04:01:06,21.0,90.0,1010.06,14.08,38.21,6.16
2026-03-25 04:11:06,21.47,89.74,1010.71,13.77,39.55,6.18
2026-03-25 04:21:06,21.39,89.81,1010.92,14.39,38.17,6.2
2026-03-25 04:31:06,22.11,89.61,1012.77,14.35,37.93,6.19
2026-03-25 04:41:06,22.07,88.79,1011.22,13.95,38.62,6.16
2026-03-25 04:51:06,22.06,89.14,1008.19,13.82,38.13,6.22
2026-03-25 05:01:06,22.49,88.9,1010.44,14.6,38.42,6.17
2026-03-25 05:11:06,22.4,89.12,1013.42,14.16,38.58,6.19
2026-03-25 05:21:06,22.21,89.08,1009.39,14.29,37.83,6.17
2026-03-25 05:31:06,22.04,89.15,1010.01,14.26,38.78,6.2
2026-03-25 05:41:06,22.18,88.74,1010.94,13.9,37.46,6.21
2026-03-25 05:51:06,22.72,88.32,1011.65,14.62,38.12,6.21
2026-03-25 06:01:06,22.46,88.92,1011.96,14.63,39.17,6.2
2026-03-25 06:11:06,22.37,88.05,1010.65,14.6,39.17,6.19
2026-03-25 06:21:06,22.85,88.29,1009.6,14.84,38.38,6.21
2026-03-25 06:31:06,23.3,87.73,1011.54,14.49,38.3,6.18
2026-03-25 06:41:06,23.65,87.82,1013.39,14.98,38.02,6.2
2026-03-25 06:51:06,23.39,88.65,1011.32,15.22,37.98,6.21
2026-03-25 07:01:06,23.08,87.46,1009.84,15.27,37.27,6.19
2026-03-25 07:11:06,23.51,87.45,1010.61,15.32,39.15,6.21
2026-03-25 07:21:06,24.32,87.86,1010.79,15.73,38.54,6.14
2026-03-25 07:31:06,24.13,86.84,1012.05,15.43,38.46,6.19
2026-03-25 07:41:06,23.86,86.92,1012.18,16.1,37.64,6.21
2026-03-25 07:51:06,24.58,86.91,1013.41,15.9,37.91,6.18
2026-03-25 08:01:06,24.24,87.29,1012.36,15.58,39.42,6.21
2026-03-25 08:11:06,24.62,87.38,1012.23,16.26,37.29,6.21
2026-03-25 08:21:06,24.96,86.39,1012.59,16.3,38.17,6.2
2026-03-25 08:31:06,25.29,86.45,1013.5,16.03,38.64,6.23
2026-03-25 08:41:06,24.95,85.98,1011.47,16.54,38.58,6.21
2026-03-25 08:51:06,25.27,86.02,1009.43,17.06,38.53,6.2
2026-03-25 09:01:06,25.32,86.07,1012.77,16.9,38.35,6.21
2026-03-25 09:11:06,25.48,85.95,1011.3,17.25,37.92,6.21
2026-03-25 09:21:06,26.19,86.06,1011.94,17.35,38.01,6.2
2026-03-25 09:31:06,25.72,85.73,1010.54,17.34,38.17,6.2
2026-03-25 09:41:06,25.63,86.19,1013.48,17.86,37.6,6.24
2026-03-25 09:51:06,26.59,85.96,1012.16,17.6,38.38,6.18
2026-03-25 10:01:06,26.04,85.49,1010.4,18.34,38.18,6.19
2026-03-25 10:11:06,26.48,85.11,1011.7,18.23,38.83,6.17
2026-03-25 10:21:06,26.1,84.87,1011.84,18.34,38.09,6.19
2026-03-25 10:31:06,26.66,85.19,1012.1,18.61,37.16,6.21
2026-03-25 10:41:06,26.8,85.53,1011.12,18.12,38.57,6.19
2026-03-25 10:51:06,26.8,84.22,1012.53,19.08,38.07,6.19
2026-03-25 11:01:06,26.68,85.36,1013.18,18.93,38.19,6.2
2026-03-25 11:11:06,27.9,85.38,1008.68,19.26,38.2,6.22
2026-03-25 11:21:06,26.84,84.0,1011.37,19.5,38.32,6.19
2026-03-25 11:31:06,27.37,84.55,1008.95,19.67,38.18,6.21
2026-03-25 11:41:06,27.04,84.0,1011.57,19.73,38.43,6.2
2026-03-25 11:51:06,28.0,84.5,1011.91,19.8,37.76,6.16
2026-03-25 12:01:06,27.47,84.0,1011.75,20.01,38.62,6.15
2026-03-25 12:11:06,27.8,84.21,1013.91,20.14,38.67,6.16
2026-03-25 12:21:06,27.34,84.0,1012.7,20.11,38.17,6.19
2026-03-25 12:31:06,27.76,84.38,1010.84,20.07,38.97,6.21
2026-03-25 12:41:06,27.79,85.19,1012.1,20.49,38.85,6.22
2026-03-25 12:51:06,28.0,84.21,1011.42,20.69,38.06,6.21
2026-03-25 13:01:06,27.99,84.69,1009.86,20.71,37.54,6.2
2026-03-25 13:11:06,27.98,84.0,1012.23,21.0,37.95,6.2
2026-03-25 13:21:06,28.0,84.21,1012.56,20.72,37.76,6.21
2026-03-25 13:31:06,27.91,84.59,1011.09,20.99,38.54,6.19
2026-03-25 13:41:06,28.0,84.88,1012.11,21.47,39.57,6.19
2026-03-25 13:51:06,27.99,84.56,1011.93,21.74,37.69,6.2
2026-03-25 14:01:06,28.0,84.0,1011.3,21.25,36.53,6.22
2026-03-25 14:11:06,27.79,84.0,1010.78,21.58,38.76,6.19
2026-03-25 14:21:06,27.74,84.3,1010.71,21.53,38.25,6.2
2026-03-25 14:31:06,27.85,84.0,1012.96,21.51,38.45,6.21
2026-03-25 14:41:06,28.0,84.36,1013.42,21.94,38.47,6.18
2026-03-25 14:51:06,27.88,84.0,1010.69,21.77,38.43,6.19
2026-03-25 15:01:06,28.0,84.97,1012.8,21.94,37.05,6.22
2026-03-25 15:11:06,27.55,84.07,1011.8,21.88,38.26,6.23
2026-03-25 15:21:06,27.7,84.42,1009.99,22.19,38.44,6.16
2026-03-25 15:31:06,28.0,84.74,1010.0,21.78,38.15,6.2
2026-03-25 15:41:06,27.67,84.1,1012.95,22.14,38.17,6.17
2026-03-25 15:51:06,27.45,84.82,1009.61,22.04,38.05,6.21
2026-03-25 16:01:06,27.51,84.78,1011.8,22.28,37.82,6.2
2026-03-25 16:11:06,27.68,84.04,1014.86,21.99,38.57,6.21
2026-03-25 16:21:06,27.23,84.3,1012.93,22.44,39.02,6.16
2026-03-25 16:31:06,27.65,85.84,1014.31,22.02,37.46,6.21
2026-03-25 16:41:06,27.03,84.87,1009.6,22.2,37.85,6.21
2026-03-25 16:51:06,27.35,85.96,1012.5,21.98,38.26,6.22
2026-03-25 17:01:06,26.84,84.0,1014.11,21.72,38.42,6.16
2026-03-25 17:11:06,26.88,84.83,1014.63,21.64,38.12,6.18
2026-03-25 17:21:06,27.04,85.13,1015.62,21.93,38.58,6.2
2026-03-25 17:31:06,26.22,84.53,1009.89,21.97,38.15,6.2
2026-03-25 17:41:06,27.18,85.38,1008.87,21.46,38.09,6.21
2026-03-25 17:51:06,26.98,84.9,1013.12,21.69,37.28,6.22
2026-03-25 18:01:06,26.09,85.01,1012.56,21.36,37.44,6.18
2026-03-25 18:11:06,26.21,86.03,1009.79,21.38,38.27,6.2
2026-03-25 18:21:06,25.63,85.66,1010.52,21.17,38.59,6.18
2026-03-25 18:31:06,25.77,85.4,1010.49,21.27,37.17,6.17
2026-03-25 18:41:06,25.51,86.76,1012.69,21.36,37.93,6.19
2026-03-25 18:51:06,25.67,84.49,1011.72,21.33,37.58,6.2
2026-03-25 19:01:06,24.85,86.16,1011.25,20.89,37.81,6.17
2026-03-25 19:11:06,25.0,86.56,1012.14,20.67,38.32,6.2
2026-03-25 19:21:06,25.16,85.99,1013.57,20.57,37.8,6.19
2026-03-25 19:31:06,24.74,86.73,1012.11,20.44,37.96,6.22
2026-03-25 19:41:06,24.47,87.39,1013.75,20.48,37.35,6.21
2026-03-25 19:51:06,24.76,87.12,1013.08,20.32,38.57,6.2
2026-03-25 20:01:06,24.7,86.95,1010.24,20.14,36.5,6.2
2026-03-25 20:11:06,24.11,87.89,1012.01,19.71,37.53,6.21
2026-03-25 20:21:06,24.07,87.16,1012.36,19.55,38.13,6.19
2026-03-25 20:31:06,23.92,86.95,1009.97,19.24,37.91,6.18
2026-03-25 20:41:06,24.48,87.77,1012.94,19.35,37.08,6.2
2026-03-25 20:51:06,23.97,88.45,1008.76,19.43,37.36,6.2
2026-03-25 21:01:06,23.27,87.6,1010.49,18.91,38.46,6.24
2026-03-25 21:11:06,23.5,88.78,1013.9,18.76,38.29,6.2
2026-03-25 21:21:06,22.98,87.8,1012.18,18.59,37.73,6.19
2026-03-25 21:31:06,22.7,88.53,1013.31,18.26,37.64,6.23
2026-03-25 21:41:06,22.87,88.94,1012.44,18.34,37.61,6.23
2026-03-25 21:51:06,23.04,89.56,1013.75,18.07,37.14,6.2
2026-03-25 22:01:06,22.77,88.9,1012.89,17.94,37.58,6.19
2026-03-25 22:11:06,22.45,88.85,1011.63,18.26,37.88,6.2
2026-03-25 22:21:06,22.46,88.58,1013.36,17.66,37.53,6.16
2026-03-25 22:31:06,22.36,88.9,1011.06,17.35,37.84,6.21
2026-03-25 22:41:06,22.42,89.81,1008.77,17.28,38.14,6.21
2026-03-25 22:51:06,21.84,88.62,1012.83,16.78,37.99,6.17
2026-03-25 23:01:06,21.79,88.32,1014.23,17.2,37.79,6.2
2026-03-25 23:11:06,21.76,89.37,1009.79,16.72,37.33,6.19
2026-03-25 23:21:06,21.92,88.54,1014.6,16.48,37.3,6.18
2026-03-25 23:31:06,21.81,89.19,1013.27,16.09,36.83,6.2
2026-03-25 23:41:06,21.15,89.59,1014.35,16.43,37.7,6.18
2026-03-25 23:51:06,22.07,90.0,1012.41,15.9,37.46,6.2
2026-03-26 00:01:06,21.41,89.09,1012.27,15.55,37.65,6.21
2026-03-26 00:11:06,21.58,89.97,1014.56,15.82,37.43,6.21
2026-03-26 00:21:06,21.07,89.29,1008.68,15.6,37.63,6.21
2026-03-26 00:31:06,21.4,90.0,1013.56,15.13,37.9,6.2
2026-03-26 00:41:06,21.51,89.53,1013.76,15.15,36.52,6.2
2026-03-26 00:51:06,21.0,90.0,1011.48,15.36,38.51,6.19
2026-03-26 01:01:06,21.12,90.0,1010.09,14.86,38.18,6.23
2026-03-26 01:11:06,21.13,90.0,1011.07,14.69,37.58,6.2
2026-03-26 01:21:06,21.35,89.14,1012.75,15.03,37.21,6.19
2026-03-26 01:31:06,21.32,90.0,1013.71,14.76,38.41,6.19
2026-03-26 01:41:06,21.33,89.65,1012.57,14.61,39.59,6.22
2026-03-26 01:51:06,21.25,90.0,1012.16,14.62,37.66,6.2
2026-03-26 02:01:06,21.01,90.0,1009.87,14.53,37.95,6.19
2026-03-26 02:11:06,21.0,88.93,1008.72,14.21,37.96,6.2
2026-03-26 02:21:06,21.06,90.0,1013.51,13.95,38.02,6.18
2026-03-26 02:31:06,21.13,89.93,1009.4,14.19,38.41,6.18
2026-03-26 02:41:06,21.24,90.0,1009.77,14.2,38.76,6.19
2026-03-26 02:51:06,21.28,90.0,1012.36,14.15,36.84,6.22
2026-03-26 03:01:06,21.0,89.95,1011.97,14.24,37.94,6.21
2026-03-26 03:11:06,21.3,90.0,1012.16,13.88,38.04,6.18
2026-03-26 03:21:06,21.11,89.41,1012.93,13.91,37.56,6.22
2026-03-26 03:31:06,21.0,89.77,1013.91,13.83,37.76,6.21
2026-03-26 03:41:06,21.38,89.51,1012.28,13.96,38.04,6.16
2026-03-26 03:51:06,21.0,90.0,1014.16,14.45,38.29,6.21
2026-03-26 04:01:06,21.67,89.39,1011.18,13.76,38.44,6.2
2026-03-26 04:11:06,21.83,89.24,1012.5,13.69,37.63,6.18
2026-03-26 04:21:06,22.6,89.75,1012.54,13.85,37.23,6.19
2026-03-26 04:31:06,21.6,89.88,1012.93,14.04,37.64,6.21
2026-03-26 04:41:06,22.09,89.05,1012.28,13.68,38.54,6.19
2026-03-26 04:51:06,21.93,88.89,1010.67,14.57,37.87,6.17
2026-03-26 05:01:06,22.43,90.0,1013.84,13.99,38.17,6.18
2026-03-26 05:11:06,22.01,88.15,1012.91,14.5,37.41,6.19
2026-03-26 05:21:06,21.9,87.36,1011.5,14.35,37.56,6.22
2026-03-26 05:31:06,22.32,88.91,1010.76,14.39,37.3,6.17
2026-03-26 05:41:06,22.61,88.66,1013.51,13.94,37.91,6.2
2026-03-26 05:51:06,23.15,89.25,1008.93,14.34,37.86,6.18
2026-03-26 06:01:06,22.61,88.74,1012.66,14.61,37.94,6.21
2026-03-26 06:11:06,22.82,88.4,1011.37,14.7,37.61,6.17
2026-03-26 06:21:06,22.94,87.56,1015.42,14.95,37.48,6.18
2026-03-26 06:31:06,23.47,87.98,1013.25,15.01,37.75,6.18
2026-03-26 06:41:06,23.61,86.87,1012.71,15.12,37.27,6.24
2026-03-26 06:51:06,23.4,88.52,1013.9,15.4,38.25,6.2
2026-03-26 07:01:06,23.81,87.51,1011.77,15.35,36.98,6.17
2026-03-26 07:11:06,23.77,87.2,1014.14,15.48,37.67,6.22
2026-03-26 07:21:06,24.11,87.96,1009.89,15.45,36.52,6.2
2026-03-26 07:31:06,24.24,87.04,1011.13,15.82,37.2,6.18
2026-03-26 07:41:06,24.8,86.99,1011.09,15.8,37.68,6.19
2026-03-26 07:51:06,24.35,86.86,1012.56,15.8,37.91,6.21
2026-03-26 08:01:06,24.38,86.78,1011.8,16.05,37.25,6.18
2026-03-26 08:11:06,24.19,86.54,1011.35,16.23,38.17,6.19
2026-03-26 08:21:06,24.92,86.81,1012.15,15.85,37.39,6.22
2026-03-26 08:31:06,24.06,86.87,1013.05,16.09,37.36,6.22
2026-03-26 08:41:06,25.02,86.8,1014.96,17.12,37.82,6.2
2026-03-26 08:51:06,24.68,85.59,1013.87,17.02,37.75,6.18
2026-03-26 09:01:06,26.12,85.45,1010.56,17.05,37.97,6.21
2026-03-26 09:11:06,25.93,86.72,1014.65,16.96,37.55,6.2
2026-03-26 09:21:06,25.97,86.62,1013.35,17.48,37.66,6.22
2026-03-26 09:31:06,25.85,86.8,1015.17,17.68,37.74,6.19
2026-03-26 09:41:06,25.69,85.24,1012.15,17.72,36.94,6.19
2026-03-26 09:51:06,26.1,85.01,1014.96,17.94,37.08,6.19
2026-03-26 10:01:06,26.26,85.56,1011.84,17.96,37.12,6.2
2026-03-26 10:11:06,26.49,85.45,1014.55,18.41,37.62,6.2
2026-03-26 10:21:06,26.48,85.66,1010.4,18.35,37.51,6.2
2026-03-26 10:31:06,26.84,85.82,1010.75,18.51,38.49,6.22
2026-03-26 10:41:06,27.17,86.1,1012.49,18.46,37.46,6.21
2026-03-26 10:51:06,26.74,84.86,1011.52,18.72,38.2,6.21
2026-03-26 11:01:06,27.14,85.14,1011.97,18.73,38.57,6.18
2026-03-26 11:11:06,27.09,84.08,1011.65,19.14,36.27,6.22
2026-03-26 11:21:06,27.46,84.85,1011.39,19.28,37.24,6.22
2026-03-26 11:31:06,27.45,84.72,1013.21,19.25,37.83,6.18
2026-03-26 11:41:06,27.71,84.53,1012.14,19.31,36.91,6.19
2026-03-26 11:51:06,27.83,84.0,1013.22,20.13,38.02,6.18
2026-03-26 12:01:06,28.0,84.25,1011.2,19.98,37.0,6.23
2026-03-26 12:11:06,26.66,84.28,1013.92,20.18,38.61,6.19
2026-03-26 12:21:06,27.98,84.09,1010.27,20.18,37.07,6.19
2026-03-26 12:31:06,27.72,84.0,1012.6,20.27,37.27,6.22
2026-03-26 12:41:06,27.75,84.39,1012.52,20.63,37.7,6.2
2026-03-26 12:51:06,27.83,84.69,1013.45,20.53,37.39,6.21
2026-03-26 13:01:06,28.0,84.0,1011.61,20.44,36.52,6.2
2026-03-26 13:11:06,27.55,84.0,1012.46,20.9,37.56,6.17
2026-03-26 13:21:06,28.0,84.0,1013.89,20.94,37.03,6.21
2026-03-26 13:31:06,27.79,84.14,1012.66,21.38,36.91,6.21
2026-03-26 13:41:06,27.87,84.07,1013.03,20.95,38.55,6.18
2026-03-26 13:51:06,28.0,84.23,1011.68,21.47,37.39,6.19
2026-03-26 14:01:06,27.85,84.44,1008.26,21.07,36.57,6.19
2026-03-26 14:11:06,28.0,84.22,1009.89,21.69,37.29,6.2
2026-03-26 14:21:06,28.0,84.47,1012.51,21.82,37.29,6.22
2026-03-26 14:31:06,28.0,84.0,1011.37,21.69,37.35,6.19
2026-03-26 14:41:06,27.93,84.0,1010.64,21.55,37.97,6.21
2026-03-26 14:51:06,28.0,84.07,1012.72,21.76,37.1,6.18
2026-03-26 15:01:06,28.0,84.0,1013.12,21.98,37.89,6.2
2026-03-26 15:11:06,27.51,85.1,1010.77,21.71,36.99,6.22
2026-03-26 15:21:06,28.0,84.0,1011.47,21.71,37.93,6.18
2026-03-26 15:31:06,27.58,84.59,1010.67,21.95,37.81,6.18
2026-03-26 15:41:06,28.0,84.0,1009.96,21.9,38.05,6.19
2026-03-26 15:51:06,27.7,84.56,1013.41,22.07,36.72,6.19
2026-03-26 16:01:06,27.73,84.34,1013.01,22.1,36.59,6.2
2026-03-26 16:11:06,27.21,84.97,1013.13,22.09,36.51,6.21
2026-03-26 16:21:06,27.35,84.69,1010.3,22.23,37.53,6.19
2026-03-26 16:31:06,27.9,85.21,1013.31,22.14,37.02,6.21
2026-03-26 16:41:06,27.02,84.5,1011.79,22.11,36.76,6.24
2026-03-26 16:51:06,27.26,84.85,1008.4,21.94,37.99,6.2
2026-03-26 17:01:06,27.05,85.82,1012.63,21.5,37.82,6.18
2026-03-26 17:11:06,26.78,84.85,1014.59,21.78,37.93,6.21
2026-03-26 17:21:06,26.88,85.64,1011.12,21.67,37.44,6.21
2026-03-26 17:31:06,26.74,85.53,1012.2,21.74,37.08,6.19
2026-03-26 17:41:06,26.49,85.28,1011.52,21.69,37.9,6.2
2026-03-26 17:51:06,25.72,86.17,1011.82,21.79,36.81,6.2
2026-03-26 18:01:06,26.84,85.47,1015.33,21.67,36.41,6.23
2026-03-26 18:11:06,26.46,85.87,1014.7,21.41,37.26,6.15
2026-03-26 18:21:06,26.46,85.77,1011.24,21.08,36.27,6.21
2026-03-26 18:31:06,25.66,84.92,1009.54,21.31,37.24,6.18
2026-03-26 18:41:06,25.84,85.16,1011.14,21.12,37.07,6.19
2026-03-26 18:51:06,26.0,86.47,1010.35,20.99,37.14,6.21
2026-03-26 19:01:06,25.36,85.68,1009.04,20.87,38.06,6.2
2026-03-26 19:11:06,25.56,87.13,1012.06,20.52,37.73,6.22
2026-03-26 19:21:06,25.31,86.94,1010.07,20.78,36.33,6.2
2026-03-26 19:31:06,25.17,86.78,1012.14,20.09,36.88,6.22
2026-03-26 19:41:06,25.09,86.66,1014.5,20.37,36.95,6.21
2026-03-26 19:51:06,25.09,87.06,1009.53,20.12,37.07,6.16
2026-03-26 20:01:06,24.3,86.7,1010.03,19.74,37.37,6.22
2026-03-26 20:11:06,24.49,87.35,1010.09,19.93,36.78,6.19
2026-03-26 20:21:06,24.0,87.62,1011.0,19.89,37.67,6.19
2026-03-26 20:31:06,23.65,86.87,1013.81,19.59,37.67,6.17
2026-03-26 20:41:06,23.56,88.38,1012.02,19.2,37.85,6.21
2026-03-26 20:51:06,23.16,87.42,1013.25,19.48,37.72,6.16
2026-03-26 21:01:06,23.58,88.07,1011.68,18.9,37.12,6.22
2026-03-26 21:11:06,23.17,88.22,1013.19,18.89,37.64,6.22
2026-03-26 21:21:06,23.25,87.36,1009.78,18.69,36.75,6.2
2026-03-26 21:31:06,23.12,88.34,1015.53,18.41,36.57,6.19
2026-03-26 21:41:06,22.64,88.42,1010.32,18.35,37.49,6.19
2026-03-26 21:51:06,23.3,88.62,1010.51,18.31,37.87,6.19
2026-03-26 22:01:06,22.88,88.81,1012.56,17.97,37.04,6.18
2026-03-26 22:11:06,22.5,88.51,1011.35,17.59,36.3,6.2
2026-03-26 22:21:06,22.18,89.38,1011.06,17.69,37.26,6.23
2026-03-26 22:31:06,22.16,89.97,1012.29,17.48,36.41,6.21
2026-03-26 22:41:06,22.63,89.38,1010.11,17.47,37.27,6.21
2026-03-26 22:51:06,21.88,88.89,1010.47,17.08,36.21,6.22
2026-03-26 23:01:06,22.22,89.02,1013.89,16.96,37.29,6.21
2026-03-26 23:11:06,22.16,88.84,1012.03,16.83,37.11,6.22
2026-03-26 23:21:06,21.79,89.33,1011.99,17.12,37.3,6.19
2026-03-26 23:31:06,21.76,89.28,1012.09,16.25,37.94,6.24
2026-03-26 23:41:06,21.69,89.36,1013.52,16.29,37.14,6.18
2026-03-26 23:51:06,21.35,89.66,1013.82,16.11,37.18,6.2
2026-03-27 00:01:06,21.55,89.04,1010.55,16.06,37.84,6.21
2026-03-27 00:11:06,21.86,90.0,1013.45,15.73,36.8,6.19
2026-03-27 00:21:06,21.0,89.78,1011.58,15.7,37.33,6.17
2026-03-27 00:31:06,21.0,89.82,1013.99,15.65,37.76,6.25
2026-03-27 00:41:06,21.63,89.89,1012.26,15.22,37.63,6.22
2026-03-27 00:51:06,21.67,89.6,1009.57,14.81,37.33,6.18
2026-03-27 01:01:06,21.02,90.0,1013.77,15.05,37.37,6.22
2026-03-27 01:11:06,21.0,90.0,1012.45,15.14,37.41,6.21
2026-03-27 01:21:06,21.0,89.75,1011.43,15.15,37.04,6.22
2026-03-27 01:31:06,21.2,89.98,1013.73,14.81,37.26,6.2
2026-03-27 01:41:06,21.35,90.0,1012.39,14.84,37.5,6.19
2026-03-27 01:51:06,21.0,89.55,1011.28,14.73,36.39,6.22
2026-03-27 02:01:06,21.32,90.0,1010.3,14.21,37.2,6.21
2026-03-27 02:11:06,21.0,90.0,1013.27,14.3,37.26,6.22
2026-03-27 02:21:06,21.0,90.0,1009.02,14.4,37.39,6.22
2026-03-27 02:31:06,21.0,89.51,1012.2,14.23,37.21,6.2
2026-03-27 02:41:06,21.14,89.88,1012.36,14.24,37.0,6.21
2026-03-27 02:51:06,21.3,89.99,1013.11,14.21,36.64,6.22
2026-03-27 03:01:06,21.09,90.0,1009.91,14.43,37.36,6.18
2026-03-27 03:11:06,21.0,89.06,1012.98,14.23,36.58,6.19
2026-03-27 03:21:06,21.52,89.04,1011.99,13.87,36.61,6.21
2026-03-27 03:31:06,21.0,89.23,1012.08,14.61,38.3,6.18
2026-03-27 03:41:06,21.0,89.57,1014.27,14.15,36.9,6.21
2026-03-27 03:51:06,21.34,89.54,1012.75,13.75,37.13,6.17
2026-03-27 04:01:06,21.68,88.81,1010.79,13.96,36.8,6.2
2026-03-27 04:11:06,21.57,90.0,1013.23,14.05,37.63,6.2
2026-03-27 04:21:06,21.0,88.99,1013.89,14.14,36.2,6.21
2026-03-27 04:31:06,21.73,89.71,1009.02,13.8,36.1,6.21
2026-03-27 04:41:06,21.97,89.74,1011.15,14.16,36.65,6.22
2026-03-27 04:51:06,22.13,88.35,1011.22,13.83,37.19,6.18
2026-03-27 05:01:06,22.41,89.22,1012.22,13.96,36.92,6.21
2026-03-27 05:11:06,22.49,89.68,1010.73,14.09,37.05,6.21
2026-03-27 05:21:06,21.8,88.3,1012.43,13.85,36.77,6.17
2026-03-27 05:31:06,22.51,89.28,1011.35,14.36,37.86,6.22
2026-03-27 05:41:06,22.33,88.65,1012.18,14.37,36.82,6.17
2026-03-27 05:51:06,22.83,88.98,1012.81,14.02,37.14,6.21
2026-03-27 06:01:06,22.89,88.06,1013.61,14.91,36.39,6.21
2026-03-27 06:11:06,23.15,88.7,1008.13,14.54,36.69,6.21
2026-03-27 06:21:06,22.43,87.86,1013.04,14.38,36.99,6.18
2026-03-27 06:31:06,23.55,88.85,1013.25,14.9,36.3,6.25
2026-03-27 06:41:06,23.47,88.85,1017.05,14.56,37.24,6.23
2026-03-27 06:51:06,23.2,88.56,1009.32,15.57,36.53,6.21
2026-03-27 07:01:06,23.54,86.77,1011.78,14.98,36.34,6.21
2026-03-27 07:11:06,23.73,86.99,1011.8,15.52,37.41,6.17
2026-03-27 07:21:06,24.34,87.15,1011.71,15.53,36.99,6.19
2026-03-27 07:31:06,23.13,88.08,1012.83,15.59,36.78,6.19
2026-03-27 07:41:06,24.0,86.82,1008.4,15.91,37.63,6.2
2026-03-27 07:51:06,24.62,86.44,1014.09,15.82,37.99,6.19
2026-03-27 08:01:06,24.1,87.34,1010.4,16.07,37.21,6.16
2026-03-27 08:11:06,24.16,86.83,1009.58,16.3,37.57,6.22
2026-03-27 08:21:06,24.87,86.73,1011.16,16.13,36.85,6.19
2026-03-27 08:31:06,24.86,86.48,1010.84,15.97,36.25,6.21
2026-03-27 08:41:06,24.97,86.34,1013.34,16.65,36.62,6.22
2026-03-27 08:51:06,24.95,86.48,1012.04,16.4,37.64,6.19
2026-03-27 09:01:06,25.91,86.58,1010.33,16.78,36.99,6.19
2026-03-27 09:11:06,25.13,86.55,1012.52,16.98,36.77,6.2
2026-03-27 09:21:06,26.0,86.26,1013.72,17.23,36.83,6.21
2026-03-27 09:31:06,25.93,85.44,1010.44,17.54,36.2,6.19
2026-03-27 09:41:06,26.05,85.34,1013.48,17.78,36.85,6.21
2026-03-27 09:51:06,25.9,85.41,1013.87,18.23,36.74,6.2
2026-03-27 10:01:06,26.22,85.4,1011.27,17.73,36.8,6.2
2026-03-27 10:11:06,26.88,84.62,1013.89,18.27,36.37,6.21
2026-03-27 10:21:06,26.53,85.59,1015.51,17.99,36.52,6.18
2026-03-27 10:31:06,25.89,85.99,1011.81,18.8,36.61,6.23
2026-03-27 10:41:06,27.13,85.86,1011.99,18.83,36.57,6.23
2026-03-27 10:51:06,26.47,85.07,1011.65,19.07,36.11,6.18
2026-03-27 11:01:06,26.79,84.81,1011.46,19.26,36.31,6.18
2026-03-27 11:11:06,26.79,84.75,1011.19,19.26,36.22,6.22
2026-03-27 11:21:06,27.92,85.51,1010.44,19.27,37.57,6.15
2026-03-27 11:31:06,27.25,84.17,1011.89,19.59,37.58,6.16
2026-03-27 11:41:06,27.31,84.41,1013.21,19.53,36.35,6.19
2026-03-27 11:51:06,27.16,84.0,1012.53,19.78,36.49,6.21
2026-03-27 12:01:06,27.89,84.36,1009.93,19.99,37.11,6.21
2026-03-27 12:11:06,27.32,84.16,1011.18,20.27,37.16,6.21
2026-03-27 12:21:06,27.72,84.93,1008.42,20.0,36.51,6.22
2026-03-27 12:31:06,27.48,84.43,1013.38,20.3,36.32,6.22
2026-03-27 12:41:06,27.8,84.17,1012.15,20.76,37.71,6.23
2026-03-27 12:51:06,27.73,84.0,1011.28,20.91,36.53,6.2
2026-03-27 13:01:06,27.73,84.0,1010.73,20.79,37.18,6.21
2026-03-27 13:11:06,28.0,84.62,1012.36,20.78,37.45,6.2
2026-03-27 13:21:06,28.0,84.4,1011.69,21.13,36.62,6.19
2026-03-27 13:31:06,28.0,84.38,1013.36,21.13,36.37,6.23
2026-03-27 13:41:06,28.0,84.0,1013.57,21.05,36.86,6.18
2026-03-27 13:51:06,28.0,84.0,1013.82,21.52,37.06,6.18
2026-03-27 14:01:06,27.65,84.31,1011.62,21.81,36.35,6.19
2026-03-27 14:11:06,27.87,84.79,1012.6,21.43,37.51,6.21
2026-03-27 14:21:06,27.61,84.51,1012.63,21.45,36.93,6.21
2026-03-27 14:31:06,28.0,84.49,1010.97,21.99,36.34,6.18
2026-03-27 14:41:06,27.81,84.0,1009.74,21.9,36.78,6.22
2026-03-27 14:51:06,28.0,84.0,1012.42,21.94,36.12,6.19
2026-03-27 15:01:06,27.81,84.9,1013.4,21.97,36.62,6.24
2026-03-27 15:11:06,27.44,84.0,1010.66,22.02,36.6,6.19
2026-03-27 15:21:06,28.0,84.0,1011.36,22.11,37.1,6.22
2026-03-27 15:31:06,28.0,84.0,1009.94,22.17,35.76,6.18
2026-03-27 15:41:06,27.83,84.52,1011.67,21.68,36.42,6.19
2026-03-27 15:51:06,27.35,84.0,1013.6,21.76,36.86,6.22
2026-03-27 16:01:06,27.66,84.0,1013.1,22.07,36.09,6.18
2026-03-27 16:11:06,27.4,84.0,1011.23,21.74,37.92,6.19
2026-03-27 16:21:06,27.43,84.47,1013.77,21.82,35.81,6.21
2026-03-27 16:31:06,26.99,84.37,1014.25,21.84,36.44,6.23
2026-03-27 16:41:06,27.12,85.12,1009.97,21.99,36.31,6.18
2026-03-27 16:51:06,26.81,84.8,1012.25,21.84,36.14,6.21
2026-03-27 17:01:06,26.82,84.72,1011.4,21.93,36.32,6.18
2026-03-27 17:11:06,27.14,84.41,1011.15,21.85,36.14,6.17
2026-03-27 17:21:06,26.96,84.22,1012.42,21.95,36.55,6.19
2026-03-27 17:31:06,26.55,85.21,1009.51,21.52,37.05,6.19
2026-03-27 17:41:06,25.99,84.21,1013.69,21.81,37.57,6.2
2026-03-27 17:51:06,26.54,84.96,1011.58,21.39,37.43,6.19
2026-03-27 18:01:06,26.15,84.99,1013.16,21.33,36.75,6.21
2026-03-27 18:11:06,25.68,86.22,1009.53,21.21,35.48,6.2
2026-03-27 18:21:06,25.92,85.08,1012.53,21.4,37.72,6.2
2026-03-27 18:31:06,25.65,86.07,1009.36,21.08,36.08,6.21
2026-03-27 18:41:06,26.25,85.69,1012.14,21.04,36.83,6.19
2026-03-27 18:51:06,26.22,85.82,1012.88,21.02,37.49,6.21
2026-03-27 19:01:06,25.14,86.29,1012.24,20.91,36.62,6.2
2026-03-27 19:11:06,25.57,87.01,1011.17,20.77,36.31,6.21
2026-03-27 19:21:06,25.11,86.5,1013.9,20.34,36.3,6.17
2026-03-27 19:31:06,24.82,85.98,1012.37,20.54,36.97,6.2
2026-03-27 19:41:06,24.93,86.73,1010.82,20.36,37.68,6.18
2026-03-27 19:51:06,25.08,86.71,1012.3,20.13,36.45,6.18
2026-03-27 20:01:06,24.54,87.71,1010.64,19.95,36.72,6.2
2026-03-27 20:11:06,24.2,87.75,1011.23,20.06,36.52,6.21
2026-03-27 20:21:06,23.8,87.37,1012.25,19.74,37.23,6.2
2026-03-27 20:31:06,23.98,86.56,1008.38,19.54,36.07,6.2
2026-03-27 20:41:06,24.04,87.55,1012.49,18.97,36.53,6.17
2026-03-27 20:51:06,24.04,88.46,1010.24,19.02,36.71,6.27
2026-03-27 21:01:06,23.86,87.81,1013.59,19.08,37.17,6.21
2026-03-27 21:11:06,23.03,87.97,1014.83,19.14,36.5,6.2
2026-03-27 21:21:06,23.44,87.8,1011.92,18.73,36.33,6.18
2026-03-27 21:31:06,23.48,87.52,1010.97,18.84,36.18,6.21
2026-03-27 21:41:06,23.33,88.26,1011.82,18.51,37.1,6.18
2026-03-27 21:51:06,23.18,88.67,1014.97,18.29,36.67,6.2
2026-03-27 22:01:06,23.09,88.32,1013.32,18.17,35.99,6.18
2026-03-27 22:11:06,22.76,88.38,1012.44,17.71,36.15,6.18
2026-03-27 22:21:06,22.47,89.31,1011.82,17.63,36.19,6.19
2026-03-27 22:31:06,22.37,88.31,1010.22,17.52,36.29,6.15
2026-03-27 22:41:06,22.08,90.0,1010.2,17.38,36.74,6.22
2026-03-27 22:51:06,22.24,88.9,1011.26,17.19,35.47,6.23
2026-03-27 23:01:06,21.96,89.36,1011.51,16.71,36.53,6.21
2026-03-27 23:11:06,22.21,89.92,1013.22,16.8,36.69,6.23
2026-03-27 23:21:06,21.89,88.87,1011.22,16.73,36.52,6.23
2026-03-27 23:31:06,22.27,88.33,1010.18,16.32,36.05,6.22
2026-03-27 23:41:06,21.46,89.54,1014.15,16.18,37.15,6.19
2026-03-27 23:51:06,22.03,88.72,1015.81,16.22,36.92,6.2
2026-03-28 00:01:06,21.61,88.71,1014.53,16.13,36.77,6.19
2026-03-28 00:11:06,21.15,89.65,1010.3,15.78,36.79,6.2
2026-03-28 00:21:06,21.28,89.52,1010.66,15.87,35.86,6.21
2026-03-28 00:31:06,21.51,89.35,1014.0,15.77,36.1,6.21
2026-03-28 00:41:06,21.0,89.29,1009.33,15.16,36.31,6.2
2026-03-28 00:51:06,21.13,89.96,1013.35,15.18,37.19,6.2
2026-03-28 01:01:06,21.05,90.0,1013.91,15.31,36.94,6.17
2026-03-28 01:11:06,21.0,90.0,1010.8,15.42,36.95,6.2
2026-03-28 01:21:06,21.0,89.49,1011.89,14.71,35.3,6.21
2026-03-28 01:31:06,21.0,90.0,1009.35,14.58,36.41,6.21
2026-03-28 01:41:06,21.0,89.22,1013.92,14.32,36.01,6.25
2026-03-28 01:51:06,21.0,90.0,1010.22,14.92,37.1,6.21
2026-03-28 02:01:06,21.0,90.0,1011.81,14.57,35.32,6.22
2026-03-28 02:11:06,21.05,90.0,1014.91,14.16,36.25,6.21
2026-03-28 02:21:06,21.0,90.0,1011.35,14.44,36.54,6.23
2026-03-28 02:31:06,21.61,90.0,1013.53,14.23,36.67,6.2
2026-03-28 02:41:06,21.16,89.08,1010.5,14.75,35.86,6.2
2026-03-28 02:51:06,21.67,90.0,1011.61,14.21,36.91,6.2
2026-03-28 03:01:06,21.0,89.76,1012.44,14.47,36.2,6.21
2026-03-28 03:11:06,21.0,89.93,1011.04,13.98,36.6,6.22
2026-03-28 03:21:06,21.32,89.92,1013.44,13.94,36.46,6.23
2026-03-28 03:31:06,21.11,89.62,1011.15,13.71,35.83,6.21
2026-03-28 03:41:06,21.32,89.4,1011.74,13.83,35.92,6.21
2026-03-28 03:51:06,21.23,89.69,1012.18,14.39,35.46,6.22
2026-03-28 04:01:06,21.11,90.0,1014.99,13.89,36.01,6.19
2026-03-28 04:11:06,21.5,89.01,1011.78,14.09,36.34,6.21
2026-03-28 04:21:06,21.91,89.37,1010.7,14.5,35.31,6.23
2026-03-28 04:31:06,21.16,89.43,1013.82,14.16,36.68,6.23
2026-03-28 04:41:06,21.94,89.61,1011.42,13.83,36.54,6.2
2026-03-28 04:51:06,21.97,88.04,1011.58,14.09,36.7,6.16
2026-03-28 05:01:06,21.77,89.46,1012.9,14.11,36.59,6.22
2026-03-28 05:11:06,22.09,88.58,1012.17,14.1,35.99,6.2
2026-03-28 05:21:06,22.31,89.3,1011.41,14.48,35.88,6.2
2026-03-28 05:31:06,22.57,88.57,1013.22,14.74,36.9,6.18
2026-03-28 05:41:06,22.08,88.82,1013.06,14.33,35.66,6.21
2026-03-28 05:51:06,22.8,88.7,1013.58,14.44,35.85,6.21
2026-03-28 06:01:06,22.79,89.36,1009.26,14.41,35.76,6.19
2026-03-28 06:11:06,22.41,87.66,1011.19,14.49,35.63,6.2
2026-03-28 06:21:06,22.65,87.87,1011.74,14.75,36.34,6.19
2026-03-28 06:31:06,23.07,87.71,1011.53,14.64,36.35,6.2
2026-03-28 06:41:06,23.39,88.07,1013.51,15.0,36.24,6.21
2026-03-28 06:51:06,23.01,88.26,1010.71,15.09,35.6,6.19
2026-03-28 07:01:06,23.45,88.0,1012.89,15.37,36.09,6.23
2026-03-28 07:11:06,23.4,87.98,1011.72,15.5,36.06,6.21
2026-03-28 07:21:06,24.33,87.66,1013.47,15.86,36.54,6.22
2026-03-28 07:31:06,23.97,87.81,1012.82,15.3,35.82,6.22
2026-03-28 07:41:06,24.83,86.98,1010.27,15.87,36.45,6.2
2026-03-28 07:51:06,23.93,86.77,1012.21,15.9,36.32,6.22
2026-03-28 08:01:06,24.13,87.63,1014.19,16.09,35.69,6.2
2026-03-28 08:11:06,24.89,87.48,1010.96,16.44,35.9,6.2
2026-03-28 08:21:06,25.14,85.91,1011.04,16.31,36.81,6.18
2026-03-28 08:31:06,25.25,87.36,1010.79,16.63,37.36,6.22
2026-03-28 08:41:06,25.88,86.16,1011.93,16.75,36.13,6.17
2026-03-28 08:51:06,25.0,86.07,1009.52,16.55,35.51,6.24
2026-03-28 09:01:06,25.24,86.65,1010.27,16.63,36.45,6.23
2026-03-28 09:11:06,25.32,85.52,1011.38,17.37,36.36,6.21
2026-03-28 09:21:06,25.91,86.37,1011.43,17.22,36.3,6.17
2026-03-28 09:31:06,26.27,86.6,1013.14,17.48,35.76,6.22
2026-03-28 09:41:06,26.58,86.94,1009.87,17.57,35.4,6.21
2026-03-28 09:51:06,25.94,85.58,1010.34,17.72,36.45,6.23
2026-03-28 10:01:06,26.13,86.29,1012.57,18.24,35.61,6.22
2026-03-28 10:11:06,26.33,84.95,1012.81,18.06,35.75,6.19
2026-03-28 10:21:06,26.44,85.62,1010.96,18.42,35.87,6.18
2026-03-28 10:31:06,27.4,85.5,1011.88,18.75,35.72,6.22
2026-03-28 10:41:06,26.51,84.22,1012.65,18.73,35.63,6.2
2026-03-28 10:51:06,27.08,84.83,1012.43,18.98,36.07,6.2
2026-03-28 11:01:06,27.01,84.49,1011.64,18.94,36.5,6.17
2026-03-28 11:11:06,27.05,85.49,1011.07,19.42,36.47,6.18
2026-03-28 11:21:06,27.2,84.87,1013.26,19.26,36.14,6.23
2026-03-28 11:31:06,27.11,84.0,1011.83,19.49,36.16,6.19
2026-03-28 11:41:06,27.56,84.3,1012.24,19.63,35.85,6.17
2026-03-28 11:51:06,27.34,84.0,1011.8,19.98,36.0,6.22
2026-03-28 12:01:06,27.72,84.84,1011.71,20.34,36.4,6.19
2026-03-28 12:11:06,27.77,84.33,1014.0,20.01,34.74,6.2
2026-03-28 12:21:06,27.67,84.81,1009.98,20.21,36.67,6.21
2026-03-28 12:31:06,27.26,84.27,1010.03,20.28,35.89,6.25
2026-03-28 12:41:06,27.74,84.0,1013.49,20.64,36.62,6.18
2026-03-28 12:51:06,27.74,84.13,1012.26,20.57,35.83,6.19
2026-03-28 13:01:06,28.0,84.04,1011.85,21.13,35.86,6.21
2026-03-28 13:11:06,28.0,84.0,1010.78,20.84,36.33,6.18
2026-03-28 13:21:06,27.86,84.96,1012.21,20.94,36.65,6.17
2026-03-28 13:31:06,27.87,84.0,1011.74,21.16,36.24,6.15
2026-03-28 13:41:06,28.0,84.0,1012.48,21.29,36.22,6.19
2026-03-28 13:51:06,27.88,84.55,1014.92,21.43,35.42,6.19
2026-03-28 14:01:06,27.99,84.11,1012.96,21.5,34.67,6.19
2026-03-28 14:11:06,27.71,84.0,1010.77,21.33,37.03,6.19
2026-03-28 14:21:06,28.0,84.0,1009.11,21.75,35.47,6.22
2026-03-28 14:31:06,27.5,84.0,1012.2,21.58,35.11,6.24
2026-03-28 14:41:06,28.0,84.0,1009.14,21.32,37.4,6.19
2026-03-28 14:51:06,27.56,84.26,1012.46,21.62,36.26,6.21
2026-03-28 15:01:06,27.02,84.0,1013.06,22.08,35.61,6.18
2026-03-28 15:11:06,27.28,84.42,1014.63,21.91,37.48,6.18
2026-03-28 15:21:06,27.93,84.95,1010.97,21.93,35.98,6.19
2026-03-28 15:31:06,28.0,84.74,1010.4,22.14,36.13,6.19
2026-03-28 15:41:06,27.25,84.0,1010.88,22.25,35.5,6.18
2026-03-28 15:51:06,27.27,84.1,1013.98,21.89,36.6,6.21
2026-03-28 16:01:06,27.29,84.42,1009.43,21.79,35.56,6.17
2026-03-28 16:11:06,27.73,84.0,1012.58,22.15,36.33,6.17
2026-03-28 16:21:06,27.1,84.58,1011.55,21.71,36.1,6.19
2026-03-28 16:31:06,27.07,84.33,1012.07,21.82,35.85,6.17
2026-03-28 16:41:06,27.06,84.04,1011.31,21.98,36.83,6.16
2026-03-28 16:51:06,27.3,85.39,1010.51,22.13,35.74,6.2
2026-03-28 17:01:06,27.31,85.33,1012.88,21.85,36.15,6.19
2026-03-28 17:11:06,26.94,84.93,1013.06,21.93,36.5,6.2
2026-03-28 17:21:06,27.02,85.23,1013.65,21.8,35.57,6.2
2026-03-28 17:31:06,26.49,85.29,1009.03,21.43,35.42,6.21
2026-03-28 17:41:06,26.22,85.77,1010.55,21.23,35.93,6.22
2026-03-28 17:51:06,26.34,85.31,1011.53,21.63,35.39,6.19
2026-03-28 18:01:06,26.71,86.11,1010.35,21.29,35.43,6.22
2026-03-28 18:11:06,26.39,86.32,1012.9,21.35,36.03,6.2
2026-03-28 18:21:06,26.18,86.17,1013.69,21.4,36.84,6.18
2026-03-28 18:31:06,26.45,86.24,1012.19,20.94,36.36,6.19
2026-03-28 18:41:06,26.13,85.89,1012.45,21.08,35.97,6.21
2026-03-28 18:51:06,25.93,85.76,1011.09,20.89,36.05,6.2
2026-03-28 19:01:06,25.12,85.56,1010.29,20.89,35.48,6.23
2026-03-28 19:11:06,25.55,86.1,1010.24,20.54,36.01,6.25
2026-03-28 19:21:06,24.67,86.21,1012.03,20.42,35.63,6.18
2026-03-28 19:31:06,25.13,87.0,1010.2,20.39,36.55,6.2
2026-03-28 19:41:06,24.96,87.02,1014.24,20.3,36.51,6.2
2026-03-28 19:51:06,24.53,87.15,1011.16,20.09,35.82,6.19
2026-03-28 20:01:06,24.91,86.71,1011.01,20.04,36.0,6.19
2026-03-28 20:11:06,23.97,86.41,1011.5,19.94,35.16,6.19
2026-03-28 20:21:06,24.12,86.86,1009.58,19.97,34.83,6.22
2026-03-28 20:31:06,24.32,87.94,1012.81,19.67,35.65,6.24
2026-03-28 20:41:06,24.26,87.57,1013.27,19.19,36.5,6.21
2026-03-28 20:51:06,23.33,87.54,1010.66,18.97,35.89,6.21
2026-03-28 21:01:06,23.61,88.2,1011.31,19.33,35.55,6.17
2026-03-28 21:11:06,23.49,88.29,1013.14,18.88,35.8,6.22
2026-03-28 21:21:06,23.64,88.28,1011.65,18.42,36.02,6.21
2026-03-28 21:31:06,23.33,87.39,1010.15,18.52,36.47,6.17
2026-03-28 21:41:06,23.07,88.89,1011.24,18.18,35.74,6.22
2026-03-28 21:51:06,22.83,88.0,1011.56,17.95,35.87,6.18
2026-03-28 22:01:06,22.59,88.12,1015.17,17.77,36.53,6.19
2026-03-28 22:11:06,22.59,89.79,1011.63,17.93,35.11,6.18
2026-03-28 22:21:06,22.29,88.69,1010.17,17.43,34.42,6.2
2026-03-28 22:31:06,22.37,88.36,1011.64,17.22,35.81,6.21
2026-03-28 22:41:06,22.21,88.97,1011.22,16.86,37.04,6.16
2026-03-28 22:51:06,21.58,89.21,1012.83,17.12,36.08,6.15
2026-03-28 23:01:06,22.0,89.11,1011.05,17.07,35.34,6.14
2026-03-28 23:11:06,21.97,90.0,1014.51,17.29,34.89,6.18
2026-03-28 23:21:06,21.95,88.78,1009.99,16.77,36.05,6.19
2026-03-28 23:31:06,21.65,89.24,1013.68,16.15,35.91,6.19
2026-03-28 23:41:06,21.55,89.31,1011.87,16.65,35.87,6.21
2026-03-28 23:51:06,21.22,89.61,1012.24,15.86,36.15,6.22
2026-03-29 00:01:06,21.46,90.0,1012.66,15.93,35.98,6.2
2026-03-29 00:11:06,21.28,89.84,1011.56,15.64,36.13,6.19
2026-03-29 00:21:06,21.24,89.19,1011.25,16.02,34.97,6.19
2026-03-29 00:31:06,21.0,89.31,1010.1,15.52,35.98,6.16
2026-03-29 00:41:06,21.29,89.3,1011.58,15.37,36.55,6.2
2026-03-29 00:51:06,21.23,89.37,1011.19,15.06,35.21,6.21
2026-03-29 01:01:06,21.0,90.0,1013.52,15.02,36.3,6.19
2026-03-29 01:11:06,21.0,90.0,1014.74,14.64,35.63,6.2
2026-03-29 01:21:06,21.3,89.32,1011.65,14.59,36.21,6.19
2026-03-29 01:31:06,21.06,89.79,1012.87,14.84,35.34,6.19
2026-03-29 01:41:06,21.0,90.0,1013.73,14.49,35.96,6.19
2026-03-29 01:51:06,21.9,89.43,1013.03,14.45,34.94,6.2
2026-03-29 02:01:06,21.52,89.96,1014.1,14.68,35.08,6.2
2026-03-29 02:11:06,21.0,90.0,1011.5,14.3,35.25,6.19
2026-03-29 02:21:06,21.6,89.7,1010.94,14.75,35.43,6.19
2026-03-29 02:31:06,21.0,89.89,1012.7,14.37,35.72,6.2
2026-03-29 02:41:06,21.12,89.45,1010.53,14.3,35.23,6.21
2026-03-29 02:51:06,21.09,89.68,1014.14,14.16,35.56,6.21
2026-03-29 03:01:06,21.03,89.85,1011.3,14.25,35.23,6.22
2026-03-29 03:11:06,21.3,89.66,1012.17,14.18,34.91,6.17
2026-03-29 03:21:06,21.46,90.0,1008.76,14.14,35.61,6.19
2026-03-29 03:31:06,21.0,89.44,1011.56,13.99,34.75,6.21
2026-03-29 03:41:06,21.26,89.02,1012.78,13.85,35.63,6.22
2026-03-29 03:51:06,21.71,89.76,1011.3,14.17,35.69,6.17
2026-03-29 04:01:06,21.76,90.0,1013.01,14.02,34.85,6.17
2026-03-29 04:11:06,21.39,89.18,1011.62,14.02,34.93,6.2
2026-03-29 04:21:06,22.17,89.93,1010.46,13.97,36.09,6.18
2026-03-29 04:31:06,21.47,88.78,1012.61,13.83,35.7,6.21
2026-03-29 04:41:06,22.08,88.53,1011.2,13.96,35.5,6.2
2026-03-29 04:51:06,21.63,89.72,1014.2,14.19,35.44,6.22
2026-03-29 05:01:06,22.17,88.97,1012.0,13.97,35.29,6.19
2026-03-29 05:11:06,22.25,89.0,1009.17,14.08,35.31,6.21
2026-03-29 05:21:06,21.89,88.58,1014.13,14.31,35.76,6.2
2026-03-29 05:31:06,22.25,88.84,1012.11,14.29,35.44,6.2
2026-03-29 05:41:06,22.63,88.24,1011.97,14.36,35.17,6.24
2026-03-29 05:51:06,21.89,89.01,1011.85,14.31,36.02,6.23
2026-03-29 06:01:06,22.75,88.11,1013.59,14.27,36.64,6.18
2026-03-29 06:11:06,23.03,88.2,1012.01,14.63,35.27,6.2
2026-03-29 06:21:06,22.98,87.68,1011.61,14.81,35.08,6.2
2026-03-29 06:31:06,22.73,88.38,1012.8,14.85,35.56,6.17
2026-03-29 06:41:06,22.55,88.24,1012.03,15.0,36.05,6.16
2026-03-29 06:51:06,23.4,87.14,1013.5,15.17,35.55,6.21
2026-03-29 07:01:06,23.79,88.05,1012.75,15.13,35.93,6.19
2026-03-29 07:11:06,23.74,87.94,1009.99,15.13,34.87,6.2
2026-03-29 07:21:06,24.25,88.18,1013.58,15.11,35.42,6.21
2026-03-29 07:31:06,24.25,87.76,1014.73,15.34,34.67,6.22
2026-03-29 07:41:06,24.24,88.3,1011.57,16.1,35.43,6.18
2026-03-29 07:51:06,24.32,87.2,1013.18,15.56,34.93,6.21
2026-03-29 08:01:06,24.67,87.33,1011.04,15.93,35.61,6.2
2026-03-29 08:11:06,24.03,87.3,1014.35,16.44,35.41,6.21
2026-03-29 08:21:06,24.98,86.65,1011.59,16.39,34.93,6.22
2026-03-29 08:31:06,24.52,86.21,1011.99,16.57,35.93,6.18
2026-03-29 08:41:06,24.76,86.89,1010.88,16.59,34.88,6.18
2026-03-29 08:51:06,25.42,86.34,1011.77,16.66,35.79,6.21
2026-03-29 09:01:06,25.34,86.23,1012.15,17.08,35.05,6.22
2026-03-29 09:11:06,25.77,86.36,1012.63,17.23,35.07,6.21
2026-03-29 09:21:06,25.34,85.74,1010.43,17.38,36.07,6.23
2026-03-29 09:31:06,25.66,84.75,1012.31,17.27,35.02,6.21
2026-03-29 09:41:06,26.58,85.51,1011.47,17.85,36.51,6.21
2026-03-29 09:51:06,26.32,85.63,1012.27,17.79,36.16,6.19
2026-03-29 10:01:06,26.27,85.61,1013.1,17.92,35.1,6.2
2026-03-29 10:11:06,26.23,85.77,1012.95,18.09,35.84,6.21
2026-03-29 10:21:06,26.28,85.55,1012.52,18.15,33.74,6.21
2026-03-29 10:31:06,26.7,84.8,1012.76,18.51,35.57,6.21
2026-03-29 10:41:06,26.51,84.02,1009.01,18.98,35.23,6.17
2026-03-29 10:51:06,27.31,85.34,1009.61,18.61,35.34,6.21
2026-03-29 11:01:06,26.91,84.74,1011.32,19.01,36.1,6.2
2026-03-29 11:11:06,27.23,85.14,1013.36,18.96,34.55,6.19
2026-03-29 11:21:06,26.96,85.34,1012.33,19.72,35.01,6.2
2026-03-29 11:31:06,27.05,85.32,1011.22,19.54,35.22,6.25
2026-03-29 11:41:06,28.0,84.24,1011.46,19.81,35.35,6.21
2026-03-29 11:51:06,27.58,84.8,1014.59,19.73,35.33,6.18
2026-03-29 12:01:06,27.33,84.14,1010.02,19.88,35.0,6.22
2026-03-29 12:11:06,27.62,84.84,1009.25,20.29,35.19,6.16
2026-03-29 12:21:06,27.6,84.06,1010.62,20.41,35.28,6.22
2026-03-29 12:31:06,27.98,84.53,1013.94,20.22,34.46,6.2
2026-03-29 12:41:06,27.67,84.86,1011.08,20.55,35.28,6.21
2026-03-29 12:51:06,27.83,84.14,1011.22,20.69,35.59,6.2
2026-03-29 13:01:06,27.8,84.31,1010.25,20.6,35.91,6.22
2026-03-29 13:11:06,28.0,84.0,1013.7,21.16,34.96,6.19
2026-03-29 13:21:06,28.0,84.0,1012.31,21.14,35.84,6.21
2026-03-29 13:31:06,28.0,84.47,1010.69,21.22,35.17,6.22
2026-03-29 13:41:06,28.0,84.0,1015.79,21.12,35.41,6.16
2026-03-29 13:51:06,28.0,84.0,1011.53,21.5,35.12,6.21
2026-03-29 14:01:06,28.0,84.0,1010.92,21.26,34.98,6.18
2026-03-29 14:11:06,27.76,84.0,1012.67,21.49,35.45,6.18
2026-03-29 14:21:06,28.0,84.09,1009.45,21.55,35.19,6.21
2026-03-29 14:31:06,28.0,84.89,1012.18,21.86,35.16,6.18
2026-03-29 14:41:06,27.87,84.34,1012.07,21.75,35.11,6.17
2026-03-29 14:51:06,27.87,84.0,1011.72,21.75,34.93,6.19
2026-03-29 15:01:06,27.99,84.0,1012.87,21.69,34.73,6.18
2026-03-29 15:11:06,27.78,84.09,1008.12,21.96,35.22,6.19
2026-03-29 15:21:06,27.76,84.18,1014.6,22.16,34.9,6.22
2026-03-29 15:31:06,27.55,84.37,1013.55,21.7,34.69,6.25
2026-03-29 15:41:06,27.39,84.0,1010.33,21.85,35.66,6.17
2026-03-29 15:51:06,27.75,84.43,1012.27,21.96,34.72,6.2
2026-03-29 16:01:06,27.53,84.57,1011.08,21.87,35.61,6.2
2026-03-29 16:11:06,27.79,84.52,1012.77,21.96,35.06,6.21
2026-03-29 16:21:06,27.42,84.54,1011.19,22.09,34.95,6.21
2026-03-29 16:31:06,27.26,85.03,1011.94,21.97,35.46,6.19
2026-03-29 16:41:06,27.44,84.52,1012.18,21.77,35.56,6.24
2026-03-29 16:51:06,26.93,84.63,1012.04,21.97,34.66,6.23
2026-03-29 17:01:06,27.01,85.02,1011.47,21.68,35.53,6.2
2026-03-29 17:11:06,27.17,85.33,1012.48,21.97,35.34,6.22
2026-03-29 17:21:06,26.55,84.01,1010.01,22.13,34.72,6.2
2026-03-29 17:31:06,26.94,85.08,1011.44,21.71,34.67,6.23
2026-03-29 17:41:06,26.39,85.01,1011.49,21.42,34.97,6.17
2026-03-29 17:51:06,26.28,85.26,1010.63,21.27,34.71,6.2
2026-03-29 18:01:06,26.69,85.56,1012.57,21.46,35.48,6.21
2026-03-29 18:11:06,25.98,85.06,1011.74,21.23,34.7,6.19
2026-03-29 18:21:06,25.97,85.32,1009.64,21.36,35.32,6.19
2026-03-29 18:31:06,25.31,85.62,1010.63,20.93,35.16,6.2
2026-03-29 18:41:06,26.22,86.26,1012.77,20.73,35.11,6.22
2026-03-29 18:51:06,25.37,85.35,1013.61,21.26,35.77,6.2
2026-03-29 19:01:06,25.64,86.64,1013.09,20.79,35.35,6.2
2026-03-29 19:11:06,25.04,86.24,1011.99,20.73,35.05,6.2
2026-03-29 19:21:06,25.01,86.46,1011.81,20.21,35.49,6.19
2026-03-29 19:31:06,24.59,86.13,1014.39,20.27,34.72,6.19
2026-03-29 19:41:06,24.65,87.02,1014.51,20.25,35.05,6.18
2026-03-29 19:51:06,24.47,87.33,1011.37,19.88,35.88,6.24
2026-03-29 20:01:06,24.57,87.15,1014.0,19.96,35.28,6.17
2026-03-29 20:11:06,24.5,87.51,1012.11,19.37,35.38,6.19
2026-03-29 20:21:06,24.27,86.84,1013.49,19.33,35.25,6.23
2026-03-29 20:31:06,24.06,87.28,1009.75,19.68,35.65,6.22
2026-03-29 20:41:06,24.4,87.44,1012.09,19.22,34.11,6.21
2026-03-29 20:51:06,23.51,87.63,1013.81,19.14,35.64,6.22
2026-03-29 21:01:06,23.84,87.69,1008.46,19.07,34.79,6.18
2026-03-29 21:11:06,23.55,88.3,1011.87,18.83,34.33,6.23
2026-03-29 21:21:06,23.14,88.39,1009.07,18.32,35.2,6.16
2026-03-29 21:31:06,23.21,88.47,1010.94,18.44,35.28,6.21
2026-03-29 21:41:06,22.93,88.12,1009.81,18.19,35.38,6.18
2026-03-29 21:51:06,22.61,88.79,1010.37,18.4,34.91,6.21
2026-03-29 22:01:06,22.24,88.57,1009.9,18.11,35.47,6.21
2026-03-29 22:11:06,23.14,88.26,1015.76,17.71,35.42,6.19
2026-03-29 22:21:06,22.89,88.99,1012.47,17.45,34.83,6.22
2026-03-29 22:31:06,22.21,88.59,1011.14,17.4,35.59,6.2
2026-03-29 22:41:06,22.03,89.28,1010.35,16.89,34.28,6.2
2026-03-29 22:51:06,22.04,89.17,1015.18,17.23,34.49,6.21
2026-03-29 23:01:06,21.85,88.93,1010.39,16.3,35.24,6.21
2026-03-29 23:11:06,22.41,88.34,1011.83,16.86,35.26,6.18
2026-03-29 23:21:06,21.32,88.92,1011.75,16.55,34.6,6.21
2026-03-29 23:31:06,22.34,88.76,1011.07,16.41,35.38,6.13
2026-03-29 23:41:06,21.51,89.6,1011.39,16.34,34.57,6.17
2026-03-29 23:51:06,21.96,89.12,1013.37,15.79,39.16,6.18
2026-03-30 00:01:06,21.65,89.28,1013.81,16.15,40.56,6.18
2026-03-30 00:11:06,21.26,89.53,1010.51,15.91,40.46,6.2
2026-03-30 00:21:06,21.82,90.0,1013.39,15.64,39.63,6.19
2026-03-30 00:31:06,21.04,90.0,1013.69,15.42,40.05,6.21
2026-03-30 00:41:06,21.0,90.0,1009.72,15.38,39.3,6.19
2026-03-30 00:51:06,21.18,90.0,1013.44,15.6,39.53,6.19
2026-03-30 01:01:06,21.0,90.0,1011.47,15.46,39.72,6.21
2026-03-30 01:11:06,21.18,90.0,1012.13,14.98,40.6,6.2
2026-03-30 01:21:06,21.0,90.0,1009.85,14.93,40.1,6.16
2026-03-30 01:31:06,21.13,90.0,1014.42,14.97,40.17,6.21
2026-03-30 01:41:06,21.0,89.57,1013.64,14.82,40.25,6.18
2026-03-30 01:51:06,21.01,90.0,1010.84,14.9,40.05,6.2
2026-03-30 02:01:06,21.0,89.2,1014.72,14.63,39.86,6.17
2026-03-30 02:11:06,21.26,90.0,1010.58,14.48,39.21,6.21
2026-03-30 02:21:06,21.18,89.65,1008.8,14.68,40.44,6.21
2026-03-30 02:31:06,21.13,90.0,1011.09,14.21,40.23,6.22
2026-03-30 02:41:06,21.13,90.0,1009.4,14.45,39.58,6.17
2026-03-30 02:51:06,21.12,90.0,1009.55,14.1,40.31,6.25
2026-03-30 03:01:06,21.11,90.0,1010.42,14.3,39.51,6.2
2026-03-30 03:11:06,21.0,90.0,1010.28,13.83,39.43,6.17
2026-03-30 03:21:06,21.62,89.54,1011.47,13.98,40.06,6.21
2026-03-30 03:31:06,21.33,89.75,1011.54,14.23,40.25,6.18
2026-03-30 03:41:06,21.5,89.98,1010.38,13.82,40.0,6.19
2026-03-30 03:51:06,21.39,90.0,1012.03,13.89,39.85,6.2
2026-03-30 04:01:06,21.74,89.55,1011.56,14.19,40.26,6.2
2026-03-30 04:11:06,21.74,89.36,1011.02,14.34,40.65,6.22
2026-03-30 04:21:06,21.85,89.15,1010.99,13.81,38.82,6.22
2026-03-30 04:31:06,21.54,89.57,1009.53,14.26,40.3,6.21
2026-03-30 04:41:06,21.65,88.59,1012.62,14.22,40.34,6.23
2026-03-30 04:51:06,21.96,88.73,1011.8,14.4,39.68,6.22
2026-03-30 05:01:06,22.26,89.1,1012.13,14.08,39.11,6.19
2026-03-30 05:11:06,22.55,88.75,1011.53,14.12,40.36,6.21
2026-03-30 05:21:06,22.55,88.81,1010.44,14.35,39.66,6.21
2026-03-30 05:31:06,22.84,89.18,1011.55,14.45,40.18,6.24
2026-03-30 05:41:06,22.44,87.92,1014.11,14.37,39.29,6.21
2026-03-30 05:51:06,22.66,88.44,1010.86,14.5,39.31,6.17
2026-03-30 06:01:06,22.19,88.34,1012.48,14.32,39.82,6.2
2026-03-30 06:11:06,23.03,88.9,1012.1,14.74,39.95,6.2
2026-03-30 06:21:06,22.87,87.98,1012.15,14.58,40.37,6.22
2026-03-30 06:31:06,23.34,88.56,1009.08,15.01,40.55,6.19
2026-03-30 06:41:06,23.05,88.66,1009.88,15.08,40.49,6.23
2026-03-30 06:51:06,23.71,87.96,1011.79,15.18,39.93,6.22
2026-03-30 07:01:06,23.17,87.88,1011.43,15.07,40.36,6.21
2026-03-30 07:11:06,24.46,88.46,1013.23,15.13,38.9,6.18
2026-03-30 07:21:06,24.09,87.89,1012.3,15.55,39.31,6.19
2026-03-30 07:31:06,23.98,87.15,1011.82,15.4,39.3,6.2
2026-03-30 07:41:06,23.8,87.97,1010.73,16.11,39.88,6.22
2026-03-30 07:51:06,24.51,86.56,1014.69,16.05,40.12,6.21
2026-03-30 08:01:06,24.56,86.62,1011.97,15.98,39.37,6.2
2026-03-30 08:11:06,24.42,87.36,1009.87,15.94,39.93,6.2
2026-03-30 08:21:06,25.38,86.44,1012.71,16.15,39.31,6.2
2026-03-30 08:31:06,24.77,86.14,1014.2,16.21,39.78,6.22
2026-03-30 08:41:06,25.21,86.25,1011.32,16.6,39.31,6.21
2026-03-30 08:51:06,25.4,86.04,1012.32,16.66,39.87,6.18
2026-03-30 09:01:06,25.95,86.59,1013.11,16.95,40.05,6.16
2026-03-30 09:11:06,25.6,86.63,1012.18,17.16,40.33,6.18
2026-03-30 09:21:06,25.56,85.6,1012.06,17.33,39.99,6.19
2026-03-30 09:31:06,26.2,86.1,1011.22,17.25,39.98,6.23
2026-03-30 09:41:06,25.71,85.11,1010.91,17.68,40.32,6.2
2026-03-30 09:51:06,26.46,85.31,1010.91,17.71,40.21,6.22
2026-03-30 10:01:06,25.87,85.23,1011.41,17.9,39.54,6.2
2026-03-30 10:11:06,26.12,85.13,1010.72,18.35,39.7,6.21
2026-03-30 10:21:06,26.12,86.03,1012.72,18.19,39.76,6.17
2026-03-30 10:31:06,26.38,84.99,1013.79,18.56,40.24,6.18
2026-03-30 10:41:06,27.13,85.03,1011.75,18.58,40.28,6.23
2026-03-30 10:51:06,26.28,84.63,1011.05,18.97,40.06,6.21
2026-03-30 11:01:06,27.4,85.01,1011.02,19.2,39.66,6.24
2026-03-30 11:11:06,27.28,84.58,1010.64,19.04,39.3,6.23
2026-03-30 11:21:06,27.14,85.13,1013.02,19.04,40.47,6.18
2026-03-30 11:31:06,27.81,84.8,1012.09,19.57,40.37,6.18
2026-03-30 11:41:06,27.19,84.4,1011.69,19.25,39.18,6.23
2026-03-30 11:51:06,28.0,84.0,1013.06,20.16,39.81,6.22
2026-03-30 12:01:06,27.26,84.47,1010.22,20.02,39.15,6.21
2026-03-30 12:11:06,28.0,84.0,1011.36,20.31,40.26,6.19
2026-03-30 12:21:06,27.74,84.62,1010.2,20.64,40.26,6.16
2026-03-30 12:31:06,28.0,84.0,1013.67,20.22,40.11,6.17
2026-03-30 12:41:06,27.94,84.09,1012.36,20.48,39.66,6.21
2026-03-30 12:51:06,27.44,84.0,1012.3,20.98,39.51,6.18
2026-03-30 13:01:06,28.0,84.28,1011.06,20.75,39.79,6.17
2026-03-30 13:11:06,28.0,84.0,1011.05,21.06,39.9,6.21
2026-03-30 13:21:06,28.0,84.19,1012.91,21.01,39.39,6.17
2026-03-30 13:31:06,28.0,84.49,1013.35,21.12,39.37,6.2
2026-03-30 13:41:06,28.0,84.0,1011.19,21.07,39.37,6.22
2026-03-30 13:51:06,28.0,84.0,1012.78,21.44,40.0,6.23
2026-03-30 14:01:06,27.49,84.0,1010.12,21.27,39.85,6.18
2026-03-30 14:11:06,27.82,84.84,1010.68,21.51,38.41,6.19
2026-03-30 14:21:06,27.75,84.0,1012.93,21.4,39.99,6.19
2026-03-30 14:31:06,28.0,84.0,1011.46,21.81,39.99,6.16
2026-03-30 14:41:06,27.15,84.64,1011.19,21.75,40.3,6.18
2026-03-30 14:51:06,28.0,84.0,1010.99,21.77,39.17,6.22
2026-03-30 15:01:06,28.0,84.0,1010.84,21.44,39.27,6.2
2026-03-30 15:11:06,27.96,84.45,1013.86,22.1,39.52,6.2
2026-03-30 15:21:06,28.0,84.52,1013.41,21.85,39.46,6.19
2026-03-30 15:31:06,27.86,84.29,1012.92,22.23,39.87,6.18
2026-03-30 15:41:06,27.7,84.53,1012.68,21.93,39.98,6.16
2026-03-30 15:51:06,28.0,84.0,1011.82,21.96,39.52,6.21
2026-03-30 16:01:06,27.79,84.39,1008.64,21.99,39.28,6.24
2026-03-30 16:11:06,27.43,84.31,1013.69,22.04,39.62,6.2
2026-03-30 16:21:06,27.59,84.67,1012.81,21.99,39.05,6.19
2026-03-30 16:31:06,27.05,84.0,1009.23,21.95,39.33,6.2
2026-03-30 16:41:06,27.43,85.7,1012.4,22.0,39.29,6.2
2026-03-30 16:51:06,27.09,84.48,1010.72,22.04,39.54,6.21
2026-03-30 17:01:06,27.31,84.94,1014.27,22.19,38.86,6.22
2026-03-30 17:11:06,27.63,85.05,1012.36,21.81,39.04,6.23
2026-03-30 17:21:06,26.73,86.15,1012.73,21.88,39.72,6.21
2026-03-30 17:31:06,26.16,85.1,1012.71,21.57,39.51,6.18
2026-03-30 17:41:06,26.43,86.06,1012.51,21.8,38.75,6.21
2026-03-30 17:51:06,26.41,84.39,1013.76,21.42,40.06,6.23
2026-03-30 18:01:06,26.45,85.74,1013.05,21.64,39.67,6.19
2026-03-30 18:11:06,26.61,84.72,1012.53,21.22,39.77,6.19
2026-03-30 18:21:06,26.61,85.55,1013.77,21.13,39.49,6.21
2026-03-30 18:31:06,25.62,85.41,1012.71,21.07,39.65,6.17
2026-03-30 18:41:06,25.56,85.11,1011.76,21.04,39.77,6.22
2026-03-30 18:51:06,25.39,85.68,1012.8,20.83,40.21,6.18
2026-03-30 19:01:06,25.39,86.93,1013.47,20.97,38.96,6.2
2026-03-30 19:11:06,25.21,86.64,1012.13,20.52,39.1,6.21
2026-03-30 19:21:06,25.33,85.65,1011.03,20.47,39.53,6.19
2026-03-30 19:31:06,25.28,86.43,1012.49,20.72,40.23,6.19
2026-03-30 19:41:06,24.83,87.23,1010.42,20.18,39.72,6.22
2026-03-30 19:51:06,24.88,86.62,1012.27,20.02,38.88,6.19
2026-03-30 20:01:06,24.17,87.56,1010.96,20.07,39.14,6.23
2026-03-30 20:11:06,24.2,87.31,1011.01,19.82,39.47,6.18
2026-03-30 20:21:06,24.47,86.95,1011.77,19.88,38.71,6.22
2026-03-30 20:31:06,24.21,87.62,1011.76,19.51,39.72,6.25
2026-03-30 20:41:06,23.63,87.38,1011.82,19.27,39.09,6.17
2026-03-30 20:51:06,23.62,87.7,1012.45,19.31,38.32,6.19
2026-03-30 21:01:06,23.15,87.74,1012.22,19.11,39.58,6.2
2026-03-30 21:11:06,23.77,87.65,1014.31,18.76,39.84,6.21
2026-03-30 21:21:06,23.21,87.23,1010.76,18.72,39.69,6.18
2026-03-30 21:31:06,23.09,88.43,1011.2,18.44,39.3,6.23
2026-03-30 21:41:06,23.32,88.58,1011.16,18.33,39.63,6.2
2026-03-30 21:51:06,22.85,90.0,1012.51,18.25,39.2,6.19
2026-03-30 22:01:06,23.21,88.35,1012.71,18.17,39.44,6.17
2026-03-30 22:11:06,22.66,89.13,1012.87,18.06,39.57,6.22
2026-03-30 22:21:06,22.27,88.54,1010.02,17.93,39.21,6.16
2026-03-30 22:31:06,21.61,89.36,1014.15,17.52,39.18,6.21
2026-03-30 22:41:06,22.2,88.88,1012.08,16.88,39.15,6.21
2026-03-30 22:51:06,22.21,90.0,1011.22,17.26,39.9,6.17
2026-03-30 23:01:06,21.87,89.0,1012.07,16.77,39.55,6.23
2026-03-30 23:11:06,21.64,89.58,1013.97,16.85,39.63,6.18
2026-03-30 23:21:06,21.84,89.67,1012.23,16.72,39.02,6.21
2026-03-30 23:31:06,22.09,89.5,1011.34,16.26,39.68,6.22
2026-03-30 23:41:06,21.69,89.65,1012.29,16.4,39.1,6.22
2026-03-30 23:51:06,21.6,89.0,1010.44,16.18,39.13,6.18
2026-03-31 00:01:06,21.6,89.45,1015.88,15.81,40.1,6.19
2026-03-31 00:11:06,21.35,89.81,1009.27,15.7,39.67,6.21
2026-03-31 00:21:06,21.0,89.89,1012.74,15.59,38.96,6.18
2026-03-31 00:31:06,21.5,89.57,1012.24,15.42,38.63,6.24
2026-03-31 00:41:06,21.14,89.86,1010.7,15.75,40.01,6.19
2026-03-31 00:51:06,21.22,89.75,1010.79,15.57,39.22,6.2
2026-03-31 01:01:06,21.0,89.53,1011.11,15.41,38.87,6.19
2026-03-31 01:11:06,21.36,90.0,1012.41,15.23,39.92,6.19
2026-03-31 01:21:06,21.21,89.16,1009.25,14.59,37.93,6.22
2026-03-31 01:31:06,21.08,90.0,1011.49,14.71,39.66,6.18
2026-03-31 01:41:06,21.0,89.37,1013.48,15.01,38.98,6.19
2026-03-31 01:51:06,21.58,90.0,1012.63,14.45,39.04,6.18
2026-03-31 02:01:06,21.0,89.93,1009.23,14.48,39.62,6.19
2026-03-31 02:11:06,21.2,89.53,1011.2,14.45,39.24,6.18
2026-03-31 02:21:06,21.0,89.7,1011.29,14.39,38.76,6.18
2026-03-31 02:31:06,21.18,90.0,1010.23,14.4,38.73,6.2
2026-03-31 02:41:06,21.23,89.73,1012.04,14.19,39.21,6.21
2026-03-31 02:51:06,21.0,88.96,1010.15,14.0,39.8,6.2
2026-03-31 03:01:06,21.11,89.64,1010.92,14.24,39.55,6.2
2026-03-31 03:11:06,21.35,90.0,1010.66,14.39,38.51,6.19
2026-03-31 03:21:06,21.07,89.59,1012.65,13.82,38.29,6.18
2026-03-31 03:31:06,21.49,89.94,1012.08,13.7,39.72,6.21
2026-03-31 03:41:06,21.22,89.73,1010.6,14.19,39.8,6.21
2026-03-31 03:51:06,21.14,89.9,1014.23,13.72,38.8,6.18
2026-03-31 04:01:06,21.21,89.75,1012.65,13.86,38.65,6.21
2026-03-31 04:11:06,21.53,90.0,1011.95,13.96,38.74,6.18
2026-03-31 04:21:06,21.35,89.68,1013.15,13.86,38.45,6.2
2026-03-31 04:31:06,21.48,90.0,1014.7,13.83,39.53,6.19
2026-03-31 04:41:06,21.0,88.7,1011.26,14.33,38.94,6.23
2026-03-31 04:51:06,22.2,88.99,1011.63,14.3,38.62,6.21
2026-03-31 05:01:06,22.37,88.54,1010.75,14.28,38.99,6.21
2026-03-31 05:11:06,22.26,89.3,1012.23,13.8,38.2,6.22
2026-03-31 05:21:06,22.02,88.29,1011.64,13.98,39.22,6.19
2026-03-31 05:31:06,21.88,89.39,1011.98,14.32,39.93,6.18
2026-03-31 05:41:06,22.65,88.36,1011.32,14.31,38.74,6.22
2026-03-31 05:51:06,22.54,88.27,1013.05,14.66,39.0,6.19
2026-03-31 06:01:06,23.01,89.1,1013.55,14.44,39.26,6.17
2026-03-31 06:11:06,22.49,87.64,1014.24,14.62,39.26,6.2
2026-03-31 06:21:06,23.0,88.73,1013.08,14.74,39.56,6.21
2026-03-31 06:31:06,23.23,88.02,1012.09,14.81,39.06,6.21
2026-03-31 06:41:06,23.33,87.55,1013.02,14.93,39.24,6.18
2026-03-31 06:51:06,23.02,89.02,1011.03,15.13,39.95,6.19
2026-03-31 07:01:06,23.92,86.94,1011.92,15.0,39.49,6.18
2026-03-31 07:11:06,23.77,87.26,1013.7,15.28,39.43,6.16
2026-03-31 07:21:06,24.06,88.0,1010.82,15.56,38.92,6.16
2026-03-31 07:31:06,24.34,88.01,1012.55,15.66,39.98,6.21
2026-03-31 07:41:06,23.7,87.56,1012.06,15.76,38.8,6.17
2026-03-31 07:51:06,23.89,85.9,1010.96,15.66,38.11,6.18
2026-03-31 08:01:06,24.44,87.0,1009.67,15.99,38.37,6.22
2026-03-31 08:11:06,24.72,86.68,1013.08,16.15,38.47,6.19
2026-03-31 08:21:06,24.77,86.54,1011.36,16.25,39.74,6.17
2026-03-31 08:31:06,25.13,85.54,1011.52,16.71,39.07,6.2
2026-03-31 08:41:06,24.46,86.51,1012.14,16.85,38.18,6.2
2026-03-31 08:51:06,25.03,86.0,1014.08,16.79,38.59,6.23
2026-03-31 09:01:06,26.07,86.85,1012.01,16.86,40.13,6.16
2026-03-31 09:11:06,25.44,86.75,1012.83,16.72,38.91,6.18
2026-03-31 09:21:06,25.27,85.28,1012.06,17.26,38.65,6.23
2026-03-31 09:31:06,25.98,85.65,1011.51,17.46,39.44,6.2
2026-03-31 09:41:06,25.88,85.84,1010.71,17.57,39.15,6.22
2026-03-31 09:51:06,25.95,85.22,1010.11,17.46,39.02,6.23
2026-03-31 10:01:06,26.07,85.46,1012.14,18.13,38.85,6.22
2026-03-31 10:11:06,26.75,85.45,1011.59,18.29,39.68,6.2
2026-03-31 10:21:06,26.63,85.19,1012.43,18.37,38.84,6.21
2026-03-31 10:31:06,27.13,84.78,1011.89,18.79,39.55,6.19
2026-03-31 10:41:06,26.24,85.9,1012.82,18.32,38.88,6.19
2026-03-31 10:51:06,26.62,86.31,1012.29,19.04,38.49,6.18
2026-03-31 11:01:06,26.37,85.32,1012.44,18.71,38.41,6.18
2026-03-31 11:11:06,26.84,84.56,1010.79,19.26,38.84,6.19
2026-03-31 11:21:06,27.29,84.7,1013.21,19.72,38.72,6.2
2026-03-31 11:31:06,26.93,84.85,1011.1,19.58,39.31,6.2
2026-03-31 11:41:06,27.24,84.04,1012.98,19.72,38.53,6.21
2026-03-31 11:51:06,27.57,84.17,1013.07,19.8,38.82,6.2
2026-03-31 12:01:06,27.74,84.61,1014.07,19.99,37.88,6.22
2026-03-31 12:11:06,27.43,84.87,1014.12,19.86,38.65,6.21
2026-03-31 12:21:06,27.79,84.0,1013.82,19.71,37.3,6.23
2026-03-31 12:31:06,27.55,84.3,1012.13,20.22,38.31,6.19
2026-03-31 12:41:06,27.78,84.0,1010.13,20.64,39.11,6.17
2026-03-31 12:51:06,27.68,84.79,1011.12,20.83,39.21,6.15
2026-03-31 13:01:06,27.34,84.71,1014.15,20.79,39.96,6.17
2026-03-31 13:11:06,27.49,84.58,1013.68,20.93,38.51,6.2
2026-03-31 13:21:06,28.0,84.0,1011.9,21.09,38.11,6.2
2026-03-31 13:31:06,27.9,84.69,1009.31,20.87,38.11,6.24
2026-03-31 13:41:06,27.89,84.98,1012.4,21.53,38.97,6.22
2026-03-31 13:51:06,28.0,84.0,1012.49,21.41,39.52,6.21
2026-03-31 14:01:06,27.86,84.0,1009.48,21.84,39.13,6.19
2026-03-31 14:11:06,27.79,84.0,1014.14,21.43,39.92,6.2
2026-03-31 14:21:06,28.0,84.59,1012.42,21.25,38.2,6.2
2026-03-31 14:31:06,28.0,84.12,1013.53,21.62,39.6,6.23
2026-03-31 14:41:06,27.41,84.36,1011.95,21.78,39.24,6.23
2026-03-31 14:51:06,28.0,84.19,1012.56,22.01,39.4,6.19
2026-03-31 15:01:06,28.0,84.0,1010.54,21.96,39.32,6.2
2026-03-31 15:11:06,27.43,84.38,1010.14,21.95,39.56,6.22
2026-03-31 15:21:06,27.57,84.13,1010.27,22.26,38.11,6.21
2026-03-31 15:31:06,27.34,84.31,1010.48,21.84,38.46,6.19
2026-03-31 15:41:06,27.42,85.08,1011.76,22.25,39.5,6.19
2026-03-31 15:51:06,28.0,84.7,1010.85,21.76,39.97,6.21
2026-03-31 16:01:06,27.71,84.34,1013.33,21.65,38.5,6.24
2026-03-31 16:11:06,27.11,84.61,1011.76,22.15,39.32,6.19
2026-03-31 16:21:06,27.59,85.03,1012.65,21.7,39.04,6.19
2026-03-31 16:31:06,27.65,84.91,1011.95,21.87,37.8,6.15
2026-03-31 16:41:06,27.31,84.08,1009.29,22.12,38.71,6.2
2026-03-31 16:51:06,27.26,85.02,1011.05,22.25,38.14,6.17
2026-03-31 17:01:06,27.03,85.03,1012.97,22.09,39.16,6.21
2026-03-31 17:11:06,26.59,85.29,1012.02,21.74,38.67,6.2
2026-03-31 17:21:06,26.91,84.93,1014.83,21.66,37.86,6.2
2026-03-31 17:31:06,27.31,85.5,1011.09,22.17,38.49,6.19
2026-03-31 17:41:06,26.75,85.41,1013.12,21.95,39.76,6.21
2026-03-31 17:51:06,26.55,84.83,1013.34,21.59,37.77,6.16
2026-03-31 18:01:06,25.99,85.72,1012.09,21.6,39.19,6.22
2026-03-31 18:11:06,25.87,85.42,1012.06,21.52,38.75,6.19
2026-03-31 18:21:06,26.02,86.17,1015.24,21.29,38.51,6.2
2026-03-31 18:31:06,25.33,86.21,1011.36,21.19,39.19,6.2
2026-03-31 18:41:06,25.42,85.97,1011.06,21.26,38.11,6.19
2026-03-31 18:51:06,25.85,86.11,1012.82,21.43,39.2,6.19
2026-03-31 19:01:06,25.16,86.14,1011.3,20.73,37.61,6.24
2026-03-31 19:11:06,24.81,85.86,1011.92,20.55,38.57,6.23
2026-03-31 19:21:06,25.21,86.9,1013.54,20.61,38.1,6.22
2026-03-31 19:31:06,24.98,85.91,1006.9,20.45,39.13,6.17
2026-03-31 19:41:06,25.18,87.22,1012.27,20.15,38.33,6.19
2026-03-31 19:51:06,24.4,87.0,1012.81,20.16,39.3,6.19
2026-03-31 20:01:06,24.11,86.49,1013.47,20.04,38.04,6.18
2026-03-31 20:11:06,24.46,86.59,1011.74,19.3,38.81,6.18
2026-03-31 20:21:06,24.27,87.94,1010.8,19.79,39.02,6.19
2026-03-31 20:31:06,24.19,86.91,1010.42,19.36,38.42,6.23
2026-03-31 20:41:06,24.18,86.89,1011.54,19.31,38.28,6.2
2026-03-31 20:51:06,23.49,87.79,1015.98,19.48,38.65,6.16
2026-03-31 21:01:06,23.64,88.23,1013.48,19.2,39.19,6.21
2026-03-31 21:11:06,24.03,87.61,1012.8,19.2,37.98,6.22
2026-03-31 21:21:06,23.39,88.15,1011.3,18.75,39.29,6.22
2026-03-31 21:31:06,22.63,87.65,1012.37,18.31,38.99,6.22
2026-03-31 21:41:06,23.15,88.16,1013.44,18.21,38.65,6.19
2026-03-31 21:51:06,21.8,88.38,1011.48,18.12,39.39,6.18
2026-03-31 22:01:06,22.13,88.67,1012.14,17.62,38.38,6.21
2026-03-31 22:11:06,22.89,87.69,1012.04,17.89,38.5,6.2
2026-03-31 22:21:06,22.74,88.66,1011.71,17.65,38.69,6.19
2026-03-31 22:31:06,22.6,88.85,1009.74,17.36,38.9,6.23
2026-03-31 22:41:06,21.72,89.09,1010.5,17.32,37.88,6.19
2026-03-31 22:51:06,22.53,88.48,1010.71,17.32,37.9,6.22
2026-03-31 23:01:06,21.96,89.11,1009.63,16.74,38.46,6.17
2026-03-31 23:11:06,22.61,89.03,1012.82,16.67,38.35,6.19
2026-03-31 23:21:06,21.48,88.69,1008.43,16.68,37.99,6.18
2026-03-31 23:31:06,21.49,89.67,1011.45,16.27,38.55,6.19
2026-03-31 23:41:06,21.38,89.97,1014.37,16.35,38.77,6.18
2026-03-31 23:51:06,21.56,89.55,1011.02,15.95,38.09,6.19
2026-04-01 00:01:06,21.96,89.77,1011.47,16.13,39.74,6.18
2026-04-01 00:11:06,21.27,89.55,1011.91,15.91,38.66,6.22
2026-04-01 00:21:06,21.65,89.95,1014.79,15.38,37.49,6.24
2026-04-01 00:31:06,21.56,90.0,1011.89,15.45,37.98,6.17
2026-04-01 00:41:06,21.36,90.0,1014.43,15.53,38.87,6.23
2026-04-01 00:51:06,21.27,90.0,1009.07,15.37,37.65,6.18
2026-04-01 01:01:06,21.0,89.6,1013.12,14.92,39.26,6.2
2026-04-01 01:11:06,21.26,89.89,1010.43,15.11,38.38,6.22
2026-04-01 01:21:06,21.11,89.77,1009.46,14.86,38.34,6.17
2026-04-01 01:31:06,21.0,90.0,1012.98,14.6,39.33,6.18
2026-04-01 01:41:06,21.48,90.0,1013.68,14.68,38.51,6.17
2026-04-01 01:51:06,21.0,90.0,1013.36,14.79,38.98,6.23
2026-04-01 02:01:06,21.18,89.92,1009.77,14.37,39.38,6.21
2026-04-01 02:11:06,21.29,89.58,1012.82,14.27,38.61,6.2
2026-04-01 02:21:06,21.0,89.75,1013.36,14.51,38.78,6.19
2026-04-01 02:31:06,21.0,90.0,1011.77,14.44,38.85,6.24
2026-04-01 02:41:06,21.0,90.0,1010.57,14.37,38.32,6.2
2026-04-01 02:51:06,21.03,89.42,1015.32,14.06,38.89,6.22
2026-04-01 03:01:06,21.1,89.62,1015.62,14.07,38.56,6.23
2026-04-01 03:11:06,21.0,90.0,1012.47,14.42,38.46,6.18
2026-04-01 03:21:06,21.7,89.08,1012.75,13.96,38.85,6.19
2026-04-01 03:31:06,21.3,90.0,1013.77,14.01,38.86,6.2
2026-04-01 03:41:06,21.69,90.0,1014.89,14.1,37.92,6.18
2026-04-01 03:51:06,21.31,89.81,1010.34,14.06,38.51,6.18
2026-04-01 04:01:06,21.54,89.49,1013.73,14.15,38.9,6.22
2026-04-01 04:11:06,21.45,88.66,1009.96,13.88,38.54,6.17
2026-04-01 04:21:06,21.84,89.44,1013.04,13.87,37.72,6.22
2026-04-01 04:31:06,22.2,89.45,1010.5,13.95,37.73,6.23
2026-04-01 04:41:06,21.89,88.48,1014.5,14.19,38.95,6.18
2026-04-01 04:51:06,21.73,89.55,1011.97,14.0,38.93,6.21
2026-04-01 05:01:06,22.19,89.03,1010.6,14.29,38.66,6.2
2026-04-01 05:11:06,22.66,89.32,1013.57,14.11,38.07,6.19
2026-04-01 05:21:06,22.81,88.68,1010.93,14.02,38.13,6.19
2026-04-01 05:31:06,21.94,88.18,1010.26,14.53,38.57,6.21
2026-04-01 05:41:06,22.92,88.38,1013.82,14.62,39.09,6.2
2026-04-01 05:51:06,22.38,88.06,1011.82,14.51,37.2,6.18
2026-04-01 06:01:06,22.7,88.86,1011.84,14.41,38.24,6.22
2026-04-01 06:11:06,22.71,87.63,1010.82,14.82,37.93,6.2
2026-04-01 06:21:06,22.64,87.92,1011.92,14.7,38.36,6.19
2026-04-01 06:31:06,22.55,87.86,1011.25,15.0,38.36,6.2
2026-04-01 06:41:06,23.74,88.34,1013.2,15.05,37.71,6.18
2026-04-01 06:51:06,23.89,88.26,1012.82,14.91,37.92,6.21
2026-04-01 07:01:06,24.22,87.07,1010.98,15.31,38.88,6.18
2026-04-01 07:11:06,23.92,87.14,1012.62,15.71,38.95,6.19
2026-04-01 07:21:06,23.97,87.63,1015.47,15.53,38.32,6.22
2026-04-01 07:31:06,23.67,87.62,1013.42,15.63,39.51,6.22
2026-04-01 07:41:06,24.26,87.5,1013.32,15.7,37.93,6.19
2026-04-01 07:51:06,24.42,86.8,1012.0,15.67,38.36,6.19
2026-04-01 08:01:06,23.97,87.46,1012.23,16.15,38.46,6.21
2026-04-01 08:11:06,24.48,86.97,1011.49,16.15,38.12,6.21
2026-04-01 08:21:06,24.52,87.26,1013.24,16.3,38.38,6.21
2026-04-01 08:31:06,25.36,85.72,1009.92,16.02,37.89,6.18
2026-04-01 08:41:06,25.39,86.32,1010.71,16.79,38.83,6.16
2026-04-01 08:51:06,24.5,86.05,1010.55,17.33,37.92,6.22
2026-04-01 09:01:06,25.44,86.24,1012.79,17.38,37.14,6.2
2026-04-01 09:11:06,25.56,85.61,1012.25,17.12,37.88,6.19
2026-04-01 09:21:06,25.89,85.63,1010.0,17.12,38.52,6.18
2026-04-01 09:31:06,25.33,85.92,1011.73,17.61,38.99,6.22
2026-04-01 09:41:06,25.63,86.85,1014.32,17.77,38.37,6.22
2026-04-01 09:51:06,25.94,86.24,1010.97,17.94,38.74,6.24
2026-04-01 10:01:06,26.4,85.49,1010.04,18.02,38.46,6.21
2026-04-01 10:11:06,25.83,85.33,1011.33,18.19,38.52,6.2
2026-04-01 10:21:06,26.0,85.83,1010.65,18.52,38.42,6.17
2026-04-01 10:31:06,27.11,84.0,1014.47,18.92,37.71,6.25
2026-04-01 10:41:06,26.41,85.22,1011.1,18.49,37.61,6.17
2026-04-01 10:51:06,26.46,84.53,1014.25,19.13,37.64,6.24
2026-04-01 11:01:06,26.97,84.84,1014.31,19.3,38.62,6.21
2026-04-01 11:11:06,26.84,84.44,1011.04,19.57,38.07,6.25
2026-04-01 11:21:06,27.62,84.47,1012.0,19.63,38.61,6.2
2026-04-01 11:31:06,27.5,85.16,1010.0,19.37,38.24,6.22
2026-04-01 11:41:06,27.42,84.03,1013.51,19.78,37.64,6.18
2026-04-01 11:51:06,27.44,84.56,1009.65,19.94,38.97,6.19
2026-04-01 12:01:06,27.42,84.26,1016.59,20.04,39.1,6.19
2026-04-01 12:11:06,27.95,84.45,1012.76,19.86,37.77,6.22
2026-04-01 12:21:06,27.99,84.59,1010.23,19.91,37.83,6.23
2026-04-01 12:31:06,27.63,84.0,1014.33,20.78,38.3,6.21
2026-04-01 12:41:06,28.0,84.08,1013.78,20.64,38.34,6.21
2026-04-01 12:51:06,27.96,84.0,1011.06,20.64,37.95,6.17
2026-04-01 13:01:06,28.0,84.4,1009.5,20.64,38.06,6.2
2026-04-01 13:11:06,27.69,84.05,1013.89,21.41,38.5,6.23
2026-04-01 13:21:06,28.0,84.78,1014.28,21.32,39.07,6.19
2026-04-01 13:31:06,27.48,85.66,1013.43,21.04,37.87,6.18
2026-04-01 13:41:06,28.0,84.11,1010.42,21.54,37.98,6.2
2026-04-01 13:51:06,28.0,84.0,1010.49,21.19,37.65,6.2
2026-04-01 14:01:06,27.71,84.9,1010.64,21.06,38.11,6.2
2026-04-01 14:11:06,28.0,84.52,1011.98,21.52,38.9,6.21
2026-04-01 14:21:06,27.63,84.31,1010.15,21.36,38.26,6.19
2026-04-01 14:31:06,27.52,84.0,1012.16,22.37,37.68,6.2
2026-04-01 14:41:06,27.31,84.25,1012.67,22.27,38.27,6.21
2026-04-01 14:51:06,27.87,84.47,1012.31,21.9,37.52,6.2
2026-04-01 15:01:06,28.0,84.0,1011.73,22.05,38.06,6.21
2026-04-01 15:11:06,27.44,84.15,1013.25,21.68,38.01,6.23
2026-04-01 15:21:06,27.67,84.0,1012.18,22.59,37.53,6.2
2026-04-01 15:31:06,27.36,84.0,1012.6,22.05,37.58,6.23
2026-04-01 15:41:06,27.34,84.55,1011.99,22.11,38.03,6.2
2026-04-01 15:51:06,27.28,84.62,1010.7,21.92,38.1,6.2
2026-04-01 16:01:06,27.72,85.16,1012.49,21.89,37.52,6.16
2026-04-01 16:11:06,27.18,84.79,1010.92,22.08,37.95,6.24
2026-04-01 16:21:06,27.73,84.76,1009.74,22.22,37.89,6.17
2026-04-01 16:31:06,27.03,85.34,1014.49,21.93,38.11,6.17
2026-04-01 16:41:06,26.74,85.36,1012.98,22.03,38.77,6.22
2026-04-01 16:51:06,27.51,84.7,1011.16,21.92,37.92,6.15
2026-04-01 17:01:06,26.83,84.92,1013.6,22.15,38.41,6.21
2026-04-01 17:11:06,26.73,84.98,1008.47,21.47,38.62,6.19
2026-04-01 17:21:06,26.28,84.93,1010.48,22.08,37.68,6.19
2026-04-01 17:31:06,26.8,85.51,1011.17,21.86,37.45,6.19
2026-04-01 17:41:06,26.68,85.37,1011.82,21.54,37.62,6.19
2026-04-01 17:51:06,26.68,85.74,1012.23,21.35,38.14,6.24
2026-04-01 18:01:06,26.26,85.45,1012.37,21.44,37.86,6.18
2026-04-01 18:11:06,25.79,86.24,1013.38,21.55,38.07,6.15
2026-04-01 18:21:06,26.09,85.71,1010.63,21.41,38.06,6.19
2026-04-01 18:31:06,25.77,86.69,1012.69,21.18,38.66,6.22
2026-04-01 18:41:06,25.83,86.15,1013.57,20.98,37.86,6.19
2026-04-01 18:51:06,25.65,87.02,1012.87,20.67,37.56,6.18
2026-04-01 19:01:06,25.97,85.99,1012.56,20.98,37.96,6.18
2026-04-01 19:11:06,25.11,85.29,1012.11,21.06,38.54,6.21
2026-04-01 19:21:06,24.7,86.54,1010.06,20.73,38.43,6.2
2026-04-01 19:31:06,25.43,86.57,1012.08,20.08,37.8,6.2
2026-04-01 19:41:06,24.77,87.01,1011.76,20.53,37.9,6.19
2026-04-01 19:51:06,24.8,86.78,1009.72,20.28,37.89,6.18
2026-04-01 20:01:06,24.31,86.24,1013.57,19.99,36.24,6.2
2026-04-01 20:11:06,24.49,86.58,1010.83,20.22,38.19,6.22
2026-04-01 20:21:06,23.85,87.19,1014.05,19.49,37.83,6.16
2026-04-01 20:31:06,23.96,87.41,1014.31,19.5,38.63,6.21
2026-04-01 20:41:06,24.14,87.12,1012.93,19.41,36.76,6.22
2026-04-01 20:51:06,24.2,87.58,1011.3,18.99,38.19,6.21
2026-04-01 21:01:06,23.89,86.88,1011.44,18.72,37.4,6.21
2026-04-01 21:11:06,23.85,87.29,1011.81,18.94,37.42,6.21
2026-04-01 21:21:06,23.17,88.33,1012.8,18.5,37.83,6.21
2026-04-01 21:31:06,23.08,88.07,1008.21,18.51,38.52,6.18
2026-04-01 21:41:06,23.2,88.1,1012.17,18.35,38.17,6.2
2026-04-01 21:51:06,23.04,88.02,1010.78,17.97,38.34,6.21
2026-04-01 22:01:06,22.57,87.98,1014.21,17.95,37.55,6.18
2026-04-01 22:11:06,22.62,88.33,1013.64,17.86,37.63,6.2
2026-04-01 22:21:06,22.45,88.38,1009.53,18.2,38.1,6.22
2026-04-01 22:31:06,22.7,88.03,1011.72,17.35,37.83,6.22
2026-04-01 22:41:06,22.16,87.37,1008.95,17.75,38.77,6.2
2026-04-01 22:51:06,22.01,90.0,1018.14,17.31,37.55,6.21
2026-04-01 23:01:06,21.96,88.39,1014.2,16.98,37.87,6.22
2026-04-01 23:11:06,22.57,89.02,1014.19,16.84,38.54,6.17
2026-04-01 23:21:06,22.0,89.08,1013.45,16.58,37.98,6.18
2026-04-01 23:31:06,22.32,88.79,1009.91,16.18,37.02,6.22
2026-04-01 23:41:06,21.82,90.0,1012.32,16.32,38.32,6.18
2026-04-01 23:51:06,21.34,90.0,1012.92,15.91,37.97,6.18
2026-04-02 00:01:06,21.03,89.72,1013.2,15.93,36.44,6.21
2026-04-02 00:11:06,21.4,89.89,1011.41,16.01,38.51,6.21
2026-04-02 00:21:06,21.44,89.72,1015.16,15.84,37.76,6.21
2026-04-02 00:31:06,21.0,90.0,1011.98,15.4,38.01,6.19
2026-04-02 00:41:06,21.08,90.0,1009.29,15.32,38.17,6.21
2026-04-02 00:51:06,21.44,89.88,1013.53,15.31,37.37,6.2
2026-04-02 01:01:06,21.0,88.23,1010.5,15.18,38.94,6.18
2026-04-02 01:11:06,21.33,89.46,1014.1,14.97,37.05,6.18
2026-04-02 01:21:06,21.0,90.0,1011.99,14.9,37.46,6.22
2026-04-02 01:31:06,21.5,89.61,1012.74,14.7,38.16,6.22
2026-04-02 01:41:06,21.16,89.93,1012.14,14.56,38.49,6.2
2026-04-02 01:51:06,21.0,89.42,1012.96,14.47,38.12,6.18
2026-04-02 02:01:06,21.0,89.91,1013.72,14.37,38.27,6.18
2026-04-02 02:11:06,21.06,89.76,1013.37,14.43,37.08,6.19
2026-04-02 02:21:06,21.0,88.67,1009.77,14.18,38.85,6.2
2026-04-02 02:31:06,21.0,90.0,1013.11,14.27,37.98,6.21
2026-04-02 02:41:06,21.23,90.0,1009.91,14.23,36.93,6.15
2026-04-02 02:51:06,21.12,89.49,1010.69,14.28,37.36,6.18
2026-04-02 03:01:06,21.37,89.17,1011.65,14.03,37.64,6.15
2026-04-02 03:11:06,21.89,90.0,1011.09,14.05,36.43,6.22
2026-04-02 03:21:06,21.0,89.06,1007.05,13.89,36.26,6.22
2026-04-02 03:31:06,21.13,89.88,1012.56,14.2,37.98,6.17
2026-04-02 03:41:06,21.26,90.0,1013.14,14.0,37.61,6.2
2026-04-02 03:51:06,21.56,89.45,1012.32,13.86,38.3,6.17
2026-04-02 04:01:06,21.17,88.92,1009.88,14.17,37.96,6.2
2026-04-02 04:11:06,21.75,89.34,1011.04,14.32,37.94,6.2
2026-04-02 04:21:06,21.26,89.77,1012.62,13.77,38.18,6.2
2026-04-02 04:31:06,22.12,89.35,1009.9,13.57,37.64,6.22
2026-04-02 04:41:06,21.59,89.91,1012.37,13.99,38.27,6.2
2026-04-02 04:51:06,21.63,89.37,1011.57,14.15,38.51,6.21
2026-04-02 05:01:06,21.78,89.03,1013.57,13.81,37.87,6.21
2026-04-02 05:11:06,22.01,89.84,1012.33,14.28,37.39,6.2
2026-04-02 05:21:06,21.8,88.93,1012.05,14.34,37.85,6.17
2026-04-02 05:31:06,22.28,89.18,1013.86,14.66,37.36,6.19
2026-04-02 05:41:06,22.61,89.35,1014.48,14.71,37.99,6.2
2026-04-02 05:51:06,22.61,88.93,1012.92,14.21,38.09,6.22
2026-04-02 06:01:06,22.54,87.49,1007.93,14.63,37.95,6.24
2026-04-02 06:11:06,22.69,87.68,1010.91,14.58,37.09,6.18
2026-04-02 06:21:06,22.88,88.32,1011.79,14.86,38.21,6.22
2026-04-02 06:31:06,23.05,88.31,1008.8,14.8,36.86,6.22
2026-04-02 06:41:06,23.3,88.4,1010.57,14.82,37.69,6.22
2026-04-02 06:51:06,23.51,88.41,1013.96,14.8,37.54,6.17
2026-04-02 07:01:06,23.82,87.29,1013.38,15.23,37.84,6.23
2026-04-02 07:11:06,23.55,88.1,1012.16,15.52,37.89,6.18
2026-04-02 07:21:06,23.93,86.99,1012.7,15.65,36.24,6.19
2026-04-02 07:31:06,24.08,87.69,1010.69,15.5,37.77,6.19
2026-04-02 07:41:06,24.77,87.62,1011.71,15.55,36.66,6.21
2026-04-02 07:51:06,24.43,87.88,1011.05,15.84,37.75,6.21
2026-04-02 08:01:06,24.48,86.36,1013.62,15.95,37.96,6.18
2026-04-02 08:11:06,24.83,86.41,1012.43,15.92,37.63,6.2
2026-04-02 08:21:06,24.31,86.24,1011.41,16.37,37.23,6.18
2026-04-02 08:31:06,24.93,86.24,1014.17,16.15,37.55,6.19
2026-04-02 08:41:06,25.07,86.16,1010.72,16.41,37.23,6.19
2026-04-02 08:51:06,25.71,86.11,1012.0,16.42,37.15,6.2
2026-04-02 09:01:06,25.16,85.75,1011.3,17.03,37.85,6.26
2026-04-02 09:11:06,25.76,85.82,1012.5,16.92,36.87,6.2
2026-04-02 09:21:06,26.0,86.5,1015.31,17.43,37.49,6.18
2026-04-02 09:31:06,26.11,86.46,1015.36,17.89,37.53,6.19
2026-04-02 09:41:06,25.57,85.12,1012.2,17.72,37.71,6.2
2026-04-02 09:51:06,25.77,85.57,1015.2,18.09,38.15,6.2
2026-04-02 10:01:06,25.81,85.98,1011.34,18.01,37.78,6.24
2026-04-02 10:11:06,26.68,85.43,1013.04,18.33,37.72,6.21
2026-04-02 10:21:06,26.11,85.31,1013.03,17.98,37.59,6.17
2026-04-02 10:31:06,26.44,85.41,1012.81,18.56,37.68,6.21
2026-04-02 10:41:06,26.6,85.02,1012.18,18.56,37.2,6.21
2026-04-02 10:51:06,26.99,85.35,1011.7,18.5,37.05,6.17
2026-04-02 11:01:06,26.75,85.87,1010.13,19.1,37.39,6.21
2026-04-02 11:11:06,26.98,84.72,1009.23,19.2,37.44,6.18
2026-04-02 11:21:06,27.24,84.36,1014.14,19.8,37.45,6.21
2026-04-02 11:31:06,27.34,84.19,1011.52,19.7,38.43,6.19
2026-04-02 11:41:06,27.04,84.31,1011.54,19.74,37.83,6.2
2026-04-02 11:51:06,27.68,84.0,1012.94,19.73,37.94,6.19
2026-04-02 12:01:06,27.71,84.03,1013.5,19.96,37.34,6.23
2026-04-02 12:11:06,27.38,85.12,1011.41,20.3,38.47,6.19
2026-04-02 12:21:06,27.7,84.68,1012.59,20.42,37.2,6.2
2026-04-02 12:31:06,28.0,85.63,1014.42,20.64,37.5,6.15
2026-04-02 12:41:06,28.0,84.0,1014.28,20.59,37.11,6.21
2026-04-02 12:51:06,27.6,84.0,1011.48,20.64,37.52,6.21
2026-04-02 13:01:06,28.0,84.0,1010.13,21.01,37.0,6.19
2026-04-02 13:11:06,28.0,84.0,1012.72,21.41,36.92,6.23
2026-04-02 13:21:06,28.0,84.0,1010.19,20.91,36.85,6.2
2026-04-02 13:31:06,28.0,84.0,1009.32,21.55,37.14,6.23
2026-04-02 13:41:06,27.86,84.24,1013.24,21.19,38.42,6.2
2026-04-02 13:51:06,28.0,84.0,1011.99,21.52,36.56,6.22
2026-04-02 14:01:06,28.0,84.0,1011.41,21.48,38.12,6.23
2026-04-02 14:11:06,27.82,84.73,1012.79,21.41,36.64,6.23
2026-04-02 14:21:06,27.97,84.0,1014.33,21.66,37.39,6.21
2026-04-02 14:31:06,27.68,84.0,1012.21,21.94,37.83,6.24
2026-04-02 14:41:06,28.0,84.0,1009.71,21.46,37.09,6.21
2026-04-02 14:51:06,28.0,84.0,1011.46,22.17,37.27,6.2
2026-04-02 15:01:06,28.0,84.0,1012.75,22.02,37.29,6.21
2026-04-02 15:11:06,28.0,84.63,1009.62,22.15,37.39,6.23
2026-04-02 15:21:06,28.0,84.56,1012.92,22.18,38.04,6.19
2026-04-02 15:31:06,27.92,84.0,1011.28,21.91,37.36,6.21
2026-04-02 15:41:06,27.11,84.52,1011.12,21.92,37.3,6.18
2026-04-02 15:51:06,26.85,84.0,1011.34,21.77,37.33,6.19
2026-04-02 16:01:06,26.93,84.46,1013.81,21.98,36.61,6.23
2026-04-02 16:11:06,27.18,84.43,1010.88,22.3,37.22,6.17
2026-04-02 16:21:06,27.15,85.14,1011.07,22.1,36.09,6.19
2026-04-02 16:31:06,27.0,84.0,1013.69,22.4,37.55,6.19
2026-04-02 16:41:06,27.31,84.01,1011.3,22.08,36.93,6.21
2026-04-02 16:51:06,27.29,84.5,1012.43,21.91,37.92,6.17
2026-04-02 17:01:06,26.86,84.87,1012.08,21.57,37.6,6.21
2026-04-02 17:11:06,26.49,84.7,1012.95,21.77,37.42,6.22
2026-04-02 17:21:06,26.67,85.47,1012.07,21.68,37.79,6.19
2026-04-02 17:31:06,26.43,84.22,1009.43,22.04,37.03,6.21
2026-04-02 17:41:06,26.61,85.53,1011.67,21.78,37.28,6.21
2026-04-02 17:51:06,25.84,85.19,1014.37,21.79,37.21,6.23
2026-04-02 18:01:06,26.41,85.48,1011.08,21.53,36.94,6.18
2026-04-02 18:11:06,25.83,85.34,1011.97,21.07,36.9,6.2
2026-04-02 18:21:06,26.42,85.64,1012.16,21.26,37.07,6.21
2026-04-02 18:31:06,26.01,86.41,1012.77,21.39,36.37,6.22
2026-04-02 18:41:06,25.45,86.49,1010.53,21.25,38.0,6.21
2026-04-02 18:51:06,25.27,85.3,1013.44,21.01,37.4,6.18
2026-04-02 19:01:06,25.06,86.5,1013.07,21.07,37.38,6.2
2026-04-02 19:11:06,25.41,87.18,1011.77,20.89,36.81,6.22
2026-04-02 19:21:06,25.87,86.75,1013.48,20.81,37.21,6.2
2026-04-02 19:31:06,25.08,86.51,1012.68,20.59,38.08,6.2
2026-04-02 19:41:06,24.43,87.42,1009.95,20.24,36.88,6.16
2026-04-02 19:51:06,24.26,86.46,1011.95,20.04,37.28,6.2
2026-04-02 20:01:06,24.26,87.17,1012.62,19.95,38.69,6.19
2026-04-02 20:11:06,24.13,88.02,1014.13,20.07,37.76,6.18
2026-04-02 20:21:06,24.49,87.33,1014.02,19.46,36.56,6.16
2026-04-02 20:31:06,24.09,87.7,1009.87,19.52,37.51,6.22
2026-04-02 20:41:06,23.9,86.34,1012.8,19.3,36.86,6.21
2026-04-02 20:51:06,23.55,87.6,1013.84,19.14,37.41,6.17
2026-04-02 21:01:06,24.3,88.17,1011.47,18.78,37.83,6.23
2026-04-02 21:11:06,22.93,87.83,1011.71,18.45,37.11,6.2
2026-04-02 21:21:06,23.34,88.7,1011.91,18.64,36.5,6.18
2026-04-02 21:31:06,23.65,87.08,1014.65,18.42,37.42,6.19
2026-04-02 21:41:06,23.4,87.76,1012.81,18.22,37.36,6.24
2026-04-02 21:51:06,23.03,87.97,1012.72,18.41,36.34,6.22
2026-04-02 22:01:06,22.63,88.51,1011.12,18.41,37.38,6.22
2026-04-02 22:11:06,23.21,88.39,1010.88,17.92,37.45,6.19
2026-04-02 22:21:06,22.48,89.02,1013.33,17.46,37.69,6.19
2026-04-02 22:31:06,22.78,88.81,1010.92,17.21,37.25,6.19
2026-04-02 22:41:06,22.45,88.36,1013.22,17.44,37.49,6.19
2026-04-02 22:51:06,22.45,88.59,1014.01,17.04,36.7,6.2
2026-04-02 23:01:06,22.01,88.73,1013.33,16.81,36.25,6.16
2026-04-02 23:11:06,21.49,88.21,1013.68,16.72,37.41,6.18
2026-04-02 23:21:06,21.97,89.65,1013.59,16.58,36.97,6.18
2026-04-02 23:31:06,21.59,89.53,1014.02,16.57,36.01,6.19
2026-04-02 23:41:06,21.93,89.41,1010.78,16.37,36.65,6.27
2026-04-02 23:51:06,21.59,89.64,1010.21,15.75,37.25,6.22
2026-04-03 00:01:06,21.75,89.48,1010.4,15.76,36.59,6.2
2026-04-03 00:11:06,21.84,90.0,1013.18,16.0,37.14,6.2
2026-04-03 00:21:06,21.61,90.0,1011.17,15.88,37.0,6.22
2026-04-03 00:31:06,21.2,89.11,1011.32,15.67,36.93,6.21
2026-04-03 00:41:06,21.94,89.2,1010.04,15.27,36.95,6.2
2026-04-03 00:51:06,21.39,89.15,1011.06,15.6,37.74,6.22
2026-04-03 01:01:06,21.59,90.0,1013.13,15.4,37.21,6.22
2026-04-03 01:11:06,21.0,89.2,1013.19,15.14,36.52,6.23
2026-04-03 01:21:06,21.35,90.0,1011.01,14.98,36.72,6.15
2026-04-03 01:31:06,21.0,90.0,1011.53,14.69,38.09,6.22
2026-04-03 01:41:06,21.0,90.0,1012.97,14.65,36.33,6.23
2026-04-03 01:51:06,21.74,90.0,1011.86,14.93,37.19,6.18
2026-04-03 02:01:06,21.0,90.0,1011.58,14.37,36.9,6.18
2026-04-03 02:11:06,21.0,89.8,1011.48,14.5,36.65,6.15
2026-04-03 02:21:06,21.0,89.39,1013.89,14.31,37.72,6.2
2026-04-03 02:31:06,21.0,90.0,1010.28,14.17,37.7,6.19
2026-04-03 02:41:06,21.0,89.26,1012.28,14.27,36.53,6.17
2026-04-03 02:51:06,21.0,89.78,1015.69,14.14,37.29,6.2
2026-04-03 03:01:06,21.68,89.37,1012.31,13.87,36.56,6.22
2026-04-03 03:11:06,21.0,89.78,1010.44,14.21,38.02,6.2
2026-04-03 03:21:06,21.46,89.51,1013.14,13.94,36.57,6.19
2026-04-03 03:31:06,21.35,89.23,1013.93,14.07,36.92,6.21
2026-04-03 03:41:06,21.64,89.0,1012.33,13.93,37.8,6.2
2026-04-03 03:51:06,21.16,89.53,1010.89,14.15,37.43,6.2
2026-04-03 04:01:06,21.5,89.03,1012.18,14.13,36.94,6.18
2026-04-03 04:11:06,21.37,89.73,1012.49,13.79,36.36,6.2
2026-04-03 04:21:06,22.03,89.28,1011.75,14.26,36.35,6.2
2026-04-03 04:31:06,21.99,89.43,1012.2,14.23,37.02,6.18
2026-04-03 04:41:06,21.66,89.11,1011.95,14.26,36.05,6.22
2026-04-03 04:51:06,21.45,90.0,1010.64,13.88,36.82,6.21
2026-04-03 05:01:06,22.05,89.44,1010.84,14.18,37.11,6.16
2026-04-03 05:11:06,21.99,89.49,1011.76,14.43,36.7,6.18
2026-04-03 05:21:06,21.92,88.65,1013.45,14.19,36.76,6.2
2026-04-03 05:31:06,22.66,88.41,1012.29,13.89,36.62,6.17
2026-04-03 05:41:06,22.75,88.48,1012.07,14.41,37.78,6.21
2026-04-03 05:51:06,22.6,88.9,1013.57,14.46,36.72,6.22
2026-04-03 06:01:06,23.04,88.14,1011.02,14.36,37.34,6.19
2026-04-03 06:11:06,22.86,88.42,1008.95,14.64,36.34,6.19
2026-04-03 06:21:06,23.23,88.98,1009.6,14.44,37.07,6.19
2026-04-03 06:31:06,23.13,87.7,1011.37,14.32,37.11,6.24
2026-04-03 06:41:06,23.64,87.87,1014.18,14.89,37.33,6.18
2026-04-03 06:51:06,23.35,87.9,1014.22,14.81,35.82,6.2
2026-04-03 07:01:06,23.8,88.32,1011.64,14.94,36.16,6.19
2026-04-03 07:11:06,23.45,87.98,1009.71,15.28,36.79,6.22
2026-04-03 07:21:06,23.85,88.38,1011.29,15.33,36.23,6.2
2026-04-03 07:31:06,24.46,87.4,1010.13,15.08,36.05,6.19
2026-04-03 07:41:06,24.11,87.35,1011.69,16.18,36.2,6.19
2026-04-03 07:51:06,24.51,88.05,1012.24,15.92,36.64,6.17
2026-04-03 08:01:06,24.55,87.23,1011.94,16.0,36.32,6.2
2026-04-03 08:11:06,24.19,86.73,1013.67,16.15,37.34,6.17
2026-04-03 08:21:06,24.76,86.71,1012.23,16.38,36.96,6.22
2026-04-03 08:31:06,24.83,87.18,1013.09,16.54,37.06,6.22
2026-04-03 08:41:06,24.98,86.26,1013.08,16.74,36.63,6.19
2026-04-03 08:51:06,25.75,86.79,1013.45,16.73,37.62,6.22
2026-04-03 09:01:06,25.57,86.26,1012.47,16.99,36.72,6.22
2026-04-03 09:11:06,25.9,87.73,1008.68,17.18,36.67,6.19
2026-04-03 09:21:06,25.21,85.67,1013.01,16.88,37.0,6.22
2026-04-03 09:31:06,26.15,85.29,1011.16,17.83,37.31,6.2
2026-04-03 09:41:06,25.95,85.44,1012.02,17.69,36.76,6.2
2026-04-03 09:51:06,26.2,84.0,1010.62,18.31,37.14,6.22
2026-04-03 10:01:06,25.79,86.1,1012.08,17.89,37.05,6.21
2026-04-03 10:11:06,26.34,85.3,1012.15,17.94,36.57,6.2
2026-04-03 10:21:06,26.37,85.03,1011.95,18.1,36.3,6.21
2026-04-03 10:31:06,26.95,85.53,1012.8,18.48,37.43,6.18
2026-04-03 10:41:06,27.12,84.63,1012.47,18.95,36.47,6.21
2026-04-03 10:51:06,26.99,84.87,1011.18,18.52,36.12,6.2
2026-04-03 11:01:06,26.7,85.66,1010.06,18.99,36.61,6.19
2026-04-03 11:11:06,26.97,85.05,1013.02,19.09,36.74,6.17
2026-04-03 11:21:06,27.32,84.0,1014.06,18.98,35.85,6.16
2026-04-03 11:31:06,27.05,84.31,1013.06,19.54,37.44,6.22
2026-04-03 11:41:06,27.35,85.04,1010.86,19.82,36.39,6.18
2026-04-03 11:51:06,27.71,85.09,1011.51,19.93,36.75,6.22
2026-04-03 12:01:06,27.34,84.68,1011.64,19.89,36.73,6.19
2026-04-03 12:11:06,27.49,84.37,1011.72,20.04,36.51,6.2
2026-04-03 12:21:06,27.09,85.06,1012.44,20.36,36.75,6.15
2026-04-03 12:31:06,28.0,84.83,1012.44,20.54,37.85,6.2
2026-04-03 12:41:06,28.0,84.0,1011.61,20.61,37.29,6.19
2026-04-03 12:51:06,27.58,84.85,1010.72,20.84,37.42,6.18
2026-04-03 13:01:06,28.0,84.0,1012.41,20.77,36.81,6.22
2026-04-03 13:11:06,27.54,84.0,1012.58,20.91,36.19,6.18
2026-04-03 13:21:06,27.87,84.51,1012.06,20.98,35.85,6.16
2026-04-03 13:31:06,27.74,84.0,1011.89,21.35,37.05,6.22
2026-04-03 13:41:06,28.0,84.2,1010.79,21.32,35.87,6.17
2026-04-03 13:51:06,28.0,84.75,1012.53,21.45,36.7,6.22
2026-04-03 14:01:06,28.0,84.24,1014.14,21.42,36.48,6.21
2026-04-03 14:11:06,27.81,84.05,1012.14,21.47,37.03,6.16
2026-04-03 14:21:06,28.0,84.14,1011.43,21.63,36.24,6.21
2026-04-03 14:31:06,28.0,84.2,1011.66,21.87,36.23,6.18
2026-04-03 14:41:06,28.0,84.6,1011.39,21.55,37.52,6.2
2026-04-03 14:51:06,28.0,84.1,1012.34,21.8,36.11,6.21
2026-04-03 15:01:06,28.0,84.0,1011.51,21.55,35.6,6.18
2026-04-03 15:11:06,27.87,84.1,1013.09,22.0,36.75,6.2
2026-04-03 15:21:06,28.0,84.0,1009.03,22.26,36.44,6.24
2026-04-03 15:31:06,27.57,85.42,1012.01,22.02,36.8,6.19
2026-04-03 15:41:06,27.58,84.2,1012.19,22.36,38.22,6.17
2026-04-03 15:51:06,28.0,84.67,1009.04,21.88,36.95,6.25
2026-04-03 16:01:06,27.25,84.19,1012.9,21.71,37.2,6.18
2026-04-03 16:11:06,27.74,84.46,1012.23,21.89,36.88,6.17
2026-04-03 16:21:06,27.62,85.69,1011.77,22.02,36.92,6.19
2026-04-03 16:31:06,26.86,84.91,1012.1,21.89,36.95,6.23
2026-04-03 16:41:06,27.14,84.88,1009.05,21.48,36.21,6.19
2026-04-03 16:51:06,27.36,85.28,1011.26,22.07,35.77,6.2
2026-04-03 17:01:06,26.84,84.16,1012.62,22.28,36.31,6.22
2026-04-03 17:11:06,26.75,85.06,1010.56,21.95,37.34,6.2
2026-04-03 17:21:06,26.64,85.61,1011.53,21.99,37.28,6.2
2026-04-03 17:31:06,26.84,84.59,1009.77,21.28,37.05,6.19
2026-04-03 17:41:06,26.85,85.85,1010.59,21.6,36.7,6.22
2026-04-03 17:51:06,26.36,85.63,1014.65,21.74,36.32,6.18
2026-04-03 18:01:06,26.31,84.79,1009.24,21.51,37.02,6.2
2026-04-03 18:11:06,25.38,84.55,1012.49,21.38,35.8,6.17
2026-04-03 18:21:06,25.95,85.76,1011.09,21.34,36.22,6.23
2026-04-03 18:31:06,25.69,85.8,1011.24,21.17,36.39,6.22
2026-04-03 18:41:06,25.56,86.07,1012.59,21.03,36.79,6.15
2026-04-03 18:51:06,25.35,86.11,1009.74,20.84,36.2,6.19
2026-04-03 19:01:06,25.48,86.81,1015.02,21.09,37.08,6.22
2026-04-03 19:11:06,24.95,86.78,1013.42,20.46,35.28,6.19
2026-04-03 19:21:06,24.8,86.73,1013.84,20.43,36.18,6.21
2026-04-03 19:31:06,24.66,86.36,1011.1,20.33,36.31,6.2
2026-04-03 19:41:06,24.63,86.23,1011.16,20.43,35.69,6.2
2026-04-03 19:51:06,25.0,87.02,1009.88,20.35,36.37,6.19
2026-04-03 20:01:06,23.69,86.88,1010.35,19.76,36.13,6.21
2026-04-03 20:11:06,24.42,86.96,1013.52,19.67,36.78,6.18
2026-04-03 20:21:06,23.97,86.72,1010.06,19.77,37.29,6.2
2026-04-03 20:31:06,23.8,87.51,1012.44,19.52,36.97,6.18
2026-04-03 20:41:06,24.09,87.19,1013.27,19.25,36.73,6.21
2026-04-03 20:51:06,22.94,87.63,1012.05,19.1,36.84,6.18
2026-04-03 21:01:06,23.61,87.75,1012.8,19.12,35.79,6.19
2026-04-03 21:11:06,23.12,87.67,1011.72,18.85,37.23,6.18
2026-04-03 21:21:06,24.15,88.39,1009.56,18.85,35.86,6.18
2026-04-03 21:31:06,22.66,87.62,1010.86,18.59,36.8,6.18
2026-04-03 21:41:06,23.05,88.15,1009.99,17.84,35.87,6.19
2026-04-03 21:51:06,22.69,88.95,1012.09,17.94,36.47,6.24
2026-04-03 22:01:06,22.72,88.95,1014.1,18.04,35.56,6.18
2026-04-03 22:11:06,22.64,89.51,1014.4,17.66,35.84,6.2
2026-04-03 22:21:06,22.94,88.27,1013.07,17.76,36.32,6.15
2026-04-03 22:31:06,22.23,88.25,1011.03,17.41,36.67,6.22
2026-04-03 22:41:06,22.6,87.96,1011.68,17.17,36.68,6.21
2026-04-03 22:51:06,22.51,89.02,1013.91,17.26,36.42,6.2
2026-04-03 23:01:06,22.09,89.63,1008.82,16.88,36.1,6.19
2026-04-03 23:11:06,22.34,88.78,1011.46,17.15,36.76,6.18
2026-04-03 23:21:06,21.75,89.1,1009.95,16.55,36.75,6.26
2026-04-03 23:31:06,21.68,89.53,1012.15,16.52,36.82,6.2
2026-04-03 23:41:06,21.36,90.0,1010.24,16.44,37.35,6.19
2026-04-03 23:51:06,21.87,89.9,1012.54,15.96,35.57,6.2
2026-04-04 00:01:06,21.36,89.36,1013.11,15.83,36.55,6.2
2026-04-04 00:11:06,21.45,90.0,1010.5,15.69,36.85,6.2
2026-04-04 00:21:06,21.51,90.0,1012.08,15.67,36.5,6.21
2026-04-04 00:31:06,21.35,89.38,1012.97,15.8,36.64,6.19
2026-04-04 00:41:06,21.0,89.8,1010.36,15.3,36.49,6.24
2026-04-04 00:51:06,21.44,89.71,1012.53,15.29,35.76,6.21
2026-04-04 01:01:06,21.0,89.86,1011.25,15.4,35.87,6.17
2026-04-04 01:11:06,21.0,90.0,1009.0,15.21,37.06,6.21
2026-04-04 01:21:06,21.0,90.0,1011.19,15.14,36.58,6.23
2026-04-04 01:31:06,21.0,89.43,1013.08,14.91,36.37,6.18
2026-04-04 01:41:06,21.42,89.74,1013.39,14.68,36.13,6.24
2026-04-04 01:51:06,21.7,90.0,1012.24,14.54,36.92,6.2
2026-04-04 02:01:06,21.0,90.0,1011.15,14.88,36.96,6.21
2026-04-04 02:11:06,21.0,90.0,1012.51,14.64,36.43,6.21
2026-04-04 02:21:06,21.28,90.0,1012.47,13.99,36.32,6.22
2026-04-04 02:31:06,21.0,89.81,1011.28,14.39,36.42,6.19
2026-04-04 02:41:06,21.0,90.0,1010.63,14.07,35.58,6.21
2026-04-04 02:51:06,21.42,89.37,1013.72,14.14,36.86,6.17
2026-04-04 03:01:06,21.0,89.61,1011.99,14.1,35.53,6.2
2026-04-04 03:11:06,21.52,89.9,1010.94,14.19,36.23,6.24
2026-04-04 03:21:06,21.8,90.0,1012.11,13.77,36.8,6.21
2026-04-04 03:31:06,21.72,89.54,1013.66,13.71,35.8,6.22
2026-04-04 03:41:06,21.07,90.0,1009.5,14.13,36.93,6.19
2026-04-04 03:51:06,21.5,89.71,1010.56,13.63,36.03,6.22
2026-04-04 04:01:06,21.18,89.67,1010.42,13.97,36.71,6.21
2026-04-04 04:11:06,21.41,88.99,1015.1,13.84,36.54,6.2
2026-04-04 04:21:06,22.2,89.05,1016.34,14.22,37.29,6.21
2026-04-04 04:31:06,21.89,89.69,1012.44,14.21,35.11,6.17
2026-04-04 04:41:06,21.74,89.11,1012.46,13.57,36.89,6.19
2026-04-04 04:51:06,21.75,88.87,1011.42,14.11,35.61,6.2
2026-04-04 05:01:06,22.03,89.46,1012.24,14.1,36.26,6.24
2026-04-04 05:11:06,22.14,88.86,1012.28,14.26,35.97,6.21
2026-04-04 05:21:06,21.98,88.81,1013.5,13.83,35.9,6.19
2026-04-04 05:31:06,22.31,89.34,1011.15,13.99,35.77,6.16
2026-04-04 05:41:06,22.21,88.8,1010.48,14.48,36.56,6.21
2026-04-04 05:51:06,22.51,88.46,1012.0,14.41,36.2,6.18
2026-04-04 06:01:06,23.34,88.1,1012.27,14.75,35.69,6.24
2026-04-04 06:11:06,22.91,88.04,1013.69,15.07,36.21,6.18
2026-04-04 06:21:06,23.06,88.68,1011.89,14.58,36.2,6.2
2026-04-04 06:31:06,23.4,88.6,1013.61,14.86,35.98,6.19
2026-04-04 06:41:06,23.38,88.12,1008.35,14.9,35.81,6.18
2026-04-04 06:51:06,22.78,88.2,1012.03,15.11,35.77,6.21
2026-04-04 07:01:06,23.65,87.9,1010.68,15.32,37.07,6.21
2026-04-04 07:11:06,23.88,87.49,1012.2,15.37,35.76,6.19
2026-04-04 07:21:06,23.72,86.98,1010.7,15.75,36.23,6.19
2026-04-04 07:31:06,23.41,86.9,1008.71,15.61,36.22,6.19
2026-04-04 07:41:06,24.05,87.03,1010.83,15.79,36.34,6.19
2026-04-04 07:51:06,24.57,86.43,1010.34,16.14,35.97,6.22
2026-04-04 08:01:06,24.15,86.56,1011.48,16.11,35.92,6.2
2026-04-04 08:11:06,24.35,87.52,1010.44,16.24,36.71,6.18
2026-04-04 08:21:06,24.48,86.08,1012.11,16.59,35.74,6.16
2026-04-04 08:31:06,25.26,86.99,1014.43,16.77,35.54,6.2
2026-04-04 08:41:06,25.46,87.0,1012.33,16.36,36.33,6.17
2026-04-04 08:51:06,24.97,85.66,1011.52,16.68,35.8,6.23
2026-04-04 09:01:06,25.04,86.47,1012.14,16.89,35.11,6.19
2026-04-04 09:11:06,24.97,85.83,1010.65,17.1,36.85,6.2
2026-04-04 09:21:06,25.56,85.9,1014.24,17.23,36.31,6.16
2026-04-04 09:31:06,25.94,85.89,1010.39,17.65,36.05,6.2
2026-04-04 09:41:06,26.21,85.7,1009.11,17.7,36.44,6.18
2026-04-04 09:51:06,25.88,85.88,1012.13,18.3,35.44,6.19
2026-04-04 10:01:06,26.36,85.16,1011.17,17.78,36.63,6.19
2026-04-04 10:11:06,26.08,84.94,1012.11,18.32,35.67,6.21
2026-04-04 10:21:06,26.91,85.61,1014.88,18.05,36.67,6.21
2026-04-04 10:31:06,26.37,85.25,1013.0,18.02,36.35,6.17
2026-04-04 10:41:06,26.81,84.86,1011.15,18.63,36.02,6.22
2026-04-04 10:51:06,27.17,84.85,1012.54,19.03,36.28,6.24
2026-04-04 11:01:06,26.91,85.03,1010.09,19.12,36.55,6.21
2026-04-04 11:11:06,26.86,84.66,1012.09,19.3,36.02,6.16
2026-04-04 11:21:06,26.88,84.19,1010.13,19.42,36.42,6.19
2026-04-04 11:31:06,27.08,84.06,1013.9,19.7,36.96,6.2
2026-04-04 11:41:06,28.0,84.0,1015.14,19.68,35.74,6.19
2026-04-04 11:51:06,27.78,84.68,1012.03,20.16,35.9,6.22
2026-04-04 12:01:06,27.35,84.42,1009.96,19.98,35.4,6.18
2026-04-04 12:11:06,27.68,84.0,1010.61,20.14,36.23,6.19
2026-04-04 12:21:06,27.45,84.44,1012.92,20.44,35.63,6.23
2026-04-04 12:31:06,27.93,84.03,1013.68,20.7,35.96,6.17
2026-04-04 12:41:06,27.54,84.0,1010.81,20.71,35.61,6.2
2026-04-04 12:51:06,28.0,84.0,1010.62,20.87,35.51,6.2
2026-04-04 13:01:06,28.0,84.0,1012.93,20.6,36.08,6.22
2026-04-04 13:11:06,27.82,84.04,1011.88,20.73,36.29,6.21
2026-04-04 13:21:06,27.92,84.0,1009.16,21.06,36.02,6.21
2026-04-04 13:31:06,28.0,84.0,1012.89,21.5,35.36,6.21
2026-04-04 13:41:06,28.0,84.0,1012.54,21.16,36.62,6.22
2026-04-04 13:51:06,28.0,84.0,1010.9,21.35,35.72,6.18
2026-04-04 14:01:06,28.0,85.12,1013.11,21.49,36.31,6.19
2026-04-04 14:11:06,28.0,85.76,1012.69,21.46,36.13,6.2
2026-04-04 14:21:06,28.0,84.61,1014.02,21.73,36.06,6.18
2026-04-04 14:31:06,27.73,84.31,1011.71,21.45,35.8,6.19
2026-04-04 14:41:06,28.0,84.92,1011.58,21.57,35.74,6.17
2026-04-04 14:51:06,27.71,85.27,1014.35,21.77,35.54,6.19
2026-04-04 15:01:06,27.43,84.0,1010.79,22.08,36.47,6.21
2026-04-04 15:11:06,27.84,84.0,1011.65,22.01,35.85,6.21
2026-04-04 15:21:06,27.91,84.91,1010.45,21.9,35.41,6.2
2026-04-04 15:31:06,27.36,84.46,1008.32,22.14,36.07,6.17
2026-04-04 15:41:06,28.0,84.6,1012.46,21.91,36.16,6.17
2026-04-04 15:51:06,27.88,84.34,1012.37,21.86,36.0,6.2
2026-04-04 16:01:06,27.75,84.13,1013.01,21.87,35.85,6.21
2026-04-04 16:11:06,27.16,84.78,1013.12,22.11,35.16,6.24
2026-04-04 16:21:06,27.24,84.74,1011.81,21.98,36.11,6.21
2026-04-04 16:31:06,27.12,84.14,1012.86,21.77,35.4,6.17
2026-04-04 16:41:06,27.2,84.76,1010.61,22.14,36.32,6.22
2026-04-04 16:51:06,27.3,85.18,1009.75,21.7,34.92,6.16
2026-04-04 17:01:06,26.38,84.94,1013.24,21.92,35.19,6.18
2026-04-04 17:11:06,27.26,85.17,1013.03,22.13,35.2,6.2
2026-04-04 17:21:06,26.81,84.67,1012.74,21.94,35.72,6.24
2026-04-04 17:31:06,26.93,85.74,1013.36,21.8,36.99,6.2
2026-04-04 17:41:06,25.75,85.37,1012.92,21.35,36.3,6.22
2026-04-04 17:51:06,26.26,85.21,1010.41,21.21,35.49,6.21
2026-04-04 18:01:06,26.27,84.83,1013.33,21.53,35.16,6.2
2026-04-04 18:11:06,25.95,85.27,1011.34,21.5,36.1,6.21
2026-04-04 18:21:06,25.79,86.62,1012.44,20.91,35.48,6.18
2026-04-04 18:31:06,25.96,85.83,1013.85,21.03,35.64,6.17
2026-04-04 18:41:06,25.44,86.1,1012.92,21.09,36.81,6.21
2026-04-04 18:51:06,25.17,86.53,1014.16,20.95,37.06,6.21
2026-04-04 19:01:06,25.05,86.6,1013.06,20.81,35.83,6.19
2026-04-04 19:11:06,25.21,85.55,1013.33,20.71,36.07,6.22
2026-04-04 19:21:06,25.02,86.42,1010.92,20.52,36.52,6.2
2026-04-04 19:31:06,24.79,86.13,1014.57,20.45,36.14,6.22
2026-04-04 19:41:06,25.3,86.57,1009.89,20.23,35.96,6.17
2026-04-04 19:51:06,25.03,87.66,1012.15,19.93,35.59,6.22
2026-04-04 20:01:06,24.61,87.33,1013.64,20.13,35.39,6.21
2026-04-04 20:11:06,24.71,87.09,1011.06,19.53,35.98,6.19
2026-04-04 20:21:06,24.27,87.22,1010.1,19.85,35.51,6.24
2026-04-04 20:31:06,23.8,87.34,1011.12,19.49,34.82,6.23
2026-04-04 20:41:06,24.0,87.4,1009.74,19.09,36.38,6.22
2026-04-04 20:51:06,23.74,87.16,1010.52,19.33,35.29,6.17
2026-04-04 21:01:06,23.75,87.87,1010.93,19.03,35.48,6.19
2026-04-04 21:11:06,23.97,87.94,1011.83,18.78,35.82,6.2
2026-04-04 21:21:06,22.75,88.07,1011.76,18.88,35.91,6.21
2026-04-04 21:31:06,22.89,87.79,1012.81,18.24,36.47,6.22
2026-04-04 21:41:06,22.87,88.07,1013.87,18.19,36.07,6.2
2026-04-04 21:51:06,23.04,89.04,1010.93,18.11,35.71,6.21
2026-04-04 22:01:06,23.14,88.57,1011.03,18.03,35.76,6.24
2026-04-04 22:11:06,22.81,88.2,1014.4,17.59,35.76,6.18
2026-04-04 22:21:06,22.48,88.82,1012.61,17.46,35.68,6.15
2026-04-04 22:31:06,22.19,88.28,1011.41,17.47,35.8,6.21
2026-04-04 22:41:06,22.18,88.58,1014.21,16.92,36.65,6.2
2026-04-04 22:51:06,22.21,89.1,1009.28,16.93,35.36,6.21
2026-04-04 23:01:06,21.68,89.72,1012.76,16.98,35.23,6.2
2026-04-04 23:11:06,21.35,89.5,1012.98,16.62,36.39,6.18
2026-04-04 23:21:06,21.81,89.5,1014.32,16.72,35.14,6.2
2026-04-04 23:31:06,21.87,90.0,1012.06,16.32,36.08,6.2
2026-04-04 23:41:06,21.52,89.97,1009.96,16.42,35.22,6.2
2026-04-04 23:51:06,21.93,89.64,1012.13,16.17,35.82,6.17
2026-04-05 00:01:06,21.7,89.57,1011.76,15.78,36.08,6.17
2026-04-05 00:11:06,21.29,89.5,1010.73,15.86,35.62,6.22
2026-04-05 00:21:06,21.14,88.97,1012.57,15.87,35.51,6.23
2026-04-05 00:31:06,21.36,89.7,1011.11,15.18,35.24,6.24
2026-04-05 00:41:06,21.0,89.89,1011.22,14.9,35.22,6.21
2026-04-05 00:51:06,21.0,89.0,1013.54,15.32,36.53,6.17
2026-04-05 01:01:06,21.05,89.91,1013.14,15.17,36.0,6.18
2026-04-05 01:11:06,21.32,89.76,1012.44,15.51,36.4,6.14
2026-04-05 01:21:06,21.13,90.0,1011.66,15.07,35.34,6.26
2026-04-05 01:31:06,21.67,89.66,1011.81,14.95,35.59,6.24
2026-04-05 01:41:06,21.0,89.99,1010.3,14.5,35.99,6.2
2026-04-05 01:51:06,21.36,90.0,1012.04,14.56,35.12,6.23
2026-04-05 02:01:06,21.0,89.02,1011.49,14.47,35.85,6.21
2026-04-05 02:11:06,21.0,90.0,1014.75,14.01,35.42,6.22
2026-04-05 02:21:06,21.07,89.8,1009.45,14.32,34.92,6.18
2026-04-05 02:31:06,21.48,89.68,1012.52,14.13,36.02,6.23
2026-04-05 02:41:06,21.09,89.08,1009.99,14.27,36.18,6.23
2026-04-05 02:51:06,21.41,89.66,1012.25,14.5,35.13,6.19
2026-04-05 03:01:06,21.0,90.0,1010.68,14.37,36.13,6.19
2026-04-05 03:11:06,21.51,89.83,1013.38,13.93,35.19,6.2
2026-04-05 03:21:06,21.5,90.0,1013.01,13.71,35.77,6.21
2026-04-05 03:31:06,21.0,89.89,1013.94,13.77,35.62,6.24
2026-04-05 03:41:06,21.15,90.0,1011.37,14.18,34.75,6.21
2026-04-05 03:51:06,21.42,89.88,1012.09,14.14,35.42,6.22
2026-04-05 04:01:06,21.09,89.14,1011.25,13.48,35.39,6.25
2026-04-05 04:11:06,21.91,89.39,1011.7,14.18,35.73,6.17
2026-04-05 04:21:06,21.92,89.64,1011.37,14.03,35.23,6.19
2026-04-05 04:31:06,21.79,89.62,1010.28,13.75,35.64,6.2
2026-04-05 04:41:06,21.77,88.49,1008.17,14.3,35.79,6.2
2026-04-05 04:51:06,21.7,88.08,1012.96,14.09,34.21,6.21
2026-04-05 05:01:06,21.67,89.28,1013.44,14.39,35.27,6.22
2026-04-05 05:11:06,22.14,89.46,1012.19,13.95,36.11,6.21
2026-04-05 05:21:06,22.49,89.08,1010.29,14.73,34.81,6.17
2026-04-05 05:31:06,21.82,88.66,1011.9,13.98,35.74,6.16
2026-04-05 05:41:06,21.87,89.2,1013.72,13.96,35.7,6.18
2026-04-05 05:51:06,22.61,88.8,1012.73,14.28,35.95,6.19
2026-04-05 06:01:06,22.99,88.45,1012.93,14.47,35.68,6.25
2026-04-05 06:11:06,23.21,88.36,1009.53,14.85,34.54,6.18
2026-04-05 06:21:06,23.09,88.14,1010.93,14.69,34.72,6.19
2026-04-05 06:31:06,23.07,87.34,1013.88,14.76,36.01,6.19
2026-04-05 06:41:06,23.23,88.09,1008.71,14.63,35.61,6.2
2026-04-05 06:51:06,23.52,87.68,1012.16,15.06,35.77,6.16
2026-04-05 07:01:06,23.57,87.27,1010.6,15.3,36.26,6.16
2026-04-05 07:11:06,23.57,88.06,1010.96,15.4,35.3,6.23
2026-04-05 07:21:06,23.5,87.96,1011.64,15.32,36.43,6.21
2026-04-05 07:31:06,23.75,87.27,1011.53,15.51,35.46,6.21
2026-04-05 07:41:06,24.33,87.12,1008.2,15.55,34.71,6.2
2026-04-05 07:51:06,24.32,87.11,1011.88,15.73,35.14,6.22
2026-04-05 08:01:06,24.65,86.71,1011.16,15.64,36.31,6.19
2026-04-05 08:11:06,24.9,86.98,1009.63,16.31,35.34,6.18
2026-04-05 08:21:06,24.96,86.31,1009.14,16.17,35.66,6.17
2026-04-05 08:31:06,24.79,87.46,1011.16,16.58,34.92,6.19
2026-04-05 08:41:06,25.11,87.02,1010.61,16.82,35.22,6.22
2026-04-05 08:51:06,25.54,85.71,1012.29,16.77,34.4,6.18
2026-04-05 09:01:06,25.64,86.84,1009.6,16.95,35.41,6.21
2026-04-05 09:11:06,26.25,84.88,1012.55,17.36,34.77,6.21
2026-04-05 09:21:06,26.2,86.42,1012.13,17.24,35.46,6.2
2026-04-05 09:31:06,25.28,85.43,1010.94,18.1,35.33,6.22
2026-04-05 09:41:06,25.78,85.02,1012.56,17.23,35.06,6.21
2026-04-05 09:51:06,26.16,86.6,1011.2,18.04,36.46,6.17
2026-04-05 10:01:06,26.21,85.23,1012.42,17.95,35.65,6.16
2026-04-05 10:11:06,26.81,84.97,1011.94,18.15,35.63,6.19
2026-04-05 10:21:06,26.28,85.59,1011.0,18.71,35.65,6.19
2026-04-05 10:31:06,26.75,85.54,1012.7,18.33,35.83,6.17
2026-04-05 10:41:06,26.81,85.55,1010.07,18.96,35.06,6.23
2026-04-05 10:51:06,26.76,85.62,1013.74,19.01,36.48,6.18
2026-04-05 11:01:06,26.18,84.19,1011.78,19.19,34.72,6.2
2026-04-05 11:11:06,26.83,84.71,1010.41,19.27,35.17,6.22
2026-04-05 11:21:06,27.07,85.16,1013.81,19.24,33.99,6.22
2026-04-05 11:31:06,27.45,84.69,1012.21,19.44,35.52,6.17
2026-04-05 11:41:06,27.38,85.33,1013.49,20.07,35.75,6.19
2026-04-05 11:51:06,27.52,84.02,1013.56,19.81,34.75,6.21
2026-04-05 12:01:06,27.59,85.14,1012.66,19.83,35.54,6.16
2026-04-05 12:11:06,28.0,84.0,1010.66,20.45,35.39,6.19
2026-04-05 12:21:06,27.34,85.08,1012.72,20.1,35.32,6.16
2026-04-05 12:31:06,27.55,84.75,1012.29,20.14,35.75,6.21
2026-04-05 12:41:06,28.0,84.55,1012.23,20.24,34.8,6.18
2026-04-05 12:51:06,27.69,84.24,1008.97,20.3,34.54,6.23
2026-04-05 13:01:06,28.0,84.5,1011.79,20.98,34.48,6.19
2026-04-05 13:11:06,27.4,84.36,1012.11,21.15,34.13,6.19
2026-04-05 13:21:06,27.8,84.43,1012.56,21.11,35.6,6.21
2026-04-05 13:31:06,27.71,84.13,1012.67,21.17,34.66,6.21
2026-04-05 13:41:06,28.0,84.02,1009.07,21.33,34.83,6.2
2026-04-05 13:51:06,27.92,84.0,1011.35,21.37,34.9,6.17
2026-04-05 14:01:06,27.72,84.07,1012.77,21.34,35.41,6.18
2026-04-05 14:11:06,27.98,84.0,1013.73,21.17,36.84,6.19
2026-04-05 14:21:06,27.82,84.0,1013.13,21.61,35.83,6.16
2026-04-05 14:31:06,27.86,84.26,1010.08,21.45,34.94,6.21
2026-04-05 14:41:06,28.0,84.2,1011.2,21.79,35.62,6.17
2026-04-05 14:51:06,27.74,84.0,1008.92,21.73,34.94,6.2
2026-04-05 15:01:06,27.92,84.62,1012.05,22.22,34.83,6.22
2026-04-05 15:11:06,28.0,84.0,1011.86,21.88,34.98,6.2
2026-04-05 15:21:06,27.92,84.71,1014.34,21.97,35.62,6.15
2026-04-05 15:31:06,27.95,84.27,1013.25,21.76,34.91,6.18
2026-04-05 15:41:06,27.58,84.52,1014.7,21.91,34.76,6.21
2026-04-05 15:51:06,27.77,84.6,1011.47,22.29,34.19,6.19
2026-04-05 16:01:06,27.23,84.81,1013.58,21.99,35.04,6.22
2026-04-05 16:11:06,27.63,84.52,1010.36,22.06,35.43,6.21
2026-04-05 16:21:06,27.29,84.4,1012.45,21.79,35.24,6.22
2026-04-05 16:31:06,27.53,84.87,1014.51,21.99,35.33,6.2
2026-04-05 16:41:06,26.85,84.17,1012.08,21.84,35.13,6.17
2026-04-05 16:51:06,27.12,85.37,1013.08,21.83,36.63,6.21
2026-04-05 17:01:06,26.88,84.46,1008.44,21.93,35.15,6.19
2026-04-05 17:11:06,26.69,85.46,1011.51,21.58,34.48,6.22
2026-04-05 17:21:06,26.51,84.0,1014.38,21.73,35.75,6.17
2026-04-05 17:31:06,26.57,85.04,1012.44,21.78,34.01,6.19
2026-04-05 17:41:06,26.21,84.59,1013.59,21.48,35.71,6.23
2026-04-05 17:51:06,26.67,84.93,1012.5,21.52,35.3,6.22
2026-04-05 18:01:06,26.38,85.7,1009.77,21.5,34.95,6.2
2026-04-05 18:11:06,26.32,86.36,1011.47,21.39,34.83,6.18
2026-04-05 18:21:06,26.21,85.8,1011.99,21.36,34.16,6.21
2026-04-05 18:31:06,26.12,85.37,1014.56,21.12,33.99,6.24
2026-04-05 18:41:06,25.87,86.45,1010.86,21.03,35.13,6.21
2026-04-05 18:51:06,25.32,86.15,1013.85,21.21,35.72,6.21
2026-04-05 19:01:06,25.3,86.29,1011.48,20.91,35.07,6.18
2026-04-05 19:11:06,25.38,87.31,1011.79,21.11,34.84,6.23
2026-04-05 19:21:06,25.83,86.05,1012.25,20.33,35.38,6.17
2026-04-05 19:31:06,25.62,86.1,1010.57,20.69,34.82,6.23
2026-04-05 19:41:06,24.5,86.7,1011.54,20.01,35.07,6.2
2026-04-05 19:51:06,24.58,85.87,1013.18,20.12,34.69,6.21
2026-04-05 20:01:06,24.66,86.68,1013.75,19.75,34.61,6.2
2026-04-05 20:11:06,24.3,86.87,1011.38,19.85,35.73,6.22
2026-04-05 20:21:06,24.27,87.54,1011.65,20.0,34.84,6.21
2026-04-05 20:31:06,24.14,87.18,1010.0,19.4,34.84,6.2
2026-04-05 20:41:06,24.41,87.45,1012.54,18.96,35.05,6.2
2026-04-05 20:51:06,23.92,87.52,1013.06,19.04,34.38,6.23
2026-04-05 21:01:06,23.59,88.32,1008.09,19.12,35.35,6.19
2026-04-05 21:11:06,23.61,87.32,1012.01,18.71,35.53,6.21
2026-04-05 21:21:06,23.18,86.86,1012.87,18.66,35.11,6.24
2026-04-05 21:31:06,22.93,88.97,1012.68,18.39,34.6,6.23
2026-04-05 21:41:06,23.16,87.92,1013.11,18.41,35.04,6.21
2026-04-05 21:51:06,22.88,88.15,1012.27,18.33,35.06,6.2
2026-04-05 22:01:06,22.85,88.64,1009.99,18.18,34.63,6.21
2026-04-05 22:11:06,22.32,88.9,1010.02,17.49,34.41,6.2
2026-04-05 22:21:06,22.62,89.34,1013.7,17.47,35.14,6.22
2026-04-05 22:31:06,22.33,88.91,1011.33,17.13,35.55,6.22
2026-04-05 22:41:06,21.99,88.85,1012.57,17.18,34.26,6.19
2026-04-05 22:51:06,21.64,88.81,1010.54,17.44,35.44,6.2
2026-04-05 23:01:06,21.88,88.64,1012.18,16.96,35.31,6.2
2026-04-05 23:11:06,22.0,88.68,1013.37,16.54,35.11,6.19
2026-04-05 23:21:06,21.1,88.65,1013.6,16.56,35.25,6.2
2026-04-05 23:31:06,21.56,89.87,1010.88,16.39,35.03,6.22
2026-04-05 23:41:06,21.47,89.61,1012.67,16.2,35.5,6.23
2026-04-05 23:51:06,21.83,89.89,1014.22,16.14,40.19,6.21
2026-04-06 00:01:06,22.02,89.22,1012.18,15.8,41.26,6.16
2026-04-06 00:11:06,21.0,89.6,1012.51,15.99,39.51,6.22
2026-04-06 00:21:06,21.23,89.76,1011.44,15.48,39.25,6.18
2026-04-06 00:31:06,21.54,89.32,1012.99,15.73,39.6,6.21
2026-04-06 00:41:06,21.35,89.11,1011.42,15.48,40.1,6.21
2026-04-06 00:51:06,21.34,90.0,1014.34,15.83,39.26,6.22
2026-04-06 01:01:06,21.34,88.96,1011.08,15.24,40.07,6.19
2026-04-06 01:11:06,21.17,90.0,1014.33,15.07,39.31,6.16
2026-04-06 01:21:06,21.0,89.92,1009.43,14.99,40.84,6.14
2026-04-06 01:31:06,21.44,89.64,1014.06,14.49,39.53,6.2
2026-04-06 01:41:06,21.47,89.34,1010.59,14.84,40.3,6.18
2026-04-06 01:51:06,21.0,90.0,1012.34,14.78,39.94,6.21
2026-04-06 02:01:06,21.0,89.75,1011.79,14.77,39.48,6.24
2026-04-06 02:11:06,21.0,90.0,1011.9,14.15,40.98,6.23
2026-04-06 02:21:06,21.0,89.88,1013.15,14.95,40.08,6.22
2026-04-06 02:31:06,21.05,90.0,1011.37,14.38,40.13,6.19
2026-04-06 02:41:06,21.08,90.0,1011.43,14.53,40.45,6.18
2026-04-06 02:51:06,21.0,88.8,1014.99,13.89,39.72,6.2
2026-04-06 03:01:06,21.23,89.6,1012.08,13.83,39.09,6.21
2026-04-06 03:11:06,21.78,90.0,1013.9,13.99,39.78,6.22
2026-04-06 03:21:06,21.01,90.0,1011.83,14.08,39.18,6.2
2026-04-06 03:31:06,21.3,89.58,1014.57,13.71,40.09,6.2
2026-04-06 03:41:06,21.0,90.0,1012.86,14.08,40.31,6.2
2026-04-06 03:51:06,21.2,89.53,1012.25,14.04,38.92,6.2
2026-04-06 04:01:06,21.4,89.52,1012.14,14.01,39.44,6.23
2026-04-06 04:11:06,21.0,89.42,1013.26,13.94,39.8,6.21
2026-04-06 04:21:06,21.46,89.8,1013.09,13.86,40.79,6.21
2026-04-06 04:31:06,21.92,90.0,1009.76,14.12,40.21,6.17
2026-04-06 04:41:06,21.6,89.07,1011.19,13.88,40.19,6.17
2026-04-06 04:51:06,22.29,89.51,1015.27,13.88,40.04,6.23
2026-04-06 05:01:06,21.8,89.07,1011.88,14.21,39.79,6.2
2026-04-06 05:11:06,22.31,89.36,1009.14,14.28,39.81,6.19
2026-04-06 05:21:06,22.3,89.82,1013.82,14.17,39.47,6.19
2026-04-06 05:31:06,22.46,88.38,1008.84,14.05,39.82,6.18
2026-04-06 05:41:06,22.14,89.49,1011.13,14.4,39.46,6.22
2026-04-06 05:51:06,22.85,89.04,1013.34,14.65,39.19,6.22
2026-04-06 06:01:06,22.21,89.0,1012.74,14.6,39.17,6.21
2026-04-06 06:11:06,23.39,89.26,1011.48,14.45,39.62,6.16
2026-04-06 06:21:06,22.97,88.0,1013.62,14.84,39.76,6.22
2026-04-06 06:31:06,23.37,88.77,1011.37,14.57,40.2,6.2
2026-04-06 06:41:06,23.29,87.15,1007.24,14.88,39.46,6.22
2026-04-06 06:51:06,23.55,88.77,1008.76,14.66,39.49,6.2
2026-04-06 07:01:06,24.02,87.82,1013.57,14.92,38.49,6.17
2026-04-06 07:11:06,23.38,88.33,1011.31,15.43,39.49,6.21
2026-04-06 07:21:06,23.63,87.61,1010.38,15.5,39.31,6.21
2026-04-06 07:31:06,24.44,87.26,1008.34,15.5,39.07,6.18
2026-04-06 07:41:06,24.33,86.53,1012.12,15.73,39.54,6.22
2026-04-06 07:51:06,24.62,87.36,1012.03,15.92,39.9,6.18
2026-04-06 08:01:06,25.25,86.78,1012.11,16.18,40.35,6.22
2026-04-06 08:11:06,24.33,87.55,1011.5,16.26,39.89,6.2
2026-04-06 08:21:06,24.86,86.51,1012.23,16.38,40.16,6.21
2026-04-06 08:31:06,25.72,86.18,1013.8,16.4,39.13,6.19
2026-04-06 08:41:06,25.36,86.44,1015.38,16.57,40.07,6.2
2026-04-06 08:51:06,25.15,87.15,1012.33,16.65,40.17,6.22
2026-04-06 09:01:06,26.09,86.47,1013.06,16.89,39.97,6.18
2026-04-06 09:11:06,25.09,86.61,1010.32,16.78,39.51,6.22
2026-04-06 09:21:06,25.57,85.54,1012.49,17.38,39.86,6.23
2026-04-06 09:31:06,25.79,85.32,1013.44,17.48,40.44,6.19
2026-04-06 09:41:06,25.78,85.67,1010.76,17.74,39.71,6.2
2026-04-06 09:51:06,25.93,85.53,1009.87,18.07,38.9,6.2
2026-04-06 10:01:06,26.01,85.88,1009.39,17.88,39.64,6.2
2026-04-06 10:11:06,26.59,84.69,1012.86,18.17,39.6,6.15
2026-04-06 10:21:06,26.36,85.15,1012.19,18.5,39.0,6.18
2026-04-06 10:31:06,26.25,85.46,1010.88,18.23,38.69,6.18
2026-04-06 10:41:06,26.78,84.5,1014.53,18.86,39.66,6.16
2026-04-06 10:51:06,27.15,84.24,1013.45,18.95,40.56,6.23
2026-04-06 11:01:06,26.46,84.29,1009.6,18.68,39.02,6.22
2026-04-06 11:11:06,27.05,85.1,1009.7,19.37,40.08,6.16
2026-04-06 11:21:06,27.29,84.14,1014.73,19.35,39.61,6.19
2026-04-06 11:31:06,26.84,84.0,1012.5,19.41,40.15,6.17
2026-04-06 11:41:06,27.5,84.13,1010.29,19.9,39.75,6.21
2026-04-06 11:51:06,27.48,84.0,1009.8,19.59,40.8,6.19
2026-04-06 12:01:06,27.93,84.65,1012.6,20.06,39.67,6.18
2026-04-06 12:11:06,27.86,84.8,1010.66,20.18,40.18,6.23
2026-04-06 12:21:06,28.0,84.15,1011.31,20.7,40.2,6.18
2026-04-06 12:31:06,27.52,84.74,1012.83,19.77,40.22,6.19
2026-04-06 12:41:06,27.73,85.43,1014.68,20.78,39.9,6.19
2026-04-06 12:51:06,27.14,84.54,1008.61,20.86,38.51,6.19
2026-04-06 13:01:06,27.97,84.15,1013.17,21.0,39.5,6.21
2026-04-06 13:11:06,27.02,84.0,1008.68,20.88,39.48,6.21
2026-04-06 13:21:06,27.48,84.34,1012.0,21.18,39.5,6.21
2026-04-06 13:31:06,28.0,84.0,1011.72,21.1,39.08,6.2
2026-04-06 13:41:06,27.82,85.09,1009.71,21.26,40.16,6.21
2026-04-06 13:51:06,27.68,84.0,1012.93,21.37,39.43,6.21
2026-04-06 14:01:06,28.0,84.0,1011.29,21.44,39.65,6.21
2026-04-06 14:11:06,28.0,84.0,1010.16,21.65,39.72,6.2
2026-04-06 14:21:06,27.73,84.84,1011.99,21.28,38.58,6.21
2026-04-06 14:31:06,28.0,84.24,1011.96,21.61,38.88,6.21
2026-04-06 14:41:06,28.0,84.15,1011.76,22.09,38.98,6.19
2026-04-06 14:51:06,28.0,84.0,1011.77,21.67,39.92,6.18
2026-04-06 15:01:06,27.97,84.0,1012.5,21.67,39.6,6.2
2026-04-06 15:11:06,27.66,84.29,1011.56,21.94,39.18,6.21
2026-04-06 15:21:06,28.0,84.53,1014.16,21.82,38.87,6.2
2026-04-06 15:31:06,27.71,84.2,1012.98,21.85,39.66,6.19
2026-04-06 15:41:06,27.54,84.0,1010.56,21.68,38.83,6.2
2026-04-06 15:51:06,28.0,84.79,1013.07,22.11,38.77,6.19
2026-04-06 16:01:06,27.91,84.71,1014.74,21.96,38.92,6.21
2026-04-06 16:11:06,27.37,84.17,1011.89,22.1,39.42,6.2
2026-04-06 16:21:06,27.14,84.13,1009.36,22.22,39.26,6.16
2026-04-06 16:31:06,27.3,84.32,1010.4,22.13,39.39,6.18
2026-04-06 16:41:06,27.27,84.83,1011.46,22.05,39.06,6.2
2026-04-06 16:51:06,27.77,84.7,1012.11,21.77,40.26,6.17
2026-04-06 17:01:06,26.35,85.34,1015.21,21.57,39.6,6.2
2026-04-06 17:11:06,26.54,85.41,1011.61,21.34,38.87,6.2
2026-04-06 17:21:06,26.93,85.18,1013.41,21.78,39.52,6.16
2026-04-06 17:31:06,27.1,85.78,1013.15,21.97,40.11,6.19
2026-04-06 17:41:06,26.85,84.71,1012.66,21.78,39.33,6.18
2026-04-06 17:51:06,26.32,84.67,1010.53,21.69,39.44,6.22
2026-04-06 18:01:06,26.41,84.68,1010.97,21.39,39.74,6.22
2026-04-06 18:11:06,26.15,85.68,1012.73,21.43,39.41,6.21
2026-04-06 18:21:06,25.93,85.06,1010.57,21.64,38.59,6.2
2026-04-06 18:31:06,25.49,85.84,1013.47,21.14,38.8,6.2
2026-04-06 18:41:06,26.67,86.82,1010.36,20.99,39.05,6.23
2026-04-06 18:51:06,25.69,86.38,1011.71,20.68,39.47,6.16
2026-04-06 19:01:06,25.42,85.81,1011.86,20.88,39.44,6.16
2026-04-06 19:11:06,25.27,86.49,1011.67,20.72,38.75,6.21
2026-04-06 19:21:06,25.23,86.36,1011.99,20.7,39.55,6.19
2026-04-06 19:31:06,25.47,86.84,1011.11,20.51,38.34,6.21
2026-04-06 19:41:06,24.79,86.0,1011.65,20.46,39.92,6.19
2026-04-06 19:51:06,24.71,87.44,1012.0,20.01,38.92,6.19
2026-04-06 20:01:06,24.63,86.65,1008.96,19.89,38.6,6.19
2026-04-06 20:11:06,24.26,87.74,1012.36,19.47,39.89,6.22
2026-04-06 20:21:06,24.68,87.14,1010.41,19.93,40.0,6.21
2026-04-06 20:31:06,23.81,87.22,1012.16,19.59,39.78,6.2
2026-04-06 20:41:06,23.76,88.44,1012.02,18.93,39.73,6.22
2026-04-06 20:51:06,24.12,88.74,1012.3,19.59,39.91,6.21
2026-04-06 21:01:06,23.08,87.67,1011.52,18.88,38.93,6.23
2026-04-06 21:11:06,23.39,88.35,1011.93,18.84,39.86,6.2
2026-04-06 21:21:06,23.07,88.09,1012.06,18.9,38.8,6.2
2026-04-06 21:31:06,23.62,88.23,1014.78,18.45,39.04,6.2
2026-04-06 21:41:06,23.22,88.07,1011.21,18.23,40.18,6.2
2026-04-06 21:51:06,22.33,88.01,1009.54,17.94,40.0,6.2
2026-04-06 22:01:06,22.85,88.35,1010.05,17.88,40.41,6.16
2026-04-06 22:11:06,22.96,89.3,1011.41,17.88,39.61,6.24
2026-04-06 22:21:06,22.33,88.81,1011.5,17.81,39.04,6.19
2026-04-06 22:31:06,22.15,89.21,1010.78,17.7,39.37,6.18
2026-04-06 22:41:06,22.76,89.33,1012.62,17.62,39.38,6.16
2026-04-06 22:51:06,21.91,88.95,1009.77,16.79,39.27,6.19
2026-04-06 23:01:06,21.99,89.89,1012.22,16.67,40.17,6.18
2026-04-06 23:11:06,21.26,89.72,1011.99,17.04,39.03,6.21
2026-04-06 23:21:06,21.86,90.0,1013.44,16.88,39.04,6.19
2026-04-06 23:31:06,21.66,88.35,1011.13,16.29,39.68,6.21
2026-04-06 23:41:06,21.47,90.0,1011.08,16.73,38.91,6.18
2026-04-06 23:51:06,21.57,89.78,1012.59,16.25,39.18,6.22
2026-04-07 00:01:06,21.37,89.49,1012.8,15.85,39.19,6.16
2026-04-07 00:11:06,21.63,90.0,1012.19,15.86,38.29,6.23
2026-04-07 00:21:06,21.73,89.94,1013.02,15.65,39.56,6.21
2026-04-07 00:31:06,21.36,88.8,1008.73,15.64,38.84,6.17
2026-04-07 00:41:06,21.0,89.8,1011.74,15.3,38.69,6.21
2026-04-07 00:51:06,21.06,89.71,1012.2,15.57,38.24,6.19
2026-04-07 01:01:06,21.0,89.42,1012.5,15.33,38.67,6.2
2026-04-07 01:11:06,21.51,90.0,1011.7,15.07,39.49,6.2
2026-04-07 01:21:06,21.29,90.0,1009.07,15.14,39.29,6.21
2026-04-07 01:31:06,21.42,88.59,1010.35,14.83,39.99,6.21
2026-04-07 01:41:06,21.0,90.0,1012.77,14.86,39.3,6.2
2026-04-07 01:51:06,21.08,89.94,1014.35,14.39,39.3,6.17
2026-04-07 02:01:06,21.32,89.94,1011.82,14.61,39.28,6.21
2026-04-07 02:11:06,21.38,90.0,1013.71,14.03,37.88,6.21
2026-04-07 02:21:06,21.04,89.37,1010.12,14.46,39.38,6.19
2026-04-07 02:31:06,21.0,90.0,1011.77,14.45,39.14,6.2
2026-04-07 02:41:06,21.18,89.64,1010.24,14.17,39.37,6.21
2026-04-07 02:51:06,21.0,89.86,1011.12,14.66,38.56,6.2
2026-04-07 03:01:06,21.0,89.67,1014.82,14.06,39.53,6.21
2026-04-07 03:11:06,21.0,88.97,1015.24,14.24,38.26,6.2
2026-04-07 03:21:06,21.13,89.13,1010.78,14.01,39.38,6.21
2026-04-07 03:31:06,21.63,90.0,1012.71,13.97,39.18,6.19
2026-04-07 03:41:06,21.28,90.0,1010.96,13.89,39.62,6.23
2026-04-07 03:51:06,21.57,89.58,1012.05,14.06,39.2,6.17
2026-04-07 04:01:06,21.97,89.02,1010.52,14.33,38.59,6.22
2026-04-07 04:11:06,21.72,89.99,1011.5,13.69,39.24,6.17
2026-04-07 04:21:06,21.82,89.56,1013.25,14.24,38.97,6.22
2026-04-07 04:31:06,21.76,88.41,1013.28,14.16,39.03,6.21
2026-04-07 04:41:06,21.88,89.51,1011.63,14.25,38.55,6.21
2026-04-07 04:51:06,21.84,89.38,1012.95,13.94,39.03,6.22
2026-04-07 05:01:06,21.73,89.48,1011.57,14.16,39.23,6.17
2026-04-07 05:11:06,21.67,88.74,1013.84,14.39,39.48,6.19
2026-04-07 05:21:06,22.4,89.13,1011.29,14.44,39.01,6.21
2026-04-07 05:31:06,22.69,88.78,1012.69,14.33,38.67,6.22
2026-04-07 05:41:06,22.47,88.83,1011.11,14.02,39.6,6.2
2026-04-07 05:51:06,22.89,87.96,1012.23,14.49,39.04,6.22
2026-04-07 06:01:06,21.95,88.1,1012.43,14.7,38.47,6.22
2026-04-07 06:11:06,23.18,88.54,1014.8,14.46,38.96,6.19
2026-04-07 06:21:06,23.12,88.64,1012.09,14.72,38.43,6.18
2026-04-07 06:31:06,22.52,88.23,1011.36,15.01,39.26,6.18
2026-04-07 06:41:06,23.28,87.67,1013.3,14.8,38.72,6.2
2026-04-07 06:51:06,23.81,87.63,1014.02,14.9,39.46,6.18
2026-04-07 07:01:06,23.07,87.75,1012.47,15.09,38.86,6.23
2026-04-07 07:11:06,23.65,86.69,1011.45,15.09,38.96,6.18
2026-04-07 07:21:06,23.75,87.13,1011.43,15.43,39.11,6.18
2026-04-07 07:31:06,24.03,88.68,1008.86,15.46,39.2,6.2
2026-04-07 07:41:06,23.96,87.41,1012.82,15.78,39.91,6.19
2026-04-07 07:51:06,24.44,86.89,1012.8,15.42,39.9,6.19
2026-04-07 08:01:06,24.16,87.12,1011.4,15.93,39.16,6.2
2026-04-07 08:11:06,24.56,87.13,1013.87,15.8,39.61,6.18
2026-04-07 08:21:06,24.99,87.07,1009.61,16.34,39.52,6.2
2026-04-07 08:31:06,24.11,87.4,1013.2,16.27,39.1,6.17
2026-04-07 08:41:06,24.53,86.04,1013.29,16.79,39.51,6.21
2026-04-07 08:51:06,25.37,85.94,1011.85,16.69,39.06,6.2
2026-04-07 09:01:06,25.33,85.87,1013.23,17.17,40.17,6.18
2026-04-07 09:11:06,25.9,85.84,1010.56,17.19,40.1,6.15
2026-04-07 09:21:06,25.01,85.8,1011.32,17.17,39.54,6.23
2026-04-07 09:31:06,26.11,85.34,1009.5,18.1,39.57,6.2
2026-04-07 09:41:06,26.51,86.0,1013.51,17.82,38.9,6.22
2026-04-07 09:51:06,26.08,85.66,1011.24,17.69,39.04,6.2
2026-04-07 10:01:06,26.64,85.71,1012.63,17.93,39.43,6.18
2026-04-07 10:11:06,26.52,85.45,1011.77,18.36,38.34,6.16
2026-04-07 10:21:06,26.16,85.78,1013.03,18.48,39.68,6.19
2026-04-07 10:31:06,26.7,85.34,1014.17,18.49,39.2,6.18
2026-04-07 10:41:06,26.45,84.94,1013.65,18.45,38.44,6.18
2026-04-07 10:51:06,26.46,84.69,1012.98,18.86,39.45,6.21
2026-04-07 11:01:06,27.61,84.72,1012.09,18.72,39.43,6.19
2026-04-07 11:11:06,26.86,84.26,1012.18,19.42,38.37,6.21
2026-04-07 11:21:06,27.25,84.29,1012.39,19.32,39.56,6.22
2026-04-07 11:31:06,27.54,84.98,1010.15,19.67,38.6,6.21
2026-04-07 11:41:06,27.56,85.35,1012.94,19.88,39.45,6.23
2026-04-07 11:51:06,27.49,84.0,1011.1,19.96,38.72,6.22
2026-04-07 12:01:06,27.87,84.67,1014.4,20.25,39.74,6.24
2026-04-07 12:11:06,27.32,84.0,1013.53,19.89,38.46,6.17
2026-04-07 12:21:06,27.48,84.18,1009.1,19.78,39.22,6.2
2026-04-07 12:31:06,28.0,84.63,1009.93,20.54,39.31,6.2
2026-04-07 12:41:06,27.63,84.46,1010.87,20.34,39.03,6.21
2026-04-07 12:51:06,27.59,84.0,1012.18,21.11,38.38,6.23
2026-04-07 13:01:06,27.88,84.0,1013.22,20.71,38.11,6.21
2026-04-07 13:11:06,27.41,84.0,1012.58,21.1,38.32,6.19
2026-04-07 13:21:06,27.66,84.23,1010.61,21.32,38.52,6.2
2026-04-07 13:31:06,28.0,84.0,1011.95,20.92,39.07,6.19
2026-04-07 13:41:06,27.79,84.0,1011.01,21.53,39.28,6.21
2026-04-07 13:51:06,27.28,84.57,1013.21,21.26,39.2,6.2
2026-04-07 14:01:06,27.93,84.7,1010.74,21.78,39.53,6.18
2026-04-07 14:11:06,27.57,84.0,1012.09,21.46,38.39,6.23
2026-04-07 14:21:06,27.66,84.08,1011.56,21.44,38.22,6.17
2026-04-07 14:31:06,27.57,84.0,1013.27,21.9,37.74,6.21
2026-04-07 14:41:06,27.73,84.0,1011.01,21.71,38.88,6.18
2026-04-07 14:51:06,27.63,84.6,1012.45,21.92,38.73,6.24
2026-04-07 15:01:06,27.71,84.18,1013.13,22.23,39.61,6.19
2026-04-07 15:11:06,27.44,84.0,1011.13,21.83,38.46,6.19
2026-04-07 15:21:06,27.52,84.87,1012.72,21.69,38.51,6.18
2026-04-07 15:31:06,27.95,84.57,1013.88,22.03,40.09,6.18
2026-04-07 15:41:06,27.82,84.0,1012.91,21.76,39.59,6.18
2026-04-07 15:51:06,27.56,84.04,1009.92,22.01,38.32,6.22
2026-04-07 16:01:06,27.37,84.26,1010.58,21.93,38.3,6.2
2026-04-07 16:11:06,27.57,84.0,1009.69,22.23,39.36,6.17
2026-04-07 16:21:06,27.27,85.35,1011.11,22.12,39.13,6.24
2026-04-07 16:31:06,27.6,84.18,1011.74,21.76,38.79,6.2
2026-04-07 16:41:06,27.55,84.79,1014.75,21.86,37.75,6.19
2026-04-07 16:51:06,27.16,84.54,1009.77,21.86,38.12,6.21
2026-04-07 17:01:06,27.03,84.72,1013.81,21.82,39.38,6.21
2026-04-07 17:11:06,26.67,84.57,1011.28,21.84,39.11,6.18
2026-04-07 17:21:06,27.33,84.42,1012.52,21.53,39.12,6.2
2026-04-07 17:31:06,27.04,85.12,1012.24,21.71,39.6,6.2
2026-04-07 17:41:06,26.71,85.37,1009.73,21.44,39.32,6.23
2026-04-07 17:51:06,26.18,84.99,1013.38,21.52,39.76,6.2
2026-04-07 18:01:06,26.65,84.8,1011.7,21.26,38.32,6.24
2026-04-07 18:11:06,25.95,85.54,1009.09,21.35,38.39,6.17
2026-04-07 18:21:06,25.77,85.21,1012.13,21.55,38.38,6.21
2026-04-07 18:31:06,26.13,86.62,1012.94,21.23,39.1,6.2
2026-04-07 18:41:06,25.75,85.46,1011.29,21.2,38.98,6.18
2026-04-07 18:51:06,26.0,85.84,1010.96,20.98,37.25,6.18
2026-04-07 19:01:06,26.13,86.54,1009.61,20.9,38.71,6.17
2026-04-07 19:11:06,25.51,85.34,1012.02,20.55,39.86,6.15
2026-04-07 19:21:06,24.57,86.56,1011.68,20.41,38.4,6.19
2026-04-07 19:31:06,25.25,86.13,1007.54,20.31,38.68,6.16
2026-04-07 19:41:06,24.67,86.81,1013.69,19.92,37.34,6.22
2026-04-07 19:51:06,24.39,87.43,1013.01,20.11,38.95,6.2
2026-04-07 20:01:06,24.22,86.95,1010.66,20.16,39.3,6.2
2026-04-07 20:11:06,24.46,87.4,1012.56,19.72,38.45,6.17
2026-04-07 20:21:06,24.32,88.16,1010.85,19.87,38.39,6.22
2026-04-07 20:31:06,23.67,88.86,1012.67,19.5,38.92,6.2
2026-04-07 20:41:06,23.54,87.27,1013.53,19.44,39.06,6.21
2026-04-07 20:51:06,23.57,87.68,1013.78,19.15,39.33,6.23
2026-04-07 21:01:06,22.96,87.25,1012.09,19.13,38.74,6.2
2026-04-07 21:11:06,23.4,88.07,1012.42,18.85,38.06,6.22
2026-04-07 21:21:06,23.4,87.65,1013.25,18.52,37.9,6.22
2026-04-07 21:31:06,23.24,88.01,1010.4,18.51,39.11,6.19
2026-04-07 21:41:06,23.59,88.65,1013.45,18.43,38.93,6.19
2026-04-07 21:51:06,23.0,89.15,1007.79,17.97,38.52,6.19
2026-04-07 22:01:06,23.36,88.8,1012.51,18.21,39.57,6.23
2026-04-07 22:11:06,22.96,88.38,1014.31,17.82,37.98,6.23
2026-04-07 22:21:06,22.31,88.65,1011.44,17.93,39.04,6.19
2026-04-07 22:31:06,21.92,88.39,1010.83,17.43,38.92,6.21
2026-04-07 22:41:06,21.86,89.5,1012.73,17.71,38.24,6.17
2026-04-07 22:51:06,21.45,89.02,1014.32,17.45,38.93,6.2
2026-04-07 23:01:06,21.5,88.27,1011.87,17.09,39.63,6.25
2026-04-07 23:11:06,22.07,89.69,1010.22,16.32,38.31,6.21
2026-04-07 23:21:06,22.44,88.93,1011.86,16.91,38.07,6.19
2026-04-07 23:31:06,22.24,89.46,1010.7,16.48,38.15,6.18
2026-04-07 23:41:06,21.59,90.0,1009.36,16.35,38.63,6.2
2026-04-07 23:51:06,21.96,89.4,1011.19,15.71,38.98,6.18
2026-04-08 00:01:06,21.46,88.95,1012.55,16.05,37.48,6.25
2026-04-08 00:11:06,21.19,90.0,1013.51,15.67,38.62,6.19
2026-04-08 00:21:06,21.26,89.92,1010.69,15.98,38.23,6.21
2026-04-08 00:31:06,21.57,89.38,1013.13,15.75,38.46,6.22
2026-04-08 00:41:06,21.46,89.71,1013.57,15.26,38.77,6.21
2026-04-08 00:51:06,21.16,89.22,1014.59,15.39,38.48,6.18
2026-04-08 01:01:06,21.2,90.0,1010.37,14.82,39.2,6.21
2026-04-08 01:11:06,21.0,89.41,1011.58,14.86,38.28,6.18
2026-04-08 01:21:06,21.49,88.61,1012.88,15.23,38.8,6.22
2026-04-08 01:31:06,21.36,90.0,1012.04,14.51,38.83,6.19
2026-04-08 01:41:06,21.0,90.0,1010.63,14.48,38.98,6.21
2026-04-08 01:51:06,21.0,89.69,1013.33,14.78,39.05,6.17
2026-04-08 02:01:06,21.0,89.63,1012.12,14.69,38.76,6.19
2026-04-08 02:11:06,21.17,89.84,1011.75,14.22,38.71,6.2
2026-04-08 02:21:06,21.08,90.0,1015.2,14.25,38.0,6.2
2026-04-08 02:31:06,21.0,90.0,1011.61,14.45,38.69,6.17
2026-04-08 02:41:06,21.0,90.0,1011.92,14.29,38.28,6.21
2026-04-08 02:51:06,21.08,90.0,1010.69,14.45,38.57,6.2
2026-04-08 03:01:06,21.3,88.67,1015.22,14.41,38.6,6.2
2026-04-08 03:11:06,21.26,89.72,1013.05,14.23,38.58,6.21
2026-04-08 03:21:06,21.53,88.71,1012.63,13.97,39.22,6.22
2026-04-08 03:31:06,21.71,90.0,1013.36,14.39,36.96,6.21
2026-04-08 03:41:06,21.62,90.0,1012.19,14.01,38.66,6.2
2026-04-08 03:51:06,21.09,89.43,1011.32,13.85,39.1,6.19
2026-04-08 04:01:06,22.03,89.86,1011.31,13.74,38.44,6.22
2026-04-08 04:11:06,21.76,90.0,1012.52,14.09,39.22,6.18
2026-04-08 04:21:06,21.57,89.54,1012.46,13.98,38.08,6.18
2026-04-08 04:31:06,21.85,89.78,1009.68,13.97,38.69,6.19
2026-04-08 04:41:06,21.72,89.63,1010.38,13.87,39.42,6.19
2026-04-08 04:51:06,21.26,88.77,1010.75,14.36,38.54,6.2
2026-04-08 05:01:06,21.88,89.41,1012.78,13.74,37.96,6.18
2026-04-08 05:11:06,21.76,89.23,1014.02,14.19,38.29,6.17
2026-04-08 05:21:06,22.37,88.66,1011.49,13.96,38.27,6.21
2026-04-08 05:31:06,22.58,88.78,1012.38,14.37,39.13,6.2
2026-04-08 05:41:06,22.39,89.34,1015.01,14.25,37.45,6.19
2026-04-08 05:51:06,22.88,88.56,1009.21,14.54,37.82,6.21
2026-04-08 06:01:06,23.13,88.57,1012.61,14.43,38.45,6.23
2026-04-08 06:11:06,22.61,87.86,1011.68,14.86,38.27,6.2
2026-04-08 06:21:06,22.89,87.14,1011.83,14.82,38.56,6.21
2026-04-08 06:31:06,23.05,87.7,1013.07,14.88,39.16,6.21
2026-04-08 06:41:06,23.08,87.35,1010.83,14.46,38.5,6.2
2026-04-08 06:51:06,23.3,87.31,1013.39,15.15,38.18,6.18
2026-04-08 07:01:06,24.01,88.31,1013.31,14.95,38.47,6.21
2026-04-08 07:11:06,23.91,87.62,1009.29,15.21,39.03,6.19
2026-04-08 07:21:06,24.17,87.54,1010.92,14.96,38.51,6.19
2026-04-08 07:31:06,23.71,87.67,1010.92,15.96,37.09,6.19
2026-04-08 07:41:06,24.65,86.78,1013.77,15.72,38.53,6.18
2026-04-08 07:51:06,23.94,87.64,1012.2,16.09,38.07,6.18
2026-04-08 08:01:06,24.07,86.92,1012.2,16.07,38.36,6.2
2026-04-08 08:11:06,24.37,86.15,1013.12,15.71,37.8,6.18
2026-04-08 08:21:06,25.16,87.45,1014.24,16.35,38.28,6.22
2026-04-08 08:31:06,24.95,85.33,1013.26,16.61,38.49,6.21
2026-04-08 08:41:06,25.21,86.98,1011.19,16.55,38.49,6.18
2026-04-08 08:51:06,24.87,85.93,1012.12,16.46,38.47,6.18
2026-04-08 09:01:06,24.96,86.26,1012.2,16.96,38.49,6.22
2026-04-08 09:11:06,25.49,85.5,1014.01,16.8,37.95,6.22
2026-04-08 09:21:06,25.88,85.62,1013.5,17.45,37.85,6.19
2026-04-08 09:31:06,26.05,86.65,1010.58,17.32,38.6,6.2
2026-04-08 09:41:06,26.17,86.03,1011.72,17.5,38.47,6.23
2026-04-08 09:51:06,26.5,84.99,1010.23,17.32,38.52,6.25
2026-04-08 10:01:06,26.33,86.65,1013.11,17.91,37.81,6.23
2026-04-08 10:11:06,26.54,85.07,1010.65,18.36,38.6,6.22
2026-04-08 10:21:06,26.24,85.89,1012.2,18.43,38.63,6.23
2026-04-08 10:31:06,26.67,84.98,1008.36,18.72,38.44,6.23
2026-04-08 10:41:06,26.92,84.35,1010.63,18.6,38.24,6.22
2026-04-08 10:51:06,26.8,84.66,1011.0,18.99,38.31,6.2
2026-04-08 11:01:06,27.25,84.93,1011.88,18.67,38.74,6.2
2026-04-08 11:11:06,27.31,84.55,1011.35,19.28,37.84,6.21
2026-04-08 11:21:06,26.66,84.63,1011.01,19.25,38.16,6.22
2026-04-08 11:31:06,27.47,84.0,1011.42,19.76,38.14,6.17
2026-04-08 11:41:06,27.08,84.33,1011.95,19.71,37.9,6.21
2026-04-08 11:51:06,27.59,84.48,1012.04,19.92,38.48,6.21
2026-04-08 12:01:06,27.25,84.0,1010.88,20.28,38.61,6.19
2026-04-08 12:11:06,27.42,84.0,1014.57,19.99,37.87,6.18
2026-04-08 12:21:06,27.2,84.0,1010.26,20.42,37.38,6.23
2026-04-08 12:31:06,27.61,84.63,1010.86,20.85,39.12,6.18
2026-04-08 12:41:06,27.71,84.57,1011.25,20.5,38.29,6.23
2026-04-08 12:51:06,28.0,84.02,1011.2,20.5,38.19,6.14
2026-04-08 13:01:06,27.64,85.58,1010.99,20.96,37.84,6.23
2026-04-08 13:11:06,27.95,84.96,1012.14,21.0,38.82,6.18
2026-04-08 13:21:06,28.0,84.09,1010.93,21.22,37.96,6.2
2026-04-08 13:31:06,27.88,84.22,1011.62,21.36,37.72,6.21
2026-04-08 13:41:06,27.73,84.0,1012.76,21.39,38.55,6.16
2026-04-08 13:51:06,27.91,84.06,1011.64,21.5,38.09,6.22
2026-04-08 14:01:06,27.88,84.73,1010.84,21.72,37.19,6.21
2026-04-08 14:11:06,27.99,84.14,1010.63,21.41,37.7,6.2
2026-04-08 14:21:06,28.0,84.17,1011.77,21.64,37.5,6.21
2026-04-08 14:31:06,28.0,84.0,1014.67,21.23,37.6,6.21
2026-04-08 14:41:06,28.0,84.0,1011.49,21.63,38.05,6.22
2026-04-08 14:51:06,28.0,84.25,1011.57,22.03,38.25,6.16
2026-04-08 15:01:06,27.78,84.0,1010.57,22.12,38.81,6.24
2026-04-08 15:11:06,28.0,84.0,1012.12,21.78,37.6,6.22
2026-04-08 15:21:06,27.86,84.0,1014.11,21.83,38.21,6.23
2026-04-08 15:31:06,27.71,85.1,1011.12,21.6,37.72,6.22
2026-04-08 15:41:06,27.97,84.0,1011.46,22.13,37.98,6.19
2026-04-08 15:51:06,27.32,84.62,1011.47,21.79,37.47,6.22
2026-04-08 16:01:06,27.37,84.6,1009.68,22.13,38.25,6.22
2026-04-08 16:11:06,27.38,84.23,1011.69,21.82,38.5,6.21
2026-04-08 16:21:06,27.45,84.0,1012.32,22.27,38.34,6.22
2026-04-08 16:31:06,27.01,84.0,1013.52,22.14,37.99,6.19
2026-04-08 16:41:06,26.97,84.39,1014.27,22.17,37.87,6.2
2026-04-08 16:51:06,26.88,84.78,1013.05,22.01,38.42,6.2
2026-04-08 17:01:06,26.96,85.9,1012.42,21.52,38.4,6.22
2026-04-08 17:11:06,26.87,85.45,1009.3,21.88,38.4,6.21
2026-04-08 17:21:06,26.91,85.13,1008.75,21.76,37.56,6.23
2026-04-08 17:31:06,26.87,84.48,1012.6,21.51,38.1,6.19
2026-04-08 17:41:06,26.46,85.53,1012.9,21.89,37.63,6.21
2026-04-08 17:51:06,26.19,85.06,1012.69,21.7,38.0,6.19
2026-04-08 18:01:06,26.21,86.02,1011.59,21.47,37.58,6.22
2026-04-08 18:11:06,25.71,85.51,1012.63,21.34,37.08,6.21
2026-04-08 18:21:06,26.43,85.45,1014.29,21.65,37.92,6.22
2026-04-08 18:31:06,25.69,86.06,1012.37,20.93,37.93,6.21
2026-04-08 18:41:06,26.08,86.03,1012.72,21.14,39.33,6.22
2026-04-08 18:51:06,25.78,87.09,1011.31,20.86,38.12,6.2
2026-04-08 19:01:06,25.39,85.96,1011.27,20.99,37.73,6.24
2026-04-08 19:11:06,25.05,86.94,1012.17,20.53,38.44,6.18
2026-04-08 19:21:06,25.08,85.68,1009.08,20.49,37.7,6.17
2026-04-08 19:31:06,25.28,87.02,1010.92,20.44,38.38,6.22
2026-04-08 19:41:06,25.11,86.63,1011.46,20.29,38.11,6.17
2026-04-08 19:51:06,24.73,86.91,1011.22,20.15,37.43,6.23
2026-04-08 20:01:06,24.32,85.8,1012.61,20.0,38.77,6.19
2026-04-08 20:11:06,24.09,86.68,1013.15,19.79,37.77,6.17
2026-04-08 20:21:06,24.04,87.85,1011.59,19.45,38.41,6.16
2026-04-08 20:31:06,24.28,88.07,1011.53,19.72,38.26,6.19
2026-04-08 20:41:06,23.79,87.87,1011.91,19.46,38.42,6.21
2026-04-08 20:51:06,23.54,87.94,1012.99,18.95,38.38,6.23
2026-04-08 21:01:06,23.57,87.53,1013.28,18.99,36.98,6.21
2026-04-08 21:11:06,23.78,87.15,1011.43,19.07,38.32,6.17
2026-04-08 21:21:06,23.29,87.72,1010.95,18.86,38.82,6.22
2026-04-08 21:31:06,23.06,87.91,1010.66,18.23,37.6,6.18
2026-04-08 21:41:06,22.97,89.07,1013.2,17.95,37.84,6.2
2026-04-08 21:51:06,22.69,88.47,1009.38,17.99,38.07,6.21
2026-04-08 22:01:06,23.26,88.23,1014.16,18.22,38.33,6.22
2026-04-08 22:11:06,22.38,89.33,1011.99,17.67,38.02,6.2
2026-04-08 22:21:06,22.46,88.84,1013.47,17.74,38.31,6.2
2026-04-08 22:31:06,22.17,88.68,1009.62,17.46,38.28,6.17
2026-04-08 22:41:06,22.57,88.47,1010.67,17.17,37.71,6.17
2026-04-08 22:51:06,22.12,88.74,1010.17,16.94,38.42,6.21
2026-04-08 23:01:06,22.34,89.72,1011.59,16.94,38.04,6.22
2026-04-08 23:11:06,21.65,88.17,1011.69,16.76,38.3,6.21
2026-04-08 23:21:06,21.9,89.13,1012.22,16.72,37.36,6.2
2026-04-08 23:31:06,21.95,89.56,1011.53,16.8,38.11,6.23
2026-04-08 23:41:06,21.89,88.63,1011.87,16.13,37.21,6.2
2026-04-08 23:51:06,21.82,89.56,1009.25,16.26,38.0,6.23
2026-04-09 00:01:06,21.55,89.98,1010.43,15.8,37.89,6.23
2026-04-09 00:11:06,22.04,90.0,1011.67,15.56,37.89,6.17
2026-04-09 00:21:06,21.55,90.0,1011.7,15.71,37.4,6.2
2026-04-09 00:31:06,21.58,89.14,1011.45,15.4,38.09,6.21
2026-04-09 00:41:06,21.28,89.11,1009.24,15.48,38.29,6.21
2026-04-09 00:51:06,21.47,89.92,1011.26,15.69,38.19,6.18
2026-04-09 01:01:06,21.0,90.0,1012.99,15.34,38.07,6.2
2026-04-09 01:11:06,21.46,89.64,1012.58,15.47,37.76,6.19
2026-04-09 01:21:06,21.0,89.83,1011.35,15.05,38.45,6.18
2026-04-09 01:31:06,21.34,89.79,1016.73,14.61,37.94,6.21
2026-04-09 01:41:06,21.0,90.0,1013.86,14.92,37.66,6.16
2026-04-09 01:51:06,21.0,89.37,1010.98,14.81,37.77,6.21
2026-04-09 02:01:06,21.0,90.0,1013.66,14.52,37.74,6.19
2026-04-09 02:11:06,21.13,89.17,1014.28,14.32,38.47,6.17
2026-04-09 02:21:06,21.07,89.46,1009.18,14.27,37.75,6.18
2026-04-09 02:31:06,21.0,89.28,1011.79,14.25,38.61,6.23
2026-04-09 02:41:06,21.0,90.0,1014.67,13.87,36.75,6.19
2026-04-09 02:51:06,21.43,90.0,1012.51,14.17,37.64,6.21
2026-04-09 03:01:06,21.0,89.22,1011.41,14.31,36.83,6.21
2026-04-09 03:11:06,21.0,90.0,1011.45,13.93,37.75,6.21
2026-04-09 03:21:06,21.0,89.17,1014.42,14.19,37.61,6.22
2026-04-09 03:31:06,21.0,89.42,1011.77,14.12,37.98,6.22
2026-04-09 03:41:06,21.3,89.75,1012.56,14.16,37.57,6.22
2026-04-09 03:51:06,21.58,89.77,1010.95,13.74,37.2,6.2
2026-04-09 04:01:06,21.63,90.0,1011.93,13.82,37.87,6.2
2026-04-09 04:11:06,21.92,89.36,1012.05,14.39,37.27,6.19
2026-04-09 04:21:06,21.54,89.36,1013.19,13.96,38.44,6.19
2026-04-09 04:31:06,21.88,88.84,1012.14,14.19,37.33,6.18
2026-04-09 04:41:06,22.29,89.55,1010.43,13.94,37.11,6.16
2026-04-09 04:51:06,21.38,89.78,1011.52,13.87,38.97,6.18
2026-04-09 05:01:06,21.94,88.49,1014.04,14.34,37.83,6.23
2026-04-09 05:11:06,21.97,89.16,1012.04,14.48,37.54,6.15
2026-04-09 05:21:06,23.14,88.73,1011.7,14.25,37.47,6.19
2026-04-09 05:31:06,22.04,88.39,1006.97,14.33,37.74,6.22
2026-04-09 05:41:06,22.38,88.97,1012.03,14.17,36.74,6.2
2026-04-09 05:51:06,22.54,88.64,1012.45,14.43,37.38,6.16
2026-04-09 06:01:06,22.87,89.05,1013.08,14.89,37.53,6.21
2026-04-09 06:11:06,23.01,89.48,1010.66,14.78,37.15,6.22
2026-04-09 06:21:06,23.05,87.77,1008.22,14.49,37.76,6.21
2026-04-09 06:31:06,23.04,87.75,1014.14,14.86,37.49,6.18
2026-04-09 06:41:06,22.98,87.31,1009.44,14.92,37.91,6.2
2026-04-09 06:51:06,23.56,88.14,1009.11,15.19,37.28,6.28
2026-04-09 07:01:06,23.51,87.6,1011.21,15.13,36.73,6.21
2026-04-09 07:11:06,23.6,88.13,1012.71,15.52,38.98,6.2
2026-04-09 07:21:06,23.91,87.15,1011.23,15.41,38.29,6.22
2026-04-09 07:31:06,23.71,86.87,1013.14,15.99,36.64,6.2
2026-04-09 07:41:06,24.31,87.28,1011.88,15.83,37.68,6.23
2026-04-09 07:51:06,24.44,87.0,1011.2,15.97,37.58,6.23
2026-04-09 08:01:06,24.47,87.73,1009.81,15.74,37.1,6.21
2026-04-09 08:11:06,24.12,87.06,1015.12,16.21,37.77,6.22
2026-04-09 08:21:06,24.72,87.46,1011.47,16.06,37.45,6.17
2026-04-09 08:31:06,24.77,85.84,1010.22,16.58,38.05,6.19
2026-04-09 08:41:06,25.13,86.31,1012.47,16.33,37.5,6.21
2026-04-09 08:51:06,24.97,86.95,1013.47,16.59,37.48,6.19
2026-04-09 09:01:06,25.98,85.9,1011.87,16.88,37.64,6.19
2026-04-09 09:11:06,24.96,85.7,1012.06,17.32,38.0,6.21
2026-04-09 09:21:06,25.35,85.75,1010.55,17.65,37.56,6.21
2026-04-09 09:31:06,25.87,85.8,1010.64,17.45,38.08,6.19
2026-04-09 09:41:06,25.58,85.53,1011.13,17.69,37.9,6.2
2026-04-09 09:51:06,25.84,86.63,1012.72,18.26,37.49,6.18
2026-04-09 10:01:06,26.12,85.11,1011.14,18.04,38.08,6.22
2026-04-09 10:11:06,26.93,84.91,1011.4,18.28,36.82,6.2
2026-04-09 10:21:06,26.5,84.65,1010.76,18.49,37.26,6.23
2026-04-09 10:31:06,26.57,85.12,1009.73,18.85,37.19,6.18
2026-04-09 10:41:06,26.74,85.58,1010.76,18.75,36.78,6.19
2026-04-09 10:51:06,26.71,84.29,1012.3,18.84,37.32,6.18
2026-04-09 11:01:06,26.59,84.64,1012.39,18.99,37.71,6.2
2026-04-09 11:11:06,27.03,84.93,1009.88,19.3,37.83,6.17
2026-04-09 11:21:06,27.38,85.37,1011.37,19.27,37.38,6.2
2026-04-09 11:31:06,27.04,84.0,1012.11,19.85,37.84,6.16
2026-04-09 11:41:06,26.95,84.85,1010.6,19.67,37.38,6.24
2026-04-09 11:51:06,27.4,84.38,1010.18,19.88,36.5,6.22
2026-04-09 12:01:06,27.03,84.0,1012.47,20.07,37.75,6.19
2026-04-09 12:11:06,28.0,85.41,1013.35,20.08,37.09,6.23
2026-04-09 12:21:06,27.51,84.99,1011.56,20.15,38.09,6.22
2026-04-09 12:31:06,27.64,84.57,1010.61,20.4,37.26,6.18
2026-04-09 12:41:06,28.0,85.69,1011.3,20.89,37.31,6.21
2026-04-09 12:51:06,28.0,84.0,1013.03,20.51,38.07,6.21
2026-04-09 13:01:06,27.76,84.0,1012.96,21.09,36.78,6.2
2026-04-09 13:11:06,28.0,84.0,1010.94,21.38,37.95,6.2
2026-04-09 13:21:06,27.9,84.0,1010.53,21.09,36.24,6.21
2026-04-09 13:31:06,27.82,84.14,1011.83,21.24,37.3,6.21
2026-04-09 13:41:06,27.43,84.03,1012.76,20.99,37.55,6.18
2026-04-09 13:51:06,28.0,84.09,1009.98,21.29,37.22,6.15
2026-04-09 14:01:06,27.68,84.17,1008.76,21.92,37.42,6.2
2026-04-09 14:11:06,27.93,84.0,1011.12,21.42,36.78,6.18
2026-04-09 14:21:06,28.0,84.03,1012.86,21.28,36.27,6.21
2026-04-09 14:31:06,28.0,84.45,1013.12,21.45,37.96,6.2
2026-04-09 14:41:06,28.0,84.0,1013.13,21.91,36.94,6.18
2026-04-09 14:51:06,27.38,84.0,1012.13,21.72,37.63,6.21
2026-04-09 15:01:06,28.0,84.45,1011.63,22.13,37.39,6.2
2026-04-09 15:11:06,27.42,84.0,1011.99,22.02,37.27,6.22
2026-04-09 15:21:06,27.54,84.0,1008.79,21.85,37.6,6.23
2026-04-09 15:31:06,27.99,84.41,1011.52,21.74,37.04,6.17
2026-04-09 15:41:06,28.0,84.0,1012.49,21.87,37.22,6.2
2026-04-09 15:51:06,28.0,84.86,1012.08,22.1,37.3,6.18
2026-04-09 16:01:06,27.75,84.06,1011.24,22.15,37.67,6.2
2026-04-09 16:11:06,27.08,84.77,1010.93,22.14,36.55,6.21
2026-04-09 16:21:06,27.61,84.66,1011.67,22.14,37.78,6.18
2026-04-09 16:31:06,26.93,84.0,1012.86,21.78,36.89,6.21
2026-04-09 16:41:06,27.21,84.0,1012.9,22.07,37.35,6.19
2026-04-09 16:51:06,26.91,84.87,1013.78,21.9,37.37,6.2
2026-04-09 17:01:06,27.28,85.38,1011.52,22.02,38.28,6.19
2026-04-09 17:11:06,26.75,84.81,1012.23,22.25,37.3,6.18
2026-04-09 17:21:06,26.65,84.22,1011.06,21.87,38.53,6.18
2026-04-09 17:31:06,26.09,85.3,1015.28,21.66,37.19,6.19
2026-04-09 17:41:06,27.09,85.54,1014.57,21.56,37.49,6.2
2026-04-09 17:51:06,26.37,85.92,1008.2,21.62,36.82,6.19
2026-04-09 18:01:06,26.06,84.83,1011.63,21.53,37.52,6.24
2026-04-09 18:11:06,26.15,85.17,1011.99,21.19,37.55,6.19
2026-04-09 18:21:06,26.17,85.1,1013.19,20.92,37.6,6.22
2026-04-09 18:31:06,26.13,85.76,1012.6,20.93,37.57,6.22
2026-04-09 18:41:06,25.7,85.61,1012.55,21.04,36.08,6.21
2026-04-09 18:51:06,25.64,86.05,1015.7,21.08,37.93,6.21
2026-04-09 19:01:06,25.56,85.95,1009.12,20.35,36.8,6.2
2026-04-09 19:11:06,25.17,86.31,1011.54,20.61,36.97,6.19
2026-04-09 19:21:06,25.54,87.06,1014.43,20.52,37.41,6.2
2026-04-09 19:31:06,24.62,86.27,1010.73,20.61,36.99,6.16
2026-04-09 19:41:06,24.61,86.86,1011.98,19.92,37.16,6.17
2026-04-09 19:51:06,24.63,86.96,1014.03,20.52,37.11,6.2
2026-04-09 20:01:06,25.03,87.38,1013.36,20.2,37.48,6.22
2026-04-09 20:11:06,24.76,87.49,1012.68,19.73,36.74,6.19
2026-04-09 20:21:06,24.4,87.41,1011.77,19.58,37.34,6.22
2026-04-09 20:31:06,24.11,87.78,1010.09,19.26,38.24,6.21
2026-04-09 20:41:06,24.05,87.39,1012.91,19.19,36.24,6.18
2026-04-09 20:51:06,24.32,86.62,1009.72,19.35,37.51,6.19
2026-04-09 21:01:06,23.54,87.39,1013.04,19.16,36.81,6.19
2026-04-09 21:11:06,23.82,87.41,1011.35,18.56,37.14,6.2
2026-04-09 21:21:06,22.8,88.41,1011.83,18.74,37.33,6.2
2026-04-09 21:31:06,23.1,87.88,1010.22,18.43,37.1,6.18
2026-04-09 21:41:06,23.15,88.81,1014.1,18.19,36.91,6.18
2026-04-09 21:51:06,23.01,88.45,1013.62,18.22,36.94,6.18
2026-04-09 22:01:06,22.64,87.94,1010.63,17.88,37.22,6.18
2026-04-09 22:11:06,22.28,89.03,1010.31,17.65,37.43,6.22
2026-04-09 22:21:06,22.56,89.32,1014.16,17.71,36.75,6.17
2026-04-09 22:31:06,22.45,88.57,1008.91,17.61,37.89,6.21
2026-04-09 22:41:06,22.1,89.51,1012.18,17.1,37.69,6.23
2026-04-09 22:51:06,22.05,89.37,1013.79,16.82,37.2,6.19
2026-04-09 23:01:06,22.22,88.92,1009.69,16.79,37.02,6.18
2026-04-09 23:11:06,22.08,89.08,1012.19,16.71,35.74,6.19
2026-04-09 23:21:06,21.86,89.33,1010.72,16.64,38.07,6.19
2026-04-09 23:31:06,21.81,90.0,1011.39,16.87,37.58,6.19
2026-04-09 23:41:06,22.01,89.48,1013.32,16.45,38.47,6.2
2026-04-09 23:51:06,21.64,89.1,1013.9,16.12,37.79,6.16
2026-04-10 00:01:06,21.3,89.48,1013.99,16.22,36.19,6.19
2026-04-10 00:11:06,21.21,89.66,1012.96,16.06,37.52,6.19
2026-04-10 00:21:06,21.0,89.8,1011.44,15.82,37.4,6.21
2026-04-10 00:31:06,21.53,90.0,1012.61,15.63,36.46,6.2
2026-04-10 00:41:06,21.08,90.0,1013.03,15.3,37.84,6.21
2026-04-10 00:51:06,21.0,89.1,1008.76,15.3,37.09,6.18
2026-04-10 01:01:06,21.29,89.68,1013.69,15.06,36.85,6.22
2026-04-10 01:11:06,21.0,89.71,1010.39,15.26,37.53,6.17
2026-04-10 01:21:06,21.0,90.0,1011.18,14.7,37.89,6.15
2026-04-10 01:31:06,21.14,90.0,1008.65,14.55,37.13,6.2
2026-04-10 01:41:06,21.0,90.0,1013.72,14.64,37.09,6.17
2026-04-10 01:51:06,21.31,90.0,1012.96,14.44,36.47,6.17
2026-04-10 02:01:06,21.0,90.0,1010.88,14.65,37.5,6.18
2026-04-10 02:11:06,21.61,89.9,1008.34,14.45,36.83,6.22
2026-04-10 02:21:06,21.0,89.11,1013.09,14.69,36.52,6.23
2026-04-10 02:31:06,21.0,89.81,1011.58,14.12,36.05,6.19
2026-04-10 02:41:06,21.04,89.31,1009.38,13.92,36.73,6.17
2026-04-10 02:51:06,21.45,89.75,1013.41,13.92,36.64,6.18
2026-04-10 03:01:06,21.38,89.57,1008.64,14.22,36.83,6.2
2026-04-10 03:11:06,21.17,90.0,1015.25,13.99,36.49,6.21
2026-04-10 03:21:06,21.51,89.61,1008.71,14.22,37.3,6.18
2026-04-10 03:31:06,21.0,89.66,1011.33,13.95,36.63,6.2
2026-04-10 03:41:06,21.97,89.87,1010.8,13.99,36.83,6.21
2026-04-10 03:51:06,21.06,89.38,1011.9,13.96,37.17,6.21
2026-04-10 04:01:06,21.29,90.0,1011.39,14.0,36.63,6.18
2026-04-10 04:11:06,21.74,88.81,1010.28,13.79,36.63,6.2
2026-04-10 04:21:06,21.81,89.12,1012.2,14.13,36.72,6.2
2026-04-10 04:31:06,21.84,88.79,1011.04,14.05,36.45,6.23
2026-04-10 04:41:06,21.99,88.51,1010.35,13.85,36.59,6.22
2026-04-10 04:51:06,22.02,89.43,1011.8,14.0,36.46,6.21
2026-04-10 05:01:06,22.52,88.52,1010.33,14.3,37.02,6.15
2026-04-10 05:11:06,22.06,89.31,1012.85,14.23,36.36,6.22
2026-04-10 05:21:06,23.29,89.88,1013.36,14.69,37.11,6.21
2026-04-10 05:31:06,22.39,89.32,1011.45,14.4,37.13,6.22
2026-04-10 05:41:06,22.44,88.24,1010.32,14.09,36.65,6.21
2026-04-10 05:51:06,22.84,88.11,1012.39,14.68,36.62,6.23
2026-04-10 06:01:06,22.86,88.39,1014.62,14.75,37.15,6.22
2026-04-10 06:11:06,23.23,88.61,1010.7,14.52,36.49,6.2
2026-04-10 06:21:06,22.8,88.12,1010.8,14.39,35.86,6.18
2026-04-10 06:31:06,23.5,88.59,1012.11,15.03,37.04,6.17
2026-04-10 06:41:06,23.6,87.62,1010.99,14.57,37.17,6.19
2026-04-10 06:51:06,23.26,87.86,1013.93,15.41,37.67,6.23
2026-04-10 07:01:06,23.68,86.44,1009.0,14.96,37.01,6.22
2026-04-10 07:11:06,23.69,88.35,1012.4,15.58,36.19,6.18
2026-04-10 07:21:06,23.77,88.19,1013.27,15.47,37.6,6.23
2026-04-10 07:31:06,24.29,88.63,1011.12,15.67,36.68,6.21
2026-04-10 07:41:06,24.44,88.48,1013.87,15.7,36.94,6.17
2026-04-10 07:51:06,24.24,87.33,1014.08,15.8,37.19,6.2
2026-04-10 08:01:06,24.43,88.02,1012.28,16.24,36.0,6.21
2026-04-10 08:11:06,24.42,86.27,1016.01,15.98,36.66,6.21
2026-04-10 08:21:06,24.34,86.78,1013.51,16.29,36.59,6.22
2026-04-10 08:31:06,24.49,86.34,1011.58,16.56,36.96,6.16
2026-04-10 08:41:06,25.3,86.18,1010.78,16.64,37.69,6.22
2026-04-10 08:51:06,24.47,86.47,1014.94,17.1,37.43,6.18
2026-04-10 09:01:06,25.29,86.06,1013.17,16.74,37.17,6.21
2026-04-10 09:11:06,25.11,86.81,1009.73,17.09,37.17,6.22
2026-04-10 09:21:06,25.74,85.11,1014.92,17.49,36.68,6.22
2026-04-10 09:31:06,26.33,86.38,1012.68,17.46,36.12,6.2
2026-04-10 09:41:06,25.99,85.5,1013.74,17.54,37.14,6.21
2026-04-10 09:51:06,26.39,85.62,1012.49,17.9,36.1,6.21
2026-04-10 10:01:06,26.21,85.64,1013.36,17.69,36.92,6.2
2026-04-10 10:11:06,26.27,85.5,1012.08,18.24,36.59,6.19
2026-04-10 10:21:06,26.32,85.42,1013.17,18.38,36.18,6.17
2026-04-10 10:31:06,27.09,85.39,1009.38,18.93,36.71,6.19
2026-04-10 10:41:06,26.5,84.53,1012.7,18.7,37.07,6.16
2026-04-10 10:51:06,26.35,85.77,1011.39,18.57,38.12,6.2
2026-04-10 11:01:06,27.57,85.38,1012.82,19.16,37.56,6.19
2026-04-10 11:11:06,27.05,84.35,1011.01,18.96,37.38,6.18
2026-04-10 11:21:06,26.97,84.81,1014.44,19.35,36.99,6.21
2026-04-10 11:31:06,27.0,84.09,1015.48,19.66,36.45,6.2
2026-04-10 11:41:06,27.78,84.66,1011.42,20.03,36.58,6.18
2026-04-10 11:51:06,27.44,84.42,1012.65,19.77,36.46,6.22
2026-04-10 12:01:06,27.88,84.48,1011.74,20.05,36.55,6.19
2026-04-10 12:11:06,27.93,84.16,1012.22,20.13,37.48,6.19
2026-04-10 12:21:06,27.2,84.0,1012.4,20.55,36.68,6.19
2026-04-10 12:31:06,27.74,84.55,1011.78,20.66,37.47,6.21
2026-04-10 12:41:06,27.59,85.17,1010.38,20.27,36.71,6.2
2026-04-10 12:51:06,27.89,84.0,1010.95,20.93,36.83,6.2
2026-04-10 13:01:06,28.0,84.42,1009.39,20.79,36.85,6.24
2026-04-10 13:11:06,27.72,84.0,1013.35,21.14,36.39,6.19
2026-04-10 13:21:06,27.82,84.26,1013.22,20.83,37.19,6.2
2026-04-10 13:31:06,27.82,84.64,1014.17,21.2,36.16,6.21
2026-04-10 13:41:06,28.0,84.0,1012.18,21.32,36.42,6.21
2026-04-10 13:51:06,28.0,84.0,1009.72,21.37,36.71,6.19
2026-04-10 14:01:06,27.49,84.5,1009.5,21.29,36.27,6.2
2026-04-10 14:11:06,28.0,84.0,1009.61,21.83,36.2,6.16
2026-04-10 14:21:06,27.47,84.66,1011.22,21.88,36.58,6.19
2026-04-10 14:31:06,28.0,84.4,1011.42,21.75,37.4,6.17
2026-04-10 14:41:06,28.0,84.56,1013.19,21.92,37.07,6.22
2026-04-10 14:51:06,27.52,84.0,1012.24,22.03,37.08,6.21
2026-04-10 15:01:06,27.94,84.93,1013.36,22.1,37.37,6.22
2026-04-10 15:11:06,27.63,84.0,1011.48,21.9,36.14,6.21
2026-04-10 15:21:06,27.74,84.84,1011.94,21.83,37.27,6.19
2026-04-10 15:31:06,27.89,84.2,1011.59,21.98,37.44,6.22
2026-04-10 15:41:06,27.45,84.51,1009.42,22.3,36.38,6.19
2026-04-10 15:51:06,27.53,84.1,1012.55,22.12,36.82,6.21
2026-04-10 16:01:06,27.65,84.19,1010.16,22.34,37.61,6.23
2026-04-10 16:11:06,27.61,84.72,1011.71,22.0,36.82,6.19
2026-04-10 16:21:06,27.36,84.12,1009.59,21.81,37.09,6.19
2026-04-10 16:31:06,27.16,84.94,1013.2,21.59,36.63,6.18
2026-04-10 16:41:06,27.45,84.49,1014.87,21.94,37.15,6.23
2026-04-10 16:51:06,27.12,84.94,1013.37,21.87,36.61,6.2
2026-04-10 17:01:06,27.0,85.81,1010.16,22.14,36.43,6.18
2026-04-10 17:11:06,27.07,84.09,1012.6,21.79,36.66,6.21
2026-04-10 17:21:06,27.15,84.84,1012.24,21.45,36.33,6.17
2026-04-10 17:31:06,26.8,85.25,1011.13,21.71,36.29,6.23
2026-04-10 17:41:06,26.66,85.52,1011.36,21.56,36.58,6.2
2026-04-10 17:51:06,26.27,85.65,1012.83,21.73,36.22,6.21
2026-04-10 18:01:06,26.35,85.39,1012.94,21.69,36.06,6.18
2026-04-10 18:11:06,25.97,85.49,1011.09,21.52,36.54,6.18
2026-04-10 18:21:06,26.44,84.9,1012.83,21.36,36.86,6.24
2026-04-10 18:31:06,26.21,85.75,1012.18,21.3,37.05,6.21
2026-04-10 18:41:06,25.46,85.68,1012.9,21.33,36.35,6.19
2026-04-10 18:51:06,25.09,86.11,1012.7,20.63,36.83,6.18
2026-04-10 19:01:06,25.28,86.07,1011.77,21.27,36.73,6.17
2026-04-10 19:11:06,25.31,86.18,1011.71,20.63,36.29,6.24
2026-04-10 19:21:06,25.53,86.5,1012.38,20.46,37.35,6.22
2026-04-10 19:31:06,25.49,87.05,1010.07,20.76,36.18,6.19
2026-04-10 19:41:06,25.15,87.09,1010.64,20.67,36.8,6.2
2026-04-10 19:51:06,24.48,86.23,1010.27,20.24,37.11,6.21
2026-04-10 20:01:06,23.9,86.69,1013.51,20.14,36.22,6.2
2026-04-10 20:11:06,24.71,88.96,1010.62,19.88,36.6,6.21
2026-04-10 20:21:06,24.23,87.22,1013.64,19.63,37.33,6.2
2026-04-10 20:31:06,23.81,87.58,1011.76,19.39,37.39,6.2
2026-04-10 20:41:06,23.87,87.55,1010.18,19.33,36.45,6.21
2026-04-10 20:51:06,23.82,87.41,1011.74,19.04,36.79,6.18
2026-04-10 21:01:06,23.86,87.46,1012.38,18.81,36.57,6.19
2026-04-10 21:11:06,23.6,88.03,1015.9,18.91,36.04,6.21
2026-04-10 21:21:06,22.86,89.72,1013.39,18.54,35.62,6.19
2026-04-10 21:31:06,23.11,88.44,1012.61,18.32,36.49,6.19
2026-04-10 21:41:06,22.82,88.58,1015.83,18.32,37.07,6.2
2026-04-10 21:51:06,22.65,88.02,1011.62,18.08,35.53,6.17
2026-04-10 22:01:06,22.48,88.12,1012.16,18.13,36.17,6.23
2026-04-10 22:11:06,22.88,88.87,1011.39,17.99,36.93,6.17
2026-04-10 22:21:06,22.48,88.78,1014.79,17.61,37.37,6.19
2026-04-10 22:31:06,22.23,89.04,1013.09,17.63,36.54,6.19
2026-04-10 22:41:06,22.1,88.46,1012.28,17.11,35.49,6.21
2026-04-10 22:51:06,21.53,89.52,1013.52,16.92,36.38,6.21
2026-04-10 23:01:06,21.75,89.61,1011.52,17.33,36.21,6.18
2026-04-10 23:11:06,22.02,89.16,1012.29,16.61,37.88,6.17
2026-04-10 23:21:06,22.06,88.97,1009.52,16.66,35.75,6.19
2026-04-10 23:31:06,21.95,89.52,1013.06,16.49,36.58,6.18
2026-04-10 23:41:06,21.45,89.91,1012.48,15.91,36.42,6.21
2026-04-10 23:51:06,21.68,89.81,1010.55,16.16,35.52,6.18
2026-04-11 00:01:06,21.93,89.58,1011.43,15.95,36.04,6.2
2026-04-11 00:11:06,21.62,90.0,1010.61,15.7,35.34,6.2
2026-04-11 00:21:06,21.66,90.0,1013.06,15.71,36.63,6.15
2026-04-11 00:31:06,21.16,90.0,1013.28,15.46,36.47,6.22
2026-04-11 00:41:06,21.37,89.81,1013.22,15.51,36.04,6.19
2026-04-11 00:51:06,21.4,89.48,1009.15,15.41,36.55,6.18
2026-04-11 01:01:06,21.16,89.57,1013.24,15.3,35.26,6.22
2026-04-11 01:11:06,21.0,89.71,1011.32,14.84,36.38,6.22
2026-04-11 01:21:06,21.16,90.0,1009.12,14.93,36.94,6.19
2026-04-11 01:31:06,21.25,90.0,1008.78,14.58,36.63,6.21
2026-04-11 01:41:06,21.0,90.0,1010.95,14.96,36.39,6.19
2026-04-11 01:51:06,21.0,90.0,1010.94,14.55,37.4,6.22
2026-04-11 02:01:06,21.0,90.0,1011.04,14.62,36.48,6.2
2026-04-11 02:11:06,21.03,90.0,1010.49,14.09,36.67,6.18
2026-04-11 02:21:06,21.36,89.68,1014.74,14.26,35.97,6.2
2026-04-11 02:31:06,21.0,90.0,1013.93,14.06,36.24,6.18
2026-04-11 02:41:06,21.0,89.74,1011.17,14.39,36.26,6.2
2026-04-11 02:51:06,21.03,90.0,1010.78,13.81,36.45,6.22
2026-04-11 03:01:06,21.1,89.81,1012.26,13.87,36.27,6.21
2026-04-11 03:11:06,21.0,89.52,1011.86,13.94,35.81,6.2
2026-04-11 03:21:06,21.4,89.6,1013.94,14.07,35.99,6.23
2026-04-11 03:31:06,21.0,89.94,1012.99,14.26,35.65,6.21
2026-04-11 03:41:06,22.07,89.92,1012.68,13.98,36.13,6.2
2026-04-11 03:51:06,21.71,89.39,1010.98,13.68,36.94,6.2
2026-04-11 04:01:06,21.65,89.51,1010.83,14.3,35.46,6.17
2026-04-11 04:11:06,21.81,89.79,1013.88,14.16,35.86,6.18
2026-04-11 04:21:06,21.56,89.14,1013.2,13.97,35.71,6.2
2026-04-11 04:31:06,22.4,89.04,1011.42,13.98,36.02,6.18
2026-04-11 04:41:06,22.01,87.99,1015.24,13.99,35.74,6.23
2026-04-11 04:51:06,21.53,88.88,1012.69,13.89,37.38,6.2
2026-04-11 05:01:06,21.9,89.15,1011.22,13.91,36.76,6.19
2026-04-11 05:11:06,22.94,88.73,1011.87,14.05,35.72,6.23
2026-04-11 05:21:06,22.26,88.93,1011.45,13.95,36.29,6.19
2026-04-11 05:31:06,23.02,88.16,1012.46,14.4,36.95,6.2
2026-04-11 05:41:06,22.14,89.04,1012.86,14.59,36.95,6.19
2026-04-11 05:51:06,22.45,88.6,1011.25,14.76,35.13,6.21
2026-04-11 06:01:06,22.76,88.41,1010.96,14.33,35.09,6.22
2026-04-11 06:11:06,22.9,87.99,1011.14,14.62,36.57,6.21
2026-04-11 06:21:06,23.28,88.16,1012.31,14.8,35.76,6.16
2026-04-11 06:31:06,23.0,88.35,1010.69,15.1,36.67,6.2
2026-04-11 06:41:06,23.11,88.43,1013.15,15.05,36.37,6.2
2026-04-11 06:51:06,23.48,88.11,1012.35,14.89,36.23,6.2
2026-04-11 07:01:06,23.4,87.85,1013.29,15.13,35.5,6.21
2026-04-11 07:11:06,23.75,87.35,1013.48,15.57,36.39,6.22
2026-04-11 07:21:06,24.47,87.44,1013.05,15.18,36.15,6.18
2026-04-11 07:31:06,24.56,86.88,1012.75,15.33,36.41,6.19
2026-04-11 07:41:06,24.59,87.18,1014.28,15.27,36.36,6.19
2026-04-11 07:51:06,23.82,86.27,1013.45,15.81,35.98,6.18
2026-04-11 08:01:06,24.5,86.48,1011.52,16.29,36.28,6.17
2026-04-11 08:11:06,24.52,87.29,1011.96,16.09,36.12,6.23
2026-04-11 08:21:06,24.67,86.17,1013.09,16.36,35.39,6.18
2026-04-11 08:31:06,25.2,86.46,1016.1,16.54,35.88,6.19
2026-04-11 08:41:06,25.38,86.08,1014.41,16.39,35.86,6.19
2026-04-11 08:51:06,24.95,86.83,1011.3,17.05,35.93,6.22
2026-04-11 09:01:06,25.8,85.09,1007.58,17.16,36.24,6.21
2026-04-11 09:11:06,25.88,86.33,1013.08,17.41,36.42,6.19
2026-04-11 09:21:06,25.61,85.77,1013.85,17.02,35.93,6.16
2026-04-11 09:31:06,25.89,85.72,1013.08,18.13,35.93,6.2
2026-04-11 09:41:06,26.46,86.03,1011.55,18.0,36.91,6.18
2026-04-11 09:51:06,26.7,85.48,1010.72,18.52,36.12,6.21
2026-04-11 10:01:06,25.95,86.65,1008.79,17.99,36.93,6.2
2026-04-11 10:11:06,26.51,85.93,1011.61,17.9,36.31,6.22
2026-04-11 10:21:06,26.77,84.71,1012.49,18.1,36.26,6.21
2026-04-11 10:31:06,26.49,85.81,1012.13,18.57,36.4,6.21
2026-04-11 10:41:06,26.63,85.21,1011.38,18.88,35.77,6.18
2026-04-11 10:51:06,27.28,84.46,1012.06,18.84,36.16,6.24
2026-04-11 11:01:06,26.8,84.33,1011.17,18.79,35.94,6.19
2026-04-11 11:11:06,26.83,85.62,1012.2,19.64,36.11,6.19
2026-04-11 11:21:06,27.1,84.42,1011.26,19.26,34.79,6.22
2026-04-11 11:31:06,27.37,84.73,1014.1,19.75,35.83,6.2
2026-04-11 11:41:06,27.81,84.65,1012.66,19.93,35.72,6.19
2026-04-11 11:51:06,27.57,84.84,1010.94,19.79,35.86,6.21
2026-04-11 12:01:06,28.0,84.25,1008.99,20.21,36.62,6.2
2026-04-11 12:11:06,27.2,84.19,1011.11,20.21,36.3,6.21
2026-04-11 12:21:06,27.47,84.99,1011.57,20.38,35.97,6.16
2026-04-11 12:31:06,27.69,84.87,1012.28,20.49,36.28,6.19
2026-04-11 12:41:06,27.22,84.91,1012.44,20.67,36.18,6.2
2026-04-11 12:51:06,28.0,84.27,1011.5,20.63,35.81,6.19
2026-04-11 13:01:06,28.0,84.0,1010.62,20.89,35.47,6.2
2026-04-11 13:11:06,27.77,84.53,1013.55,20.85,36.29,6.19
2026-04-11 13:21:06,27.72,84.0,1013.15,21.25,36.06,6.24
2026-04-11 13:31:06,28.0,84.0,1012.03,21.17,35.33,6.18
2026-04-11 13:41:06,27.61,84.14,1011.35,21.16,35.24,6.18
2026-04-11 13:51:06,28.0,84.0,1011.56,21.21,36.02,6.19
2026-04-11 14:01:06,27.99,84.58,1011.23,21.61,36.54,6.23
2026-04-11 14:11:06,28.0,84.09,1012.43,21.65,36.25,6.19
2026-04-11 14:21:06,28.0,84.0,1012.05,21.43,35.68,6.18
2026-04-11 14:31:06,28.0,84.04,1010.67,21.91,36.43,6.24
2026-04-11 14:41:06,28.0,84.0,1011.81,21.88,35.58,6.18
2026-04-11 14:51:06,28.0,84.01,1014.45,21.88,35.79,6.2
2026-04-11 15:01:06,27.95,84.0,1011.75,22.04,35.51,6.25
2026-04-11 15:11:06,27.85,84.15,1014.19,22.03,36.14,6.23
2026-04-11 15:21:06,28.0,84.2,1010.33,22.16,35.02,6.2
2026-04-11 15:31:06,27.32,84.01,1008.76,22.19,35.7,6.17
2026-04-11 15:41:06,28.0,84.63,1013.52,22.11,35.21,6.17
2026-04-11 15:51:06,27.61,84.56,1012.31,21.94,36.48,6.19
2026-04-11 16:01:06,27.39,84.48,1012.33,21.93,35.94,6.17
2026-04-11 16:11:06,27.33,85.08,1014.92,22.18,35.69,6.2
2026-04-11 16:21:06,27.5,84.44,1012.21,21.82,35.5,6.2
2026-04-11 16:31:06,26.92,84.52,1010.99,21.81,36.49,6.21
2026-04-11 16:41:06,26.4,84.64,1012.47,22.02,36.34,6.22
2026-04-11 16:51:06,26.74,85.35,1012.13,22.14,35.38,6.2
2026-04-11 17:01:06,26.43,85.48,1010.7,22.12,35.82,6.17
2026-04-11 17:11:06,27.17,85.34,1010.41,21.67,35.47,6.23
2026-04-11 17:21:06,26.59,85.24,1012.01,21.87,36.01,6.18
2026-04-11 17:31:06,26.41,85.23,1011.37,21.98,36.03,6.26
2026-04-11 17:41:06,26.25,85.54,1013.69,21.68,35.31,6.16
2026-04-11 17:51:06,26.53,85.25,1010.19,21.72,36.05,6.2
2026-04-11 18:01:06,26.13,85.61,1012.69,21.53,35.95,6.2
2026-04-11 18:11:06,25.9,86.25,1011.73,21.45,35.34,6.21
2026-04-11 18:21:06,25.85,85.86,1014.63,21.45,36.28,6.18
2026-04-11 18:31:06,25.7,85.06,1012.91,21.73,35.71,6.19
2026-04-11 18:41:06,25.15,85.7,1010.7,20.65,36.04,6.2
2026-04-11 18:51:06,25.82,85.47,1010.95,21.02,35.17,6.2
2026-04-11 19:01:06,25.12,86.1,1014.6,21.05,35.45,6.22
2026-04-11 19:11:06,25.64,86.25,1014.27,20.77,37.07,6.25
2026-04-11 19:21:06,25.09,86.47,1015.73,20.57,35.78,6.21
2026-04-11 19:31:06,24.75,86.94,1012.15,20.44,35.46,6.16
2026-04-11 19:41:06,25.07,86.79,1012.63,20.44,35.79,6.19
2026-04-11 19:51:06,24.76,86.92,1014.79,19.83,34.36,6.22
2026-04-11 20:01:06,24.34,87.64,1011.09,20.22,36.1,6.17
2026-04-11 20:11:06,24.46,87.3,1013.6,19.91,36.22,6.19
2026-04-11 20:21:06,23.89,87.4,1013.48,19.66,37.3,6.2
2026-04-11 20:31:06,23.83,88.29,1014.45,19.64,35.49,6.23
2026-04-11 20:41:06,24.02,86.76,1012.31,19.1,37.05,6.2
2026-04-11 20:51:06,24.02,87.87,1012.55,19.25,36.38,6.22
2026-04-11 21:01:06,23.15,86.85,1010.0,19.34,36.79,6.19
2026-04-11 21:11:06,23.1,89.68,1011.22,18.79,36.07,6.16
2026-04-11 21:21:06,22.8,88.12,1010.13,19.11,35.91,6.19
2026-04-11 21:31:06,23.26,88.73,1012.08,18.11,36.82,6.23
2026-04-11 21:41:06,22.97,88.1,1009.2,18.55,35.75,6.17
2026-04-11 21:51:06,22.79,88.19,1012.23,17.71,35.65,6.18
2026-04-11 22:01:06,23.06,88.45,1014.38,17.74,35.46,6.19
2026-04-11 22:11:06,22.59,89.13,1013.2,17.69,35.79,6.22
2026-04-11 22:21:06,22.47,87.33,1010.36,17.63,35.4,6.21
2026-04-11 22:31:06,22.35,88.97,1009.21,17.36,35.21,6.2
2026-04-11 22:41:06,22.07,88.9,1011.44,17.64,35.33,6.21
2026-04-11 22:51:06,22.83,88.88,1013.7,17.04,35.42,6.18
2026-04-11 23:01:06,21.59,88.79,1009.02,17.28,35.96,6.19
2026-04-11 23:11:06,21.7,89.9,1013.35,16.58,35.54,6.22
2026-04-11 23:21:06,21.78,90.0,1010.51,16.79,34.83,6.21
2026-04-11 23:31:06,21.55,89.49,1010.84,16.56,35.52,6.17
2026-04-11 23:41:06,21.79,89.99,1010.17,16.14,35.16,6.22
2026-04-11 23:51:06,21.62,89.89,1010.98,15.85,36.54,6.18
2026-04-12 00:01:06,22.02,89.76,1013.49,15.95,36.19,6.2
2026-04-12 00:11:06,21.6,89.79,1013.96,15.8,35.56,6.19
2026-04-12 00:21:06,21.59,90.0,1013.22,15.48,36.14,6.19
2026-04-12 00:31:06,21.41,89.34,1012.4,15.6,35.11,6.2
2026-04-12 00:41:06,21.33,89.42,1008.96,15.24,35.48,6.19
2026-04-12 00:51:06,21.0,89.75,1010.65,15.16,35.74,6.22
2026-04-12 01:01:06,21.03,90.0,1009.07,15.06,35.23,6.21
2026-04-12 01:11:06,21.0,90.0,1012.22,15.16,36.01,6.21
2026-04-12 01:21:06,21.4,89.71,1010.75,14.78,35.29,6.18
2026-04-12 01:31:06,21.15,90.0,1011.64,14.91,35.03,6.2
2026-04-12 01:41:06,21.41,90.0,1012.56,14.93,34.7,6.22
2026-04-12 01:51:06,21.0,89.92,1008.79,14.53,35.17,6.2
2026-04-12 02:01:06,21.02,90.0,1012.28,14.33,35.97,6.22
2026-04-12 02:11:06,21.34,90.0,1013.9,14.4,35.62,6.19
2026-04-12 02:21:06,21.3,90.0,1008.52,14.31,36.38,6.19
2026-04-12 02:31:06,21.1,90.0,1011.56,14.21,36.15,6.23
2026-04-12 02:41:06,21.0,89.5,1012.71,14.02,35.27,6.2
2026-04-12 02:51:06,21.0,90.0,1009.63,13.68,35.79,6.18
2026-04-12 03:01:06,21.63,90.0,1010.23,14.19,35.06,6.21
2026-04-12 03:11:06,21.11,89.45,1011.92,13.96,35.84,6.19
2026-04-12 03:21:06,21.11,89.01,1010.58,13.76,35.26,6.24
2026-04-12 03:31:06,21.36,89.69,1014.54,13.69,35.92,6.21
2026-04-12 03:41:06,21.42,90.0,1015.35,13.82,35.96,6.25
2026-04-12 03:51:06,21.22,89.38,1012.97,13.97,35.22,6.2
2026-04-12 04:01:06,21.37,89.5,1015.25,14.13,35.46,6.16
2026-04-12 04:11:06,21.65,89.76,1010.72,14.17,35.89,6.21
2026-04-12 04:21:06,21.6,88.62,1013.73,14.19,35.2,6.18
2026-04-12 04:31:06,21.84,88.75,1009.45,14.09,34.72,6.19
2026-04-12 04:41:06,21.92,89.3,1013.6,13.84,35.52,6.19
2026-04-12 04:51:06,22.42,89.53,1013.48,14.02,35.84,6.19
2026-04-12 05:01:06,22.24,89.27,1015.53,14.09,35.27,6.18
2026-04-12 05:11:06,22.32,88.59,1012.62,14.23,35.4,6.18
2026-04-12 05:21:06,22.27,89.24,1012.72,14.49,35.77,6.21
2026-04-12 05:31:06,22.31,89.25,1012.07,14.14,35.2,6.21
2026-04-12 05:41:06,22.53,88.91,1012.73,14.38,34.56,6.2
2026-04-12 05:51:06,22.22,89.11,1011.37,14.42,34.83,6.19
2026-04-12 06:01:06,22.96,88.76,1008.13,14.59,35.91,6.22
2026-04-12 06:11:06,22.85,88.81,1011.98,14.65,35.03,6.19
2026-04-12 06:21:06,22.64,87.84,1012.52,14.8,35.49,6.19
2026-04-12 06:31:06,23.03,87.23,1012.2,14.68,35.48,6.22
2026-04-12 06:41:06,23.03,88.31,1011.37,14.95,35.58,6.18
2026-04-12 06:51:06,23.39,88.33,1012.6,15.11,35.38,6.19
2026-04-12 07:01:06,23.84,88.27,1011.7,15.28,34.94,6.19
2026-04-12 07:11:06,23.99,87.27,1012.03,15.16,36.22,6.19
2026-04-12 07:21:06,24.16,87.3,1013.17,15.04,36.32,6.19
2026-04-12 07:31:06,23.86,87.57,1011.99,15.86,35.87,6.2
2026-04-12 07:41:06,23.95,87.86,1013.28,15.98,35.4,6.19
2026-04-12 07:51:06,23.94,86.97,1011.39,15.81,35.13,6.2
2026-04-12 08:01:06,24.09,86.85,1012.85,16.1,35.11,6.17
2026-04-12 08:11:06,24.26,86.31,1012.97,16.26,35.27,6.22
2026-04-12 08:21:06,25.0,86.05,1012.69,16.18,35.32,6.21
2026-04-12 08:31:06,24.82,85.82,1011.02,16.31,35.01,6.22
2026-04-12 08:41:06,24.72,86.76,1013.59,16.5,35.4,6.2
2026-04-12 08:51:06,25.55,86.79,1011.58,16.59,35.16,6.21
2026-04-12 09:01:06,25.37,86.48,1010.59,17.02,35.45,6.21
2026-04-12 09:11:06,25.89,85.83,1011.67,17.01,35.56,6.2
2026-04-12 09:21:06,25.68,86.44,1013.76,17.44,34.72,6.21
2026-04-12 09:31:06,26.83,86.22,1011.23,17.6,35.14,6.21
2026-04-12 09:41:06,26.09,85.07,1011.87,17.65,36.19,6.26
2026-04-12 09:51:06,26.49,85.85,1013.02,17.94,35.6,6.21
2026-04-12 10:01:06,26.81,85.62,1010.13,18.1,35.86,6.18
2026-04-12 10:11:06,26.16,85.11,1013.97,18.35,35.33,6.23
2026-04-12 10:21:06,26.37,85.62,1012.06,18.42,35.47,6.21
2026-04-12 10:31:06,26.95,84.58,1012.29,18.76,35.54,6.19
2026-04-12 10:41:06,27.04,84.83,1013.21,19.02,35.05,6.19
2026-04-12 10:51:06,26.94,84.61,1010.2,19.2,35.3,6.19
2026-04-12 11:01:06,26.26,84.8,1011.11,18.99,35.13,6.19
2026-04-12 11:11:06,26.84,84.46,1012.04,19.54,34.85,6.17
2026-04-12 11:21:06,27.35,84.48,1009.34,19.58,34.58,6.2
2026-04-12 11:31:06,27.25,84.21,1012.28,19.59,35.16,6.15
2026-04-12 11:41:06,27.58,84.4,1013.81,19.99,35.3,6.2
2026-04-12 11:51:06,27.36,84.59,1012.9,19.98,35.94,6.15
2026-04-12 12:01:06,27.53,84.06,1010.67,19.82,34.16,6.21
2026-04-12 12:11:06,27.65,84.0,1012.54,20.21,35.22,6.19
2026-04-12 12:21:06,27.68,84.95,1013.49,20.56,35.25,6.22
2026-04-12 12:31:06,27.4,84.0,1012.31,19.99,34.91,6.21
2026-04-12 12:41:06,27.76,84.0,1013.74,20.59,34.69,6.18
2026-04-12 12:51:06,28.0,84.32,1011.63,20.55,35.13,6.23
2026-04-12 13:01:06,28.0,85.27,1010.87,20.72,36.28,6.18
2026-04-12 13:11:06,27.99,84.0,1014.36,21.0,35.78,6.17
2026-04-12 13:21:06,27.83,84.2,1009.43,21.31,35.58,6.19
2026-04-12 13:31:06,28.0,84.05,1009.76,21.31,35.12,6.18
2026-04-12 13:41:06,28.0,84.47,1011.62,21.12,34.91,6.2
2026-04-12 13:51:06,28.0,84.0,1010.65,21.44,34.95,6.2
2026-04-12 14:01:06,27.92,84.34,1012.57,21.33,36.08,6.17
2026-04-12 14:11:06,27.85,84.0,1012.71,21.21,35.44,6.2
2026-04-12 14:21:06,28.0,84.71,1012.67,21.75,35.21,6.25
2026-04-12 14:31:06,28.0,84.51,1011.26,21.6,35.57,6.21
2026-04-12 14:41:06,27.73,84.09,1013.57,21.84,36.05,6.22
2026-04-12 14:51:06,28.0,84.0,1012.89,21.73,34.94,6.23
2026-04-12 15:01:06,27.62,84.45,1011.05,21.64,35.43,6.23
2026-04-12 15:11:06,27.98,84.18,1012.61,21.63,35.02,6.21
2026-04-12 15:21:06,27.85,84.15,1011.81,21.44,34.76,6.21
2026-04-12 15:31:06,27.68,84.58,1013.93,21.68,34.89,6.23
2026-04-12 15:41:06,27.53,84.17,1010.56,22.09,35.23,6.19
2026-04-12 15:51:06,27.76,84.46,1011.8,21.82,35.73,6.18
2026-04-12 16:01:06,27.7,84.18,1014.82,21.88,34.87,6.18
2026-04-12 16:11:06,27.71,84.32,1013.03,21.79,35.11,6.17
2026-04-12 16:21:06,27.15,84.17,1009.52,21.6,35.6,6.18
2026-04-12 16:31:06,26.99,84.22,1009.1,21.88,34.93,6.2
2026-04-12 16:41:06,27.29,84.37,1012.37,22.04,34.95,6.19
2026-04-12 16:51:06,26.59,84.85,1011.11,22.0,35.73,6.18
2026-04-12 17:01:06,27.01,84.37,1009.6,21.93,35.74,6.19
2026-04-12 17:11:06,26.79,85.02,1009.29,21.83,35.01,6.19
2026-04-12 17:21:06,26.69,85.81,1013.16,21.92,35.54,6.2
2026-04-12 17:31:06,26.07,85.32,1011.46,21.72,34.3,6.16
2026-04-12 17:41:06,26.04,86.46,1013.31,21.5,35.51,6.15
2026-04-12 17:51:06,26.25,84.95,1013.15,21.65,34.37,6.18
2026-04-12 18:01:06,26.52,84.95,1012.94,21.29,34.94,6.24
2026-04-12 18:11:06,25.72,86.54,1013.72,21.24,34.43,6.2
2026-04-12 18:21:06,25.79,85.62,1010.7,21.11,34.45,6.22
2026-04-12 18:31:06,25.77,85.59,1012.96,21.11,34.75,6.22
2026-04-12 18:41:06,25.7,85.38,1013.97,21.23,35.66,6.21
2026-04-12 18:51:06,24.94,86.03,1008.85,20.75,35.19,6.17
2026-04-12 19:01:06,25.16,85.73,1012.92,20.46,35.39,6.17
2026-04-12 19:11:06,25.13,86.4,1013.72,20.94,34.99,6.21
2026-04-12 19:21:06,25.27,85.87,1012.89,20.6,35.0,6.22
2026-04-12 19:31:06,24.97,87.32,1010.94,20.13,35.43,6.2
2026-04-12 19:41:06,25.13,87.09,1010.68,20.47,34.35,6.2
2026-04-12 19:51:06,24.86,87.9,1013.25,19.89,35.51,6.14
2026-04-12 20:01:06,24.51,86.93,1009.98,20.0,35.19,6.19
2026-04-12 20:11:06,24.08,86.26,1011.27,19.98,35.15,6.22
2026-04-12 20:21:06,24.0,86.89,1013.23,20.09,35.58,6.18
2026-04-12 20:31:06,23.94,86.36,1013.49,19.48,34.89,6.19
2026-04-12 20:41:06,24.25,87.6,1010.7,19.39,35.43,6.17
2026-04-12 20:51:06,24.13,87.41,1011.07,19.51,35.23,6.19
2026-04-12 21:01:06,23.39,87.75,1013.36,18.52,35.68,6.17
2026-04-12 21:11:06,23.61,88.57,1012.23,19.11,35.35,6.19
2026-04-12 21:21:06,22.82,88.18,1010.89,18.53,35.22,6.2
2026-04-12 21:31:06,23.66,88.19,1012.68,18.47,35.16,6.18
2026-04-12 21:41:06,22.97,87.88,1010.72,18.6,34.77,6.17
2026-04-12 21:51:06,22.91,87.93,1010.29,18.21,34.96,6.19
2026-04-12 22:01:06,22.85,88.96,1014.47,17.83,34.87,6.23
2026-04-12 22:11:06,22.51,88.33,1011.74,17.89,34.52,6.2
2026-04-12 22:21:06,22.51,88.22,1010.94,17.75,35.68,6.16
2026-04-12 22:31:06,22.29,88.37,1012.74,17.75,35.03,6.22
2026-04-12 22:41:06,22.18,88.5,1012.63,17.26,34.56,6.2
2026-04-12 22:51:06,21.79,88.96,1009.16,16.97,35.68,6.24
2026-04-12 23:01:06,21.79,89.27,1013.62,16.93,35.04,6.2
2026-04-12 23:11:06,21.72,89.88,1012.06,16.79,35.12,6.19
2026-04-12 23:21:06,21.8,89.56,1009.35,16.77,35.47,6.21
2026-04-12 23:31:06,21.96,89.49,1011.12,16.27,34.08,6.2
2026-04-12 23:41:06,21.12,90.0,1013.19,16.3,35.34,6.22
2026-04-12 23:51:06,21.09,89.0,1011.79,16.39,40.01,6.2
2026-04-13 00:01:06,21.2,89.78,1011.84,15.86,39.48,6.22
2026-04-13 00:11:06,21.33,90.0,1012.18,15.97,39.22,6.17
2026-04-13 00:21:06,21.2,89.57,1010.31,15.8,39.51,6.22
2026-04-13 00:31:06,21.4,89.88,1014.02,15.47,39.21,6.19
2026-04-13 00:41:06,21.3,89.35,1013.09,15.42,40.52,6.23
2026-04-13 00:51:06,21.0,90.0,1010.98,15.57,39.83,6.16
2026-04-13 01:01:06,21.27,90.0,1010.89,14.98,39.38,6.22
2026-04-13 01:11:06,21.31,90.0,1012.52,15.42,40.87,6.18
2026-04-13 01:21:06,21.08,89.86,1014.19,15.09,40.15,6.21
2026-04-13 01:31:06,21.11,90.0,1010.5,14.63,39.51,6.21
2026-04-13 01:41:06,21.0,90.0,1010.52,14.53,39.13,6.2
2026-04-13 01:51:06,21.0,90.0,1012.99,14.35,39.87,6.18
2026-04-13 02:01:06,21.47,90.0,1014.18,14.3,38.81,6.19
2026-04-13 02:11:06,21.53,89.34,1010.82,14.24,40.74,6.2
2026-04-13 02:21:06,21.1,90.0,1015.1,14.16,39.59,6.2
2026-04-13 02:31:06,21.43,89.82,1010.73,14.12,39.19,6.17
2026-04-13 02:41:06,21.53,90.0,1010.36,14.36,40.34,6.18
2026-04-13 02:51:06,21.19,89.61,1012.72,13.98,39.35,6.2
2026-04-13 03:01:06,21.0,90.0,1012.49,13.96,39.44,6.21
2026-04-13 03:11:06,21.0,90.0,1011.42,14.12,39.92,6.24
2026-04-13 03:21:06,21.66,89.08,1011.17,14.32,39.59,6.19
2026-04-13 03:31:06,21.43,90.0,1012.92,14.06,39.71,6.18
2026-04-13 03:41:06,21.08,89.51,1013.34,14.1,40.64,6.16
2026-04-13 03:51:06,21.25,90.0,1011.55,13.76,39.94,6.2
2026-04-13 04:01:06,21.89,89.32,1012.52,13.67,39.77,6.2
2026-04-13 04:11:06,21.83,89.17,1011.3,14.13,40.92,6.18
2026-04-13 04:21:06,21.85,89.81,1012.41,14.12,39.63,6.21
2026-04-13 04:31:06,21.63,89.34,1012.62,14.22,39.27,6.17
2026-04-13 04:41:06,21.56,88.87,1011.77,13.72,39.41,6.16
2026-04-13 04:51:06,22.38,89.29,1010.44,14.08,39.46,6.18
2026-04-13 05:01:06,22.51,88.8,1012.01,14.41,40.02,6.21
2026-04-13 05:11:06,21.94,90.0,1011.33,14.41,39.89,6.24
2026-04-13 05:21:06,22.4,88.79,1013.07,14.4,39.88,6.16
2026-04-13 05:31:06,22.41,87.81,1012.12,14.36,39.81,6.19
2026-04-13 05:41:06,22.4,89.01,1010.1,14.19,39.66,6.21
2026-04-13 05:51:06,23.13,87.95,1011.32,14.36,39.95,6.23
2026-04-13 06:01:06,22.5,88.74,1012.2,14.57,39.43,6.19
2026-04-13 06:11:06,22.72,87.58,1011.52,14.42,40.19,6.18
2026-04-13 06:21:06,23.03,89.01,1013.4,14.9,39.28,6.19
2026-04-13 06:31:06,23.3,87.45,1013.85,15.19,40.22,6.2
2026-04-13 06:41:06,23.18,88.78,1012.0,14.64,39.35,6.21
2026-04-13 06:51:06,24.19,87.51,1012.09,15.33,39.75,6.18
2026-04-13 07:01:06,23.55,88.16,1012.79,15.0,40.33,6.2
2026-04-13 07:11:06,23.63,87.91,1010.76,15.41,41.54,6.19
2026-04-13 07:21:06,24.35,88.29,1011.77,15.56,38.91,6.21
2026-04-13 07:31:06,23.7,86.81,1014.89,15.59,40.4,6.17
2026-04-13 07:41:06,24.18,87.17,1012.51,15.97,39.89,6.18
2026-04-13 07:51:06,24.16,87.11,1012.6,15.91,39.41,6.16
2026-04-13 08:01:06,24.16,86.49,1011.64,15.68,39.55,6.22
2026-04-13 08:11:06,25.09,86.21,1012.86,15.97,40.51,6.19
2026-04-13 08:21:06,25.4,86.97,1012.38,16.42,39.79,6.18
2026-04-13 08:31:06,24.61,86.58,1011.34,16.37,39.49,6.19
2026-04-13 08:41:06,25.24,86.34,1011.07,16.77,40.0,6.2
2026-04-13 08:51:06,25.38,85.89,1009.82,16.96,39.16,6.2
2026-04-13 09:01:06,25.48,85.25,1011.18,16.73,38.8,6.22
2026-04-13 09:11:06,25.2,86.47,1012.45,17.39,39.89,6.18
2026-04-13 09:21:06,26.05,85.85,1012.18,17.08,39.55,6.18
2026-04-13 09:31:06,25.91,85.78,1013.68,17.8,39.55,6.19
2026-04-13 09:41:06,26.53,84.61,1013.32,17.87,38.57,6.19
2026-04-13 09:51:06,26.23,85.87,1012.17,17.74,39.28,6.15
2026-04-13 10:01:06,26.08,85.11,1013.29,17.8,39.14,6.2
2026-04-13 10:11:06,26.75,84.0,1011.66,18.35,39.67,6.17
2026-04-13 10:21:06,26.69,84.73,1012.94,18.38,39.31,6.2
2026-04-13 10:31:06,26.78,84.74,1013.95,18.58,39.35,6.24
2026-04-13 10:41:06,26.79,85.34,1013.72,18.62,40.33,6.17
2026-04-13 10:51:06,27.26,84.92,1013.5,18.67,40.59,6.21
2026-04-13 11:01:06,26.61,85.33,1014.2,19.54,39.43,6.23
2026-04-13 11:11:06,27.24,85.3,1009.47,19.02,40.13,6.21
2026-04-13 11:21:06,27.35,85.56,1013.35,19.34,39.43,6.21
2026-04-13 11:31:06,27.47,84.6,1012.06,19.6,39.62,6.21
2026-04-13 11:41:06,27.81,84.75,1011.74,19.85,39.87,6.19
2026-04-13 11:51:06,27.59,84.39,1013.0,19.78,39.93,6.19
2026-04-13 12:01:06,27.32,84.33,1011.32,20.23,40.5,6.23
2026-04-13 12:11:06,27.84,85.19,1010.4,20.05,39.49,6.2
2026-04-13 12:21:06,27.89,84.0,1010.87,20.39,39.93,6.2
2026-04-13 12:31:06,28.0,84.0,1012.25,20.62,38.7,6.18
2026-04-13 12:41:06,27.16,84.41,1013.8,20.6,39.49,6.18
2026-04-13 12:51:06,27.78,84.28,1010.96,20.34,40.15,6.21
2026-04-13 13:01:06,27.75,84.0,1013.23,20.99,38.25,6.24
2026-04-13 13:11:06,27.81,84.47,1012.52,20.87,39.97,6.2
2026-04-13 13:21:06,27.35,84.07,1009.76,20.78,40.02,6.21
2026-04-13 13:31:06,28.0,84.0,1012.28,20.98,39.66,6.21
2026-04-13 13:41:06,28.0,84.0,1009.99,21.3,39.1,6.21
2026-04-13 13:51:06,28.0,84.27,1012.76,21.1,39.04,6.21
2026-04-13 14:01:06,27.49,84.89,1014.47,21.46,38.82,6.19
2026-04-13 14:11:06,28.0,84.24,1013.35,21.39,39.58,6.22
2026-04-13 14:21:06,28.0,84.0,1011.01,21.53,39.87,6.2
2026-04-13 14:31:06,28.0,84.0,1013.31,21.67,39.28,6.23
2026-04-13 14:41:06,27.87,84.0,1014.53,21.71,38.86,6.2
2026-04-13 14:51:06,28.0,84.31,1012.02,21.92,39.8,6.25
2026-04-13 15:01:06,27.85,84.77,1011.42,21.85,39.25,6.18
2026-04-13 15:11:06,27.64,84.0,1011.45,21.94,39.77,6.2
2026-04-13 15:21:06,27.72,84.57,1014.21,22.1,40.13,6.16
2026-04-13 15:31:06,28.0,84.0,1014.14,21.94,39.22,6.22
2026-04-13 15:41:06,27.6,84.34,1012.34,21.7,39.6,6.23
2026-04-13 15:51:06,27.3,84.31,1011.58,22.09,38.76,6.21
2026-04-13 16:01:06,27.01,84.0,1013.58,21.86,39.74,6.2
2026-04-13 16:11:06,27.02,84.97,1011.8,21.9,39.44,6.19
2026-04-13 16:21:06,27.76,85.2,1012.53,21.67,39.19,6.15
2026-04-13 16:31:06,27.28,84.36,1012.23,21.78,40.27,6.19
2026-04-13 16:41:06,26.96,85.01,1011.64,21.9,39.66,6.24
2026-04-13 16:51:06,26.74,84.84,1010.73,21.89,38.97,6.19
2026-04-13 17:01:06,26.87,84.14,1011.32,21.87,39.05,6.18
2026-04-13 17:11:06,26.71,85.31,1013.28,21.65,38.87,6.21
2026-04-13 17:21:06,26.71,86.05,1011.99,21.29,39.4,6.18
2026-04-13 17:31:06,26.62,84.72,1009.34,21.43,40.12,6.2
2026-04-13 17:41:06,26.27,85.0,1010.13,21.41,39.5,6.21
2026-04-13 17:51:06,26.64,85.35,1011.01,21.59,39.52,6.16
2026-04-13 18:01:06,26.15,85.32,1012.75,21.2,39.18,6.22
2026-04-13 18:11:06,26.2,86.7,1012.3,21.47,38.77,6.2
2026-04-13 18:21:06,26.1,85.45,1012.24,21.21,40.19,6.22
2026-04-13 18:31:06,25.59,85.66,1011.41,21.17,38.75,6.21
2026-04-13 18:41:06,25.29,85.53,1011.25,20.8,39.63,6.19
2026-04-13 18:51:06,25.09,86.24,1011.89,21.35,39.81,6.21
2026-04-13 19:01:06,25.58,86.24,1012.71,20.95,39.61,6.21
2026-04-13 19:11:06,25.19,86.67,1012.26,20.74,39.3,6.19
2026-04-13 19:21:06,25.16,86.35,1011.77,20.34,39.29,6.21
2026-04-13 19:31:06,25.15,86.19,1011.1,20.47,39.21,6.2
2026-04-13 19:41:06,24.76,86.23,1013.8,20.57,39.44,6.23
2026-04-13 19:51:06,24.8,86.76,1011.95,20.25,39.36,6.19
2026-04-13 20:01:06,24.48,86.61,1012.5,19.96,39.44,6.22
2026-04-13 20:11:06,24.43,86.95,1012.15,19.61,38.89,6.23
2026-04-13 20:21:06,24.08,87.51,1013.69,19.54,39.09,6.2
2026-04-13 20:31:06,24.06,87.42,1012.36,19.48,39.39,6.21
2026-04-13 20:41:06,24.03,87.35,1013.52,19.53,39.55,6.22
2026-04-13 20:51:06,23.54,88.94,1011.77,19.17,40.28,6.21
2026-04-13 21:01:06,23.42,88.02,1011.36,18.96,39.47,6.21
2026-04-13 21:11:06,23.95,88.28,1011.64,18.89,38.97,6.22
2026-04-13 21:21:06,23.42,88.3,1010.18,18.62,39.56,6.2
2026-04-13 21:31:06,22.68,88.38,1011.89,18.78,39.47,6.17
2026-04-13 21:41:06,22.68,88.33,1011.71,18.55,39.49,6.22
2026-04-13 21:51:06,22.43,88.1,1013.07,17.96,40.72,6.2
2026-04-13 22:01:06,22.84,88.35,1011.67,18.1,39.52,6.19
2026-04-13 22:11:06,22.8,88.48,1011.51,17.85,38.79,6.23
2026-04-13 22:21:06,22.59,87.4,1012.82,17.52,39.58,6.2
2026-04-13 22:31:06,22.04,88.65,1015.51,17.41,38.87,6.22
2026-04-13 22:41:06,22.21,89.24,1013.72,17.35,38.88,6.21
2026-04-13 22:51:06,22.39,89.83,1011.41,16.93,39.15,6.19
2026-04-13 23:01:06,22.22,88.47,1010.48,16.92,40.14,6.2
2026-04-13 23:11:06,21.61,88.55,1011.39,17.11,39.73,6.22
2026-04-13 23:21:06,22.16,89.37,1010.05,16.61,39.42,6.19
2026-04-13 23:31:06,21.89,89.29,1010.33,16.27,39.05,6.19
2026-04-13 23:41:06,21.69,88.94,1013.99,16.24,39.84,6.22
2026-04-13 23:51:06,21.18,89.42,1014.93,16.3,39.36,6.15
2026-04-14 00:01:06,21.47,89.65,1010.96,15.88,38.64,6.2
2026-04-14 00:11:06,21.91,88.9,1012.04,15.76,39.37,6.2
2026-04-14 00:21:06,21.31,88.77,1013.14,15.67,38.51,6.2
2026-04-14 00:31:06,21.0,90.0,1012.05,15.48,39.52,6.23
2026-04-14 00:41:06,21.32,89.05,1011.03,15.22,39.53,6.17
2026-04-14 00:51:06,21.01,89.26,1011.72,15.42,39.48,6.2
2026-04-14 01:01:06,21.0,89.84,1011.9,15.15,39.62,6.21
2026-04-14 01:11:06,21.23,89.51,1012.13,15.04,38.96,6.21
2026-04-14 01:21:06,21.0,90.0,1014.49,14.78,39.37,6.19
2026-04-14 01:31:06,21.04,90.0,1011.01,14.81,39.35,6.18
2026-04-14 01:41:06,21.05,90.0,1010.74,14.98,39.61,6.21
2026-04-14 01:51:06,21.09,89.71,1013.65,14.87,39.32,6.19
2026-04-14 02:01:06,21.0,90.0,1011.39,14.72,38.87,6.21
2026-04-14 02:11:06,21.0,89.87,1011.96,14.68,39.81,6.2
2026-04-14 02:21:06,21.0,90.0,1013.19,14.48,39.01,6.2
2026-04-14 02:31:06,21.38,89.2,1013.29,14.15,38.77,6.19
2026-04-14 02:41:06,21.0,89.92,1010.28,14.51,39.26,6.19
2026-04-14 02:51:06,21.0,90.0,1011.35,13.61,38.81,6.21
2026-04-14 03:01:06,21.61,90.0,1013.47,14.68,39.45,6.22
2026-04-14 03:11:06,21.0,90.0,1009.86,14.22,39.27,6.17
2026-04-14 03:21:06,21.25,89.09,1010.68,14.07,39.12,6.19
2026-04-14 03:31:06,21.0,90.0,1013.13,14.15,38.92,6.2
2026-04-14 03:41:06,21.36,89.01,1013.12,14.53,39.0,6.18
2026-04-14 03:51:06,21.07,89.99,1012.6,13.89,37.88,6.21
2026-04-14 04:01:06,21.55,90.0,1010.93,14.02,38.78,6.22
2026-04-14 04:11:06,22.32,88.33,1012.39,13.71,38.88,6.22
2026-04-14 04:21:06,21.44,89.84,1011.48,14.24,38.53,6.19
2026-04-14 04:31:06,21.81,90.0,1012.35,14.11,38.47,6.2
2026-04-14 04:41:06,21.66,89.97,1010.6,13.81,39.28,6.16
2026-04-14 04:51:06,22.75,88.55,1011.72,14.18,39.9,6.2
2026-04-14 05:01:06,22.26,89.71,1011.99,13.85,38.63,6.24
2026-04-14 05:11:06,22.03,88.65,1011.0,14.23,38.46,6.21
2026-04-14 05:21:06,22.42,89.16,1011.83,13.95,38.61,6.2
2026-04-14 05:31:06,22.96,88.51,1010.03,13.98,40.1,6.21
2026-04-14 05:41:06,22.8,89.02,1012.28,14.31,38.88,6.17
2026-04-14 05:51:06,22.28,88.01,1011.12,14.7,39.35,6.17
2026-04-14 06:01:06,22.94,88.56,1012.37,14.85,39.27,6.2
2026-04-14 06:11:06,22.55,88.77,1013.12,14.49,40.0,6.21
2026-04-14 06:21:06,23.64,88.23,1009.15,14.4,39.82,6.2
2026-04-14 06:31:06,22.85,87.91,1013.19,14.93,39.14,6.23
2026-04-14 06:41:06,23.25,88.2,1015.19,15.05,38.53,6.2
2026-04-14 06:51:06,23.67,87.52,1011.82,15.26,38.97,6.23
2026-04-14 07:01:06,23.92,87.59,1011.07,15.27,39.03,6.18
2026-04-14 07:11:06,23.42,87.74,1010.06,15.11,39.91,6.23
2026-04-14 07:21:06,23.76,87.93,1010.07,15.32,39.29,6.17
2026-04-14 07:31:06,24.24,87.51,1012.15,15.5,38.86,6.23
2026-04-14 07:41:06,25.07,87.3,1013.74,15.59,39.25,6.19
2026-04-14 07:51:06,24.38,87.5,1012.24,15.97,39.43,6.21
2026-04-14 08:01:06,24.69,86.96,1010.55,16.18,39.2,6.21
2026-04-14 08:11:06,24.63,86.38,1011.69,16.27,40.04,6.19
2026-04-14 08:21:06,25.03,86.9,1011.12,16.49,39.13,6.23
2026-04-14 08:31:06,24.55,87.76,1011.72,16.4,38.56,6.24
2026-04-14 08:41:06,25.07,87.37,1011.27,16.81,37.8,6.22
2026-04-14 08:51:06,25.65,86.23,1012.39,16.95,38.33,6.18
2026-04-14 09:01:06,25.72,85.81,1011.98,16.86,38.96,6.17
2026-04-14 09:11:06,25.58,86.54,1011.01,17.19,39.13,6.21
2026-04-14 09:21:06,25.67,85.55,1013.48,17.09,38.96,6.2
2026-04-14 09:31:06,25.74,86.18,1011.22,17.56,38.46,6.22
2026-04-14 09:41:06,26.41,85.39,1011.97,17.94,39.02,6.19
2026-04-14 09:51:06,25.79,85.66,1012.69,17.83,38.92,6.2
2026-04-14 10:01:06,26.2,86.44,1013.48,17.77,38.89,6.2
2026-04-14 10:11:06,26.02,84.86,1010.56,18.06,38.43,6.19
2026-04-14 10:21:06,27.19,85.19,1012.56,18.39,38.87,6.21
2026-04-14 10:31:06,26.63,85.81,1011.76,18.64,38.35,6.22
2026-04-14 10:41:06,27.0,84.98,1010.14,18.36,39.47,6.19
2026-04-14 10:51:06,26.94,84.91,1011.31,18.89,38.63,6.21
2026-04-14 11:01:06,26.99,85.16,1011.21,19.51,40.03,6.22
2026-04-14 11:11:06,27.08,84.62,1009.87,19.38,38.98,6.22
2026-04-14 11:21:06,27.18,84.6,1013.47,19.53,38.84,6.21
2026-04-14 11:31:06,27.14,84.02,1014.49,19.62,37.73,6.2
2026-04-14 11:41:06,27.32,84.93,1011.96,19.8,38.19,6.23
2026-04-14 11:51:06,27.24,84.69,1012.61,20.0,39.22,6.17
2026-04-14 12:01:06,27.34,84.3,1010.07,19.68,39.5,6.2
2026-04-14 12:11:06,28.0,84.44,1014.11,20.1,39.1,6.23
2026-04-14 12:21:06,27.75,84.33,1013.58,20.35,39.88,6.19
2026-04-14 12:31:06,27.96,85.34,1011.35,20.7,38.75,6.19
2026-04-14 12:41:06,27.96,84.0,1012.72,20.67,38.64,6.23
2026-04-14 12:51:06,27.93,84.63,1012.94,20.72,38.85,6.2
2026-04-14 13:01:06,27.99,84.0,1010.18,20.53,39.0,6.21
2026-04-14 13:11:06,28.0,84.57,1010.44,20.72,39.04,6.18
2026-04-14 13:21:06,28.0,84.0,1013.04,21.48,39.44,6.21
2026-04-14 13:31:06,27.66,84.02,1009.97,21.37,38.31,6.25
2026-04-14 13:41:06,27.8,84.29,1013.42,21.43,38.09,6.21
2026-04-14 13:51:06,28.0,84.36,1010.57,21.4,38.94,6.22
2026-04-14 14:01:06,28.0,84.0,1010.01,21.78,38.89,6.2
2026-04-14 14:11:06,27.9,84.82,1011.35,21.51,39.07,6.18
2026-04-14 14:21:06,28.0,84.98,1011.48,21.85,39.07,6.21
2026-04-14 14:31:06,27.88,84.49,1016.28,21.83,39.59,6.2
2026-04-14 14:41:06,28.0,84.05,1012.88,21.77,39.15,6.2
2026-04-14 14:51:06,28.0,84.35,1013.41,21.47,38.3,6.24
2026-04-14 15:01:06,28.0,84.0,1012.68,22.22,39.44,6.19
2026-04-14 15:11:06,27.73,84.01,1010.04,21.9,38.85,6.22
2026-04-14 15:21:06,27.78,84.0,1014.74,22.09,39.96,6.21
2026-04-14 15:31:06,27.74,84.0,1011.98,22.18,38.83,6.2
2026-04-14 15:41:06,28.0,85.1,1013.12,22.22,38.87,6.17
2026-04-14 15:51:06,27.74,85.18,1010.83,22.04,39.01,6.22
2026-04-14 16:01:06,27.57,84.07,1012.62,21.98,38.76,6.17
2026-04-14 16:11:06,27.15,84.0,1011.37,22.26,38.61,6.22
2026-04-14 16:21:06,27.89,84.67,1015.7,21.88,38.88,6.19
2026-04-14 16:31:06,27.35,85.23,1010.98,21.98,38.58,6.22
2026-04-14 16:41:06,27.1,85.13,1012.66,21.81,37.76,6.21
2026-04-14 16:51:06,26.9,85.18,1011.41,21.86,40.33,6.19
2026-04-14 17:01:06,26.63,85.62,1011.03,21.88,39.57,6.21
2026-04-14 17:11:06,26.41,84.32,1013.53,21.6,38.77,6.22
2026-04-14 17:21:06,27.21,85.74,1009.6,21.81,38.5,6.22
2026-04-14 17:31:06,26.8,85.2,1011.13,21.44,39.08,6.19
2026-04-14 17:41:06,26.71,86.25,1010.85,21.61,39.13,6.22
2026-04-14 17:51:06,26.43,86.27,1011.64,21.4,39.83,6.16
2026-04-14 18:01:06,26.41,86.08,1013.94,21.35,37.7,6.17
2026-04-14 18:11:06,26.13,84.71,1011.59,21.29,38.93,6.2
2026-04-14 18:21:06,25.86,86.02,1009.84,20.97,38.92,6.23
2026-04-14 18:31:06,25.74,86.38,1011.03,21.15,39.85,6.23
2026-04-14 18:41:06,25.65,84.69,1011.64,20.95,38.71,6.18
2026-04-14 18:51:06,25.46,86.02,1015.28,20.95,38.97,6.2
2026-04-14 19:01:06,25.16,86.49,1010.3,21.03,39.68,6.23
2026-04-14 19:11:06,25.04,87.03,1011.49,20.76,38.67,6.2
2026-04-14 19:21:06,24.95,85.96,1011.54,20.48,38.14,6.21
2026-04-14 19:31:06,24.64,87.08,1010.82,20.49,39.06,6.16
2026-04-14 19:41:06,24.72,87.16,1012.38,20.19,38.95,6.22
2026-04-14 19:51:06,24.44,86.0,1011.77,20.47,39.06,6.21
2026-04-14 20:01:06,24.46,86.52,1010.87,20.25,38.69,6.17
2026-04-14 20:11:06,23.8,87.87,1008.27,20.12,39.81,6.2
2026-04-14 20:21:06,23.97,86.68,1013.97,19.49,38.61,6.24
2026-04-14 20:31:06,24.46,87.21,1011.47,19.41,38.42,6.17
2026-04-14 20:41:06,23.89,87.78,1011.25,19.23,38.13,6.15
2026-04-14 20:51:06,24.14,87.69,1009.92,19.14,39.35,6.23
2026-04-14 21:01:06,23.52,87.16,1011.33,19.26,38.37,6.18
2026-04-14 21:11:06,23.94,87.5,1014.41,19.02,38.6,6.2
2026-04-14 21:21:06,23.61,87.6,1011.27,18.32,38.7,6.24
2026-04-14 21:31:06,23.08,87.84,1010.37,18.41,39.12,6.21
2026-04-14 21:41:06,23.35,88.45,1012.81,18.11,38.61,6.2
2026-04-14 21:51:06,22.95,88.85,1012.39,17.98,37.97,6.19
2026-04-14 22:01:06,22.57,88.91,1011.54,18.15,38.03,6.2
2026-04-14 22:11:06,22.53,88.43,1013.67,17.86,39.03,6.2
2026-04-14 22:21:06,22.87,88.88,1010.97,17.31,38.33,6.21
2026-04-14 22:31:06,22.45,88.28,1014.74,17.57,39.56,6.14
2026-04-14 22:41:06,22.68,88.38,1010.2,17.21,38.51,6.2
2026-04-14 22:51:06,22.09,89.04,1012.06,17.13,37.71,6.17
2026-04-14 23:01:06,22.04,89.21,1013.62,16.89,38.01,6.18
2026-04-14 23:11:06,22.3,89.44,1015.74,16.75,38.8,6.2
2026-04-14 23:21:06,21.83,89.0,1013.18,16.34,38.72,6.22
2026-04-14 23:31:06,21.55,88.41,1013.25,16.87,38.26,6.22
2026-04-14 23:41:06,21.3,89.29,1012.67,16.42,38.17,6.22
2026-04-14 23:51:06,21.19,89.84,1014.51,16.4,39.37,6.18
2026-04-15 00:01:06,21.07,89.53,1011.94,16.07,38.96,6.18
2026-04-15 00:11:06,22.1,90.0,1013.47,15.61,38.69,6.22
2026-04-15 00:21:06,21.59,89.75,1013.79,15.52,38.67,6.22
2026-04-15 00:31:06,21.73,89.12,1013.47,15.43,39.33,6.2
2026-04-15 00:41:06,21.0,89.61,1012.99,15.34,38.31,6.22
2026-04-15 00:51:06,21.04,90.0,1010.19,15.54,39.38,6.21
2026-04-15 01:01:06,21.0,90.0,1012.62,15.55,39.08,6.2
2026-04-15 01:11:06,21.49,89.37,1009.98,14.83,38.22,6.22
2026-04-15 01:21:06,21.59,90.0,1012.45,15.18,38.42,6.19
2026-04-15 01:31:06,21.05,90.0,1012.46,14.77,38.49,6.23
2026-04-15 01:41:06,21.0,90.0,1012.42,14.58,37.99,6.24
2026-04-15 01:51:06,21.34,89.72,1012.94,14.87,38.31,6.22
2026-04-15 02:01:06,21.09,89.37,1012.29,14.58,38.02,6.19
2026-04-15 02:11:06,21.47,89.52,1013.95,14.73,38.47,6.16
2026-04-15 02:21:06,21.44,90.0,1011.47,14.16,38.62,6.22
2026-04-15 02:31:06,21.16,90.0,1012.01,14.44,38.97,6.18
2026-04-15 02:41:06,21.16,89.93,1013.27,13.7,39.53,6.2
2026-04-15 02:51:06,21.0,89.61,1010.68,14.02,38.93,6.21
2026-04-15 03:01:06,21.38,89.44,1010.68,14.1,39.0,6.2
2026-04-15 03:11:06,21.22,90.0,1010.62,13.94,37.98,6.19
2026-04-15 03:21:06,21.08,90.0,1010.12,14.21,38.73,6.2
2026-04-15 03:31:06,21.14,89.97,1013.25,13.99,38.63,6.21
2026-04-15 03:41:06,21.3,90.0,1011.49,14.51,38.54,6.19
2026-04-15 03:51:06,21.29,90.0,1011.93,13.71,38.29,6.21
2026-04-15 04:01:06,21.56,89.51,1011.58,13.7,38.61,6.22
2026-04-15 04:11:06,21.54,89.79,1011.53,13.91,38.01,6.21
2026-04-15 04:21:06,22.48,89.69,1009.44,13.87,38.12,6.22
2026-04-15 04:31:06,21.55,89.82,1013.06,13.85,37.57,6.19
2026-04-15 04:41:06,22.44,88.7,1011.51,13.95,37.84,6.22
2026-04-15 04:51:06,21.6,89.85,1012.0,14.17,38.31,6.24
2026-04-15 05:01:06,22.66,89.01,1012.17,13.79,39.15,6.22
2026-04-15 05:11:06,22.07,89.63,1011.77,14.39,38.23,6.21
2026-04-15 05:21:06,22.75,90.0,1009.41,14.34,38.18,6.21
2026-04-15 05:31:06,22.82,89.04,1011.37,14.24,38.41,6.22
2026-04-15 05:41:06,22.46,88.79,1012.91,14.42,37.93,6.23
2026-04-15 05:51:06,22.46,88.59,1010.2,14.44,38.53,6.19
2026-04-15 06:01:06,22.86,88.65,1013.34,14.58,38.73,6.21
2026-04-15 06:11:06,23.36,87.43,1010.82,14.4,37.89,6.22
2026-04-15 06:21:06,22.68,87.94,1011.57,14.65,38.67,6.18
2026-04-15 06:31:06,23.04,88.2,1013.07,14.88,37.82,6.22
2026-04-15 06:41:06,23.39,88.46,1013.59,15.03,38.3,6.19
2026-04-15 06:51:06,23.76,87.52,1011.71,15.05,37.63,6.2
2026-04-15 07:01:06,24.08,87.71,1012.3,15.26,38.72,6.2
2026-04-15 07:11:06,23.58,87.94,1011.73,15.18,38.55,6.19
2026-04-15 07:21:06,23.87,88.59,1012.51,15.33,38.75,6.24
2026-04-15 07:31:06,24.2,87.08,1012.0,15.7,38.96,6.21
2026-04-15 07:41:06,23.94,87.25,1013.29,15.75,37.8,6.2
2026-04-15 07:51:06,24.32,88.0,1011.8,16.09,37.47,6.21
2026-04-15 08:01:06,24.94,87.33,1013.83,16.09,38.59,6.2
2026-04-15 08:11:06,25.1,86.35,1011.04,16.07,37.32,6.22
2026-04-15 08:21:06,24.88,86.13,1011.84,16.23,38.69,6.21
2026-04-15 08:31:06,24.72,86.15,1012.7,16.64,37.72,6.21
2026-04-15 08:41:06,24.93,86.07,1010.52,16.83,37.96,6.18
2026-04-15 08:51:06,25.48,86.3,1013.13,16.93,38.6,6.2
2026-04-15 09:01:06,25.18,85.77,1012.47,16.93,38.29,6.16
2026-04-15 09:11:06,25.7,85.65,1012.46,16.84,37.71,6.19
2026-04-15 09:21:06,25.45,85.48,1011.59,17.41,37.81,6.18
2026-04-15 09:31:06,25.99,85.35,1011.19,17.43,38.56,6.18
2026-04-15 09:41:06,25.89,85.43,1009.87,17.49,38.04,6.2
2026-04-15 09:51:06,25.62,85.01,1011.41,17.65,38.59,6.2
2026-04-15 10:01:06,26.05,85.87,1012.6,18.03,38.74,6.18
2026-04-15 10:11:06,26.16,85.01,1009.26,18.17,37.9,6.19
2026-04-15 10:21:06,26.38,84.81,1012.26,18.25,37.8,6.2
2026-04-15 10:31:06,26.5,85.06,1011.47,18.28,38.84,6.21
2026-04-15 10:41:06,26.68,85.65,1011.81,18.62,38.37,6.2
2026-04-15 10:51:06,26.54,86.35,1012.44,19.08,37.95,6.2
2026-04-15 11:01:06,27.52,84.98,1011.79,19.09,37.83,6.2
2026-04-15 11:11:06,27.06,85.42,1011.51,19.11,39.0,6.18
2026-04-15 11:21:06,27.51,84.24,1012.36,19.21,38.0,6.23
2026-04-15 11:31:06,27.25,85.12,1011.78,19.54,37.61,6.2
2026-04-15 11:41:06,27.38,84.24,1014.79,19.74,38.53,6.24
2026-04-15 11:51:06,27.75,84.0,1013.27,20.07,38.29,6.18
2026-04-15 12:01:06,27.72,84.53,1011.33,19.75,36.79,6.22
2026-04-15 12:11:06,28.0,84.08,1011.83,19.95,38.45,6.17
2026-04-15 12:21:06,27.43,84.58,1012.11,20.45,37.1,6.22
2026-04-15 12:31:06,27.99,84.65,1011.66,20.45,37.55,6.22
2026-04-15 12:41:06,27.28,84.68,1010.77,20.49,37.86,6.19
2026-04-15 12:51:06,27.75,84.24,1012.31,20.85,38.25,6.19
2026-04-15 13:01:06,28.0,84.0,1011.57,20.55,38.99,6.22
2026-04-15 13:11:06,28.0,84.0,1011.24,20.67,38.35,6.18
2026-04-15 13:21:06,28.0,84.44,1014.32,20.8,38.23,6.17
2026-04-15 13:31:06,28.0,84.0,1008.77,21.31,38.73,6.17
2026-04-15 13:41:06,27.52,84.0,1010.27,21.49,38.58,6.19
2026-04-15 13:51:06,27.38,84.0,1012.6,20.91,38.28,6.22
2026-04-15 14:01:06,28.0,84.0,1012.74,21.62,38.48,6.2
2026-04-15 14:11:06,27.9,84.0,1012.8,21.68,38.7,6.21
2026-04-15 14:21:06,28.0,84.0,1012.67,21.39,37.96,6.2
2026-04-15 14:31:06,27.96,84.9,1012.82,21.3,38.41,6.23
2026-04-15 14:41:06,28.0,84.54,1011.34,22.0,38.22,6.2
2026-04-15 14:51:06,28.0,84.0,1013.61,21.7,37.71,6.22
2026-04-15 15:01:06,28.0,84.13,1015.25,21.9,37.64,6.22
2026-04-15 15:11:06,28.0,84.08,1011.36,22.29,37.47,6.22
2026-04-15 15:21:06,27.99,84.54,1014.37,21.8,38.31,6.19
2026-04-15 15:31:06,27.22,84.0,1012.96,21.94,37.85,6.17
2026-04-15 15:41:06,27.59,84.33,1011.0,21.9,37.76,6.21
2026-04-15 15:51:06,27.76,84.0,1012.21,22.01,37.67,6.18
2026-04-15 16:01:06,27.44,84.82,1011.43,21.98,38.03,6.19
2026-04-15 16:11:06,27.63,84.29,1014.03,22.16,37.63,6.21
2026-04-15 16:21:06,27.45,84.55,1011.32,22.03,37.86,6.22
2026-04-15 16:31:06,27.48,84.86,1012.58,22.14,38.34,6.21
2026-04-15 16:41:06,27.57,84.55,1012.27,22.1,37.9,6.21
2026-04-15 16:51:06,27.13,84.19,1012.78,22.23,37.63,6.23
2026-04-15 17:01:06,27.28,85.46,1015.01,21.82,37.34,6.16
2026-04-15 17:11:06,26.77,85.39,1014.76,21.6,37.52,6.16
2026-04-15 17:21:06,26.28,84.93,1011.95,22.01,38.41,6.21
2026-04-15 17:31:06,26.7,85.71,1011.04,21.53,38.51,6.18
2026-04-15 17:41:06,26.45,85.78,1012.54,21.69,37.05,6.16
2026-04-15 17:51:06,26.48,84.66,1012.03,21.67,37.89,6.21
2026-04-15 18:01:06,26.53,86.2,1013.05,21.35,37.42,6.18
2026-04-15 18:11:06,25.97,85.67,1013.46,21.42,37.91,6.21
2026-04-15 18:21:06,26.27,85.77,1013.36,20.77,37.7,6.2
2026-04-15 18:31:06,25.53,86.21,1012.46,21.41,37.63,6.23
2026-04-15 18:41:06,25.35,86.41,1011.49,21.15,37.65,6.21
2026-04-15 18:51:06,25.1,87.1,1013.21,20.78,37.5,6.22
2026-04-15 19:01:06,24.93,85.84,1011.37,21.28,38.28,6.17
2026-04-15 19:11:06,25.31,86.23,1014.27,20.8,38.09,6.16
2026-04-15 19:21:06,25.0,86.09,1013.61,20.31,37.18,6.19
2026-04-15 19:31:06,25.22,85.89,1014.36,20.31,37.31,6.21
2026-04-15 19:41:06,25.06,86.65,1010.66,20.21,37.88,6.18
2026-04-15 19:51:06,24.49,86.97,1011.4,20.1,37.2,6.21
2026-04-15 20:01:06,24.41,86.49,1011.33,20.06,37.58,6.17
2026-04-15 20:11:06,23.75,88.28,1010.64,19.73,38.09,6.2
2026-04-15 20:21:06,23.92,86.97,1014.75,19.72,38.38,6.21
2026-04-15 20:31:06,24.25,86.54,1009.65,19.71,37.39,6.18
2026-04-15 20:41:06,24.23,88.14,1012.39,19.23,37.89,6.23
2026-04-15 20:51:06,23.95,88.36,1011.56,19.02,38.04,6.22
2026-04-15 21:01:06,23.75,88.68,1012.54,19.0,37.69,6.22
2026-04-15 21:11:06,23.56,87.02,1011.85,18.89,37.21,6.18
2026-04-15 21:21:06,23.57,88.69,1011.79,18.72,38.56,6.21
2026-04-15 21:31:06,22.9,87.7,1010.58,18.69,37.5,6.17
2026-04-15 21:41:06,22.56,88.09,1011.0,18.23,37.84,6.2
2026-04-15 21:51:06,22.62,88.36,1012.36,18.15,39.0,6.21
2026-04-15 22:01:06,22.8,88.16,1010.81,18.24,38.16,6.17
2026-04-15 22:11:06,22.53,89.35,1011.05,18.11,37.98,6.18
2026-04-15 22:21:06,22.06,89.35,1009.43,17.5,38.61,6.22
2026-04-15 22:31:06,22.21,88.18,1010.2,17.37,37.79,6.2
2026-04-15 22:41:06,22.1,89.07,1012.09,16.93,38.31,6.2
2026-04-15 22:51:06,21.98,89.85,1011.49,17.25,38.31,6.23
2026-04-15 23:01:06,22.25,89.18,1012.99,16.96,37.47,6.18
2026-04-15 23:11:06,21.32,89.52,1016.74,17.03,38.09,6.21
2026-04-15 23:21:06,21.77,89.5,1012.45,16.51,37.89,6.21
2026-04-15 23:31:06,21.72,89.12,1009.89,16.66,37.39,6.18
2026-04-15 23:41:06,21.66,89.11,1010.64,15.87,38.18,6.17
2026-04-15 23:51:06,21.95,89.52,1012.4,16.29,37.92,6.21
2026-04-16 00:01:06,21.04,89.65,1009.11,16.11,37.19,6.21
2026-04-16 00:11:06,21.76,89.46,1011.23,15.86,37.41,6.21
2026-04-16 00:21:06,21.83,90.0,1012.42,15.83,37.15,6.2
2026-04-16 00:31:06,21.43,89.47,1012.1,15.67,37.91,6.21
2026-04-16 00:41:06,21.0,90.0,1013.76,15.67,37.99,6.19
2026-04-16 00:51:06,21.05,90.0,1006.98,15.34,37.45,6.2
2026-04-16 01:01:06,21.38,90.0,1011.73,15.26,38.5,6.18
2026-04-16 01:11:06,21.08,89.61,1010.14,14.97,37.79,6.23
2026-04-16 01:21:06,21.45,90.0,1012.88,14.96,38.01,6.2
2026-04-16 01:31:06,21.0,90.0,1013.64,14.96,37.82,6.21
2026-04-16 01:41:06,21.0,90.0,1011.15,14.53,36.72,6.22
2026-04-16 01:51:06,21.0,90.0,1012.52,14.71,37.71,6.24
2026-04-16 02:01:06,21.21,90.0,1011.74,14.5,38.38,6.2
2026-04-16 02:11:06,21.0,90.0,1009.58,14.85,37.9,6.19
2026-04-16 02:21:06,21.0,90.0,1009.2,14.02,37.63,6.2
2026-04-16 02:31:06,21.12,89.88,1015.2,14.39,38.44,6.2
2026-04-16 02:41:06,21.08,90.0,1012.27,14.35,37.95,6.19
2026-04-16 02:51:06,21.43,89.53,1010.91,13.93,37.35,6.21
2026-04-16 03:01:06,21.2,89.02,1012.45,13.99,38.51,6.21
2026-04-16 03:11:06,21.16,89.17,1008.64,14.3,38.2,6.21
2026-04-16 03:21:06,21.4,89.89,1009.3,14.18,37.04,6.2
2026-04-16 03:31:06,21.28,89.36,1010.03,13.63,37.08,6.22
2026-04-16 03:41:06,21.14,89.1,1013.13,14.29,37.79,6.22
2026-04-16 03:51:06,21.43,89.24,1010.04,13.8,37.23,6.16
2026-04-16 04:01:06,21.75,89.81,1013.44,14.41,37.71,6.19
2026-04-16 04:11:06,21.26,89.91,1011.22,13.97,38.55,6.21
2026-04-16 04:21:06,21.9,89.57,1011.16,13.97,37.35,6.22
2026-04-16 04:31:06,21.72,88.47,1012.31,13.72,38.11,6.19
2026-04-16 04:41:06,21.78,89.14,1012.25,14.53,38.31,6.2
2026-04-16 04:51:06,21.75,88.86,1012.56,14.31,38.27,6.2
2026-04-16 05:01:06,21.29,88.85,1010.54,14.2,37.74,6.25
2026-04-16 05:11:06,22.17,90.0,1013.01,14.42,38.62,6.2
2026-04-16 05:21:06,22.16,90.0,1014.11,14.04,37.04,6.22
2026-04-16 05:31:06,22.37,88.69,1012.52,14.11,37.1,6.22
2026-04-16 05:41:06,22.64,88.41,1013.09,14.56,38.28,6.21
2026-04-16 05:51:06,22.64,88.39,1012.54,14.68,38.07,6.17
2026-04-16 06:01:06,22.62,88.67,1012.97,14.26,37.53,6.21
2026-04-16 06:11:06,23.32,87.95,1011.32,14.9,37.72,6.21
2026-04-16 06:21:06,23.15,88.96,1010.68,14.88,38.14,6.22
2026-04-16 06:31:06,23.14,87.75,1008.43,14.76,37.94,6.2
2026-04-16 06:41:06,23.1,87.91,1010.35,15.33,38.07,6.21
2026-04-16 06:51:06,23.77,87.23,1011.53,14.99,38.66,6.19
2026-04-16 07:01:06,23.71,88.14,1010.06,14.99,37.84,6.19
2026-04-16 07:11:06,23.97,87.02,1010.22,15.55,37.01,6.17
2026-04-16 07:21:06,23.95,87.61,1010.99,15.51,37.47,6.21
2026-04-16 07:31:06,24.23,86.71,1012.93,15.67,36.81,6.21
2026-04-16 07:41:06,24.49,87.77,1010.45,15.48,38.35,6.2
2026-04-16 07:51:06,24.35,87.12,1013.41,15.99,37.83,6.2
2026-04-16 08:01:06,23.7,86.41,1011.69,15.99,38.03,6.19
2026-04-16 08:11:06,25.01,87.22,1011.71,16.18,37.24,6.21
2026-04-16 08:21:06,25.0,86.51,1012.32,16.3,37.57,6.23
2026-04-16 08:31:06,24.52,86.64,1010.52,16.07,36.89,6.2
2026-04-16 08:41:06,25.55,86.3,1014.98,16.77,36.72,6.2
2026-04-16 08:51:06,25.35,86.95,1011.3,17.27,37.22,6.23
2026-04-16 09:01:06,24.87,85.68,1013.86,17.36,37.36,6.2
2026-04-16 09:11:06,25.86,86.88,1010.88,17.15,37.71,6.23
2026-04-16 09:21:06,25.73,85.58,1013.03,17.46,37.56,6.2
2026-04-16 09:31:06,25.54,86.04,1011.97,17.36,37.93,6.22
2026-04-16 09:41:06,26.26,85.98,1013.29,17.66,37.25,6.22
2026-04-16 09:51:06,26.88,84.85,1014.63,18.03,36.71,6.16
2026-04-16 10:01:06,25.93,85.73,1011.74,17.68,37.2,6.19
2026-04-16 10:11:06,26.22,85.37,1012.79,18.05,36.76,6.22
2026-04-16 10:21:06,26.29,85.02,1013.52,18.58,37.51,6.22
2026-04-16 10:31:06,26.8,86.23,1011.91,18.47,37.96,6.21
2026-04-16 10:41:06,26.81,84.43,1010.97,18.71,37.04,6.19
2026-04-16 10:51:06,26.88,84.96,1011.49,18.67,38.92,6.22
2026-04-16 11:01:06,27.16,85.32,1014.55,19.09,37.5,6.2
2026-04-16 11:11:06,27.23,85.37,1014.04,18.95,37.67,6.19
2026-04-16 11:21:06,27.15,85.36,1012.4,18.97,37.32,6.24
2026-04-16 11:31:06,27.32,84.43,1011.93,19.83,37.35,6.18
2026-04-16 11:41:06,27.36,84.57,1011.4,19.63,36.86,6.21
2026-04-16 11:51:06,27.47,84.56,1011.35,20.05,37.48,6.2
2026-04-16 12:01:06,27.65,84.09,1009.62,19.88,37.06,6.18
2026-04-16 12:11:06,27.69,84.05,1013.53,20.28,37.28,6.19
2026-04-16 12:21:06,27.84,84.62,1014.02,20.43,37.51,6.17
2026-04-16 12:31:06,27.45,84.78,1012.85,20.45,37.87,6.2
2026-04-16 12:41:06,27.5,84.0,1009.67,20.77,38.32,6.19
2026-04-16 12:51:06,27.75,84.0,1012.13,20.73,38.11,6.2
2026-04-16 13:01:06,27.34,84.28,1013.86,21.0,37.26,6.19
2026-04-16 13:11:06,27.7,84.0,1014.35,20.79,37.58,6.21
2026-04-16 13:21:06,28.0,84.86,1013.96,21.29,37.84,6.17
2026-04-16 13:31:06,28.0,84.41,1012.58,21.29,37.84,6.2
2026-04-16 13:41:06,28.0,84.27,1013.1,21.25,37.27,6.23
2026-04-16 13:51:06,27.74,84.0,1013.64,21.47,37.44,6.21
2026-04-16 14:01:06,27.78,84.16,1011.22,21.12,37.28,6.19
2026-04-16 14:11:06,28.0,84.0,1013.35,21.5,37.47,6.19
2026-04-16 14:21:06,27.59,84.16,1012.46,21.63,37.52,6.23
2026-04-16 14:31:06,27.75,84.58,1013.98,21.49,36.74,6.17
2026-04-16 14:41:06,28.0,84.03,1011.41,21.65,36.52,6.18
2026-04-16 14:51:06,27.97,84.0,1011.89,22.05,36.37,6.17
2026-04-16 15:01:06,27.37,84.0,1012.3,21.47,37.29,6.19
2026-04-16 15:11:06,27.51,85.32,1014.37,21.87,37.4,6.22
2026-04-16 15:21:06,27.9,84.13,1013.23,21.75,36.96,6.2
2026-04-16 15:31:06,27.74,84.15,1009.17,21.98,38.13,6.18
2026-04-16 15:41:06,26.63,85.31,1012.04,21.92,36.8,6.2
2026-04-16 15:51:06,27.4,84.23,1010.61,22.15,37.05,6.17
2026-04-16 16:01:06,27.48,84.22,1012.67,21.7,36.61,6.2
2026-04-16 16:11:06,27.46,84.0,1013.09,22.05,37.04,6.21
2026-04-16 16:21:06,27.57,84.35,1010.37,21.81,36.77,6.19
2026-04-16 16:31:06,26.86,84.24,1015.48,21.96,36.76,6.22
2026-04-16 16:41:06,26.82,85.13,1011.3,21.74,37.24,6.21
2026-04-16 16:51:06,27.03,85.19,1013.52,22.07,36.8,6.22
2026-04-16 17:01:06,27.0,85.58,1011.39,22.07,36.45,6.19
2026-04-16 17:11:06,27.24,85.4,1010.88,21.51,37.53,6.23
2026-04-16 17:21:06,27.1,85.32,1009.42,21.89,36.87,6.2
2026-04-16 17:31:06,26.48,85.28,1011.4,21.7,36.63,6.21
2026-04-16 17:41:06,26.42,85.25,1011.61,21.45,38.09,6.21
2026-04-16 17:51:06,26.38,84.77,1010.79,21.49,37.38,6.21
2026-04-16 18:01:06,25.93,85.32,1013.71,21.37,36.8,6.2
2026-04-16 18:11:06,25.98,86.29,1011.77,21.49,37.19,6.18
2026-04-16 18:21:06,26.01,84.9,1012.34,21.43,36.61,6.18
2026-04-16 18:31:06,25.93,85.4,1011.91,21.17,37.12,6.22
2026-04-16 18:41:06,25.63,85.68,1012.84,21.27,36.88,6.15
2026-04-16 18:51:06,25.18,86.08,1010.42,20.67,37.94,6.2
2026-04-16 19:01:06,25.56,87.23,1015.75,20.75,37.52,6.23
2026-04-16 19:11:06,25.07,86.51,1010.57,20.88,37.57,6.23
2026-04-16 19:21:06,25.47,86.52,1014.04,20.51,37.29,6.19
2026-04-16 19:31:06,25.05,85.95,1012.32,20.66,36.45,6.19
2026-04-16 19:41:06,25.0,86.38,1013.33,20.23,37.25,6.16
2026-04-16 19:51:06,24.76,86.86,1014.6,20.17,37.01,6.23
2026-04-16 20:01:06,24.38,87.13,1013.3,20.07,37.76,6.22
2026-04-16 20:11:06,24.26,86.28,1013.79,19.79,37.51,6.21
2026-04-16 20:21:06,24.47,87.67,1015.29,19.48,36.88,6.19
2026-04-16 20:31:06,23.46,87.08,1014.85,19.68,37.19,6.21
2026-04-16 20:41:06,24.12,87.61,1011.7,19.63,37.82,6.19
2026-04-16 20:51:06,24.09,88.13,1009.96,19.25,36.75,6.22
2026-04-16 21:01:06,23.46,88.42,1013.5,18.99,37.16,6.19
2026-04-16 21:11:06,23.2,87.38,1011.56,19.05,37.5,6.24
2026-04-16 21:21:06,23.16,87.03,1014.2,18.38,37.63,6.22
2026-04-16 21:31:06,22.68,88.0,1011.12,18.43,36.17,6.21
2026-04-16 21:41:06,22.89,87.97,1011.06,18.26,37.27,6.18
2026-04-16 21:51:06,22.73,88.98,1007.64,18.43,36.95,6.27
2026-04-16 22:01:06,23.16,87.7,1011.92,18.42,36.88,6.22
2026-04-16 22:11:06,23.13,89.17,1013.28,17.95,37.04,6.19
2026-04-16 22:21:06,22.36,88.51,1009.0,17.85,35.97,6.16
2026-04-16 22:31:06,22.28,88.82,1014.63,17.49,37.07,6.2
2026-04-16 22:41:06,21.92,89.41,1014.99,17.45,36.8,6.18
2026-04-16 22:51:06,22.62,88.65,1011.81,16.97,36.49,6.23
2026-04-16 23:01:06,21.74,89.42,1012.99,16.94,37.31,6.2
2026-04-16 23:11:06,22.0,89.01,1012.83,17.01,37.33,6.21
2026-04-16 23:21:06,21.83,88.9,1008.17,16.63,37.61,6.18
2026-04-16 23:31:06,22.24,89.13,1008.79,16.73,37.1,6.19
2026-04-16 23:41:06,21.7,89.05,1013.03,16.49,36.33,6.22
2026-04-16 23:51:06,21.68,89.86,1009.66,16.18,37.56,6.21
2026-04-17 00:01:06,21.42,90.0,1010.86,16.32,37.47,6.18
2026-04-17 00:11:06,21.56,89.57,1009.83,15.89,37.28,6.23
2026-04-17 00:21:06,21.21,89.99,1011.67,15.41,36.53,6.19
2026-04-17 00:31:06,21.55,89.95,1011.79,15.9,37.13,6.2
2026-04-17 00:41:06,21.24,89.63,1013.99,15.74,36.8,6.18
2026-04-17 00:51:06,21.9,89.76,1011.68,15.17,36.81,6.18
2026-04-17 01:01:06,21.0,90.0,1011.29,15.47,36.94,6.2
2026-04-17 01:11:06,21.0,90.0,1009.58,14.97,35.78,6.21
2026-04-17 01:21:06,21.37,90.0,1012.95,15.29,36.2,6.18
2026-04-17 01:31:06,21.0,89.95,1012.06,14.99,37.38,6.22
2026-04-17 01:41:06,21.04,90.0,1010.58,14.4,37.24,6.19
2026-04-17 01:51:06,21.0,89.71,1013.47,14.21,38.38,6.17
2026-04-17 02:01:06,21.0,89.86,1012.16,14.37,36.5,6.21
2026-04-17 02:11:06,21.0,90.0,1014.23,14.6,36.17,6.21
2026-04-17 02:21:06,21.0,89.55,1011.69,14.27,36.83,6.19
2026-04-17 02:31:06,21.0,89.54,1011.79,14.02,37.61,6.2
2026-04-17 02:41:06,21.0,90.0,1010.95,14.23,36.68,6.21
2026-04-17 02:51:06,21.0,89.17,1013.25,14.35,37.41,6.21
2026-04-17 03:01:06,21.0,90.0,1013.9,14.48,38.19,6.25
2026-04-17 03:11:06,21.0,89.71,1010.62,14.18,37.59,6.2
2026-04-17 03:21:06,21.29,90.0,1013.56,14.06,37.41,6.2
2026-04-17 03:31:06,21.0,89.2,1012.95,13.68,37.22,6.21
2026-04-17 03:41:06,21.48,89.58,1012.64,14.09,36.88,6.18
2026-04-17 03:51:06,21.84,88.85,1011.15,14.12,36.35,6.19
2026-04-17 04:01:06,22.09,89.79,1010.95,13.79,37.44,6.19
2026-04-17 04:11:06,21.75,89.68,1011.71,14.27,38.21,6.19
2026-04-17 04:21:06,21.59,89.29,1013.88,14.09,36.46,6.2
2026-04-17 04:31:06,22.18,89.87,1011.71,13.74,36.88,6.19
2026-04-17 04:41:06,21.72,89.53,1011.41,14.11,37.05,6.21
2026-04-17 04:51:06,22.22,89.8,1010.55,14.19,37.15,6.24
2026-04-17 05:01:06,22.34,90.0,1014.96,14.18,37.49,6.22
2026-04-17 05:11:06,21.77,88.73,1010.15,14.27,37.27,6.2
2026-04-17 05:21:06,22.24,87.85,1011.42,13.93,37.46,6.21
2026-04-17 05:31:06,22.45,88.86,1009.68,14.16,37.22,6.17
2026-04-17 05:41:06,22.77,89.15,1011.2,14.17,37.17,6.19
2026-04-17 05:51:06,22.55,89.04,1012.76,14.49,36.6,6.19
2026-04-17 06:01:06,22.82,88.92,1012.85,14.46,37.04,6.2
2026-04-17 06:11:06,22.59,88.46,1012.13,14.65,36.67,6.2
2026-04-17 06:21:06,22.79,88.46,1014.84,15.1,36.38,6.23
2026-04-17 06:31:06,23.32,88.33,1009.17,14.9,36.99,6.19
2026-04-17 06:41:06,23.46,87.03,1012.26,15.2,36.7,6.18
2026-04-17 06:51:06,23.5,88.09,1012.84,14.98,36.82,6.24
2026-04-17 07:01:06,23.16,87.61,1011.67,15.06,36.7,6.18
2026-04-17 07:11:06,24.31,86.31,1014.02,15.36,36.13,6.18
2026-04-17 07:21:06,23.95,87.34,1008.52,15.57,36.9,6.22
2026-04-17 07:31:06,23.98,86.85,1010.47,15.8,36.85,6.19
2026-04-17 07:41:06,23.96,87.34,1010.4,15.8,37.39,6.17
2026-04-17 07:51:06,24.55,86.4,1012.16,15.65,36.8,6.2
2026-04-17 08:01:06,24.53,87.05,1011.71,15.72,36.99,6.21
2026-04-17 08:11:06,24.42,87.43,1011.55,16.3,36.93,6.23
2026-04-17 08:21:06,24.43,85.64,1012.76,16.13,36.92,6.18
2026-04-17 08:31:06,24.34,87.18,1012.91,16.9,37.08,6.22
2026-04-17 08:41:06,25.1,86.32,1011.33,16.88,36.37,6.19
2026-04-17 08:51:06,25.53,86.78,1012.95,16.99,36.33,6.22
2026-04-17 09:01:06,25.46,86.64,1012.22,17.27,38.01,6.19
2026-04-17 09:11:06,25.8,86.15,1008.93,17.11,36.69,6.18
2026-04-17 09:21:06,25.41,85.6,1011.97,17.65,36.84,6.23
2026-04-17 09:31:06,26.13,86.41,1013.05,17.56,36.39,6.18
2026-04-17 09:41:06,25.4,85.37,1010.36,17.69,38.13,6.22
2026-04-17 09:51:06,26.26,85.73,1014.43,18.0,36.51,6.18
2026-04-17 10:01:06,26.37,85.46,1010.58,17.61,36.26,6.18
2026-04-17 10:11:06,25.8,85.64,1012.32,18.4,36.43,6.2
2026-04-17 10:21:06,25.96,85.7,1010.44,18.39,36.57,6.16
2026-04-17 10:31:06,26.07,84.59,1012.26,18.6,37.81,6.21
2026-04-17 10:41:06,26.29,85.08,1011.21,18.81,37.22,6.21
2026-04-17 10:51:06,26.75,84.42,1013.42,19.22,36.45,6.18
2026-04-17 11:01:06,26.65,85.95,1010.23,19.02,36.88,6.19
2026-04-17 11:11:06,26.72,85.03,1012.54,19.49,37.6,6.17
2026-04-17 11:21:06,26.89,84.55,1011.1,19.45,36.41,6.19
2026-04-17 11:31:06,27.36,84.38,1015.2,19.65,36.45,6.2
2026-04-17 11:41:06,27.81,84.78,1010.35,19.85,36.25,6.18
2026-04-17 11:51:06,27.45,84.49,1012.29,19.78,37.4,6.21
2026-04-17 12:01:06,27.81,84.25,1013.34,19.6,36.72,6.21
2026-04-17 12:11:06,27.35,84.14,1011.91,20.02,37.01,6.2
2026-04-17 12:21:06,27.98,84.0,1012.55,19.74,37.13,6.16
2026-04-17 12:31:06,28.0,84.84,1009.46,20.29,37.22,6.18
2026-04-17 12:41:06,27.46,84.0,1010.82,20.4,37.34,6.2
2026-04-17 12:51:06,28.0,84.0,1012.94,21.08,36.5,6.19
2026-04-17 13:01:06,27.18,84.54,1012.3,20.69,37.38,6.19
2026-04-17 13:11:06,27.83,84.13,1011.25,21.01,36.91,6.21
2026-04-17 13:21:06,27.98,84.02,1012.72,21.15,36.93,6.2
2026-04-17 13:31:06,28.0,84.76,1012.32,21.19,36.79,6.23
2026-04-17 13:41:06,28.0,84.9,1012.61,21.73,36.72,6.23
2026-04-17 13:51:06,28.0,84.0,1010.72,21.75,36.55,6.2
2026-04-17 14:01:06,28.0,84.86,1012.35,21.57,37.19,6.2
2026-04-17 14:11:06,28.0,85.44,1011.84,21.7,36.7,6.21
2026-04-17 14:21:06,28.0,84.0,1011.1,21.88,36.6,6.19
2026-04-17 14:31:06,28.0,84.09,1011.44,21.66,36.03,6.16
2026-04-17 14:41:06,27.34,84.0,1010.88,21.63,36.61,6.21
2026-04-17 14:51:06,27.83,84.91,1009.59,21.75,36.56,6.22
2026-04-17 15:01:06,28.0,84.22,1014.87,21.75,36.7,6.18
2026-04-17 15:11:06,27.84,84.0,1012.46,21.93,37.02,6.18
2026-04-17 15:21:06,28.0,84.33,1011.78,21.74,35.96,6.23
2026-04-17 15:31:06,27.76,84.96,1011.12,21.73,36.19,6.2
2026-04-17 15:41:06,27.78,84.38,1009.95,21.63,37.17,6.23
2026-04-17 15:51:06,27.74,84.82,1011.22,21.78,35.97,6.22
2026-04-17 16:01:06,27.7,84.72,1012.22,21.56,37.0,6.18
2026-04-17 16:11:06,27.45,84.48,1012.58,22.06,36.71,6.19
2026-04-17 16:21:06,26.9,85.29,1011.34,22.58,36.83,6.22
2026-04-17 16:31:06,27.31,84.76,1009.44,22.2,37.55,6.19
2026-04-17 16:41:06,27.03,85.0,1014.97,22.04,36.91,6.22
2026-04-17 16:51:06,26.58,84.7,1010.09,21.74,36.23,6.19
2026-04-17 17:01:06,27.07,84.88,1012.7,21.95,36.35,6.17
2026-04-17 17:11:06,26.55,84.83,1010.86,21.85,36.61,6.24
2026-04-17 17:21:06,26.66,84.43,1010.35,22.0,36.81,6.2
2026-04-17 17:31:06,26.16,84.41,1011.3,21.61,36.69,6.23
2026-04-17 17:41:06,26.45,85.8,1011.83,21.35,36.83,6.19
2026-04-17 17:51:06,26.2,84.91,1011.15,21.7,35.88,6.2
2026-04-17 18:01:06,26.46,85.35,1011.41,21.24,35.61,6.18
2026-04-17 18:11:06,26.15,86.29,1011.8,21.41,36.62,6.24
2026-04-17 18:21:06,26.01,85.31,1010.67,21.49,36.96,6.19
2026-04-17 18:31:06,25.79,85.48,1012.42,21.15,36.78,6.22
2026-04-17 18:41:06,25.97,85.97,1010.77,20.74,36.26,6.18
2026-04-17 18:51:06,25.64,87.23,1011.78,20.89,37.73,6.2
2026-04-17 19:01:06,25.32,85.32,1012.46,20.73,37.16,6.19
2026-04-17 19:11:06,25.9,86.11,1013.32,20.43,37.23,6.2
2026-04-17 19:21:06,25.5,86.48,1011.04,20.73,36.49,6.19
2026-04-17 19:31:06,25.23,86.9,1011.01,20.42,36.67,6.21
2026-04-17 19:41:06,25.35,86.68,1013.48,20.23,36.8,6.21
2026-04-17 19:51:06,24.54,87.68,1014.14,20.06,36.18,6.19
2026-04-17 20:01:06,24.15,87.61,1010.71,19.79,36.28,6.14
2026-04-17 20:11:06,23.93,86.96,1011.98,19.8,35.86,6.19
2026-04-17 20:21:06,24.29,87.12,1011.98,19.84,36.22,6.22
2026-04-17 20:31:06,24.33,87.47,1012.28,19.56,36.47,6.22
2026-04-17 20:41:06,23.93,86.88,1014.16,19.41,37.18,6.18
2026-04-17 20:51:06,24.0,87.17,1010.25,19.15,36.32,6.18
2026-04-17 21:01:06,23.65,87.61,1012.88,19.2,36.59,6.19
2026-04-17 21:11:06,22.7,87.89,1014.11,18.7,36.81,6.22
2026-04-17 21:21:06,23.67,87.65,1013.3,18.37,35.77,6.16
2026-04-17 21:31:06,23.48,88.36,1012.66,18.5,37.31,6.19
2026-04-17 21:41:06,23.21,88.72,1012.34,18.37,36.52,6.21
2026-04-17 21:51:06,22.81,88.22,1009.89,18.43,37.2,6.19
2026-04-17 22:01:06,22.82,88.89,1013.94,17.73,36.79,6.2
2026-04-17 22:11:06,22.7,89.13,1011.26,17.54,36.18,6.22
2026-04-17 22:21:06,21.97,88.83,1011.42,18.18,35.08,6.19
2026-04-17 22:31:06,22.48,88.85,1010.94,17.44,36.75,6.17
2026-04-17 22:41:06,22.32,88.77,1011.94,17.18,36.1,6.2
2026-04-17 22:51:06,22.0,89.85,1013.48,16.98,37.03,6.18
2026-04-17 23:01:06,22.46,88.4,1008.59,17.05,36.74,6.22
2026-04-17 23:11:06,21.34,89.17,1013.5,16.86,37.2,6.23
2026-04-17 23:21:06,21.77,89.34,1013.99,17.01,35.79,6.18
2026-04-17 23:31:06,21.46,88.95,1013.3,16.49,35.82,6.21
2026-04-17 23:41:06,22.36,90.0,1011.18,16.2,36.34,6.21
2026-04-17 23:51:06,21.1,89.65,1013.2,16.27,35.96,6.16
2026-04-18 00:01:06,21.01,89.13,1012.62,15.54,35.88,6.2
2026-04-18 00:11:06,21.4,90.0,1012.32,15.85,36.63,6.24
2026-04-18 00:21:06,21.2,89.49,1011.63,15.87,36.48,6.23
2026-04-18 00:31:06,21.0,90.0,1012.87,15.46,36.27,6.24
2026-04-18 00:41:06,21.75,90.0,1014.4,14.94,36.47,6.19
2026-04-18 00:51:06,21.0,90.0,1013.56,15.71,35.34,6.19
2026-04-18 01:01:06,21.0,90.0,1011.13,15.21,35.53,6.19
2026-04-18 01:11:06,21.37,90.0,1012.44,15.11,36.71,6.19
2026-04-18 01:21:06,21.0,88.91,1012.77,14.93,35.99,6.2
2026-04-18 01:31:06,21.0,89.19,1013.47,14.85,35.94,6.19
2026-04-18 01:41:06,21.11,90.0,1008.96,14.44,36.63,6.2
2026-04-18 01:51:06,21.39,89.48,1013.22,14.93,35.7,6.22
2026-04-18 02:01:06,21.0,90.0,1011.09,14.92,36.55,6.18
2026-04-18 02:11:06,21.0,90.0,1014.1,14.21,36.15,6.2
2026-04-18 02:21:06,21.16,90.0,1013.13,14.54,35.81,6.21
2026-04-18 02:31:06,21.25,89.67,1010.33,14.59,36.38,6.18
2026-04-18 02:41:06,21.19,90.0,1012.65,14.12,36.81,6.19
2026-04-18 02:51:06,21.0,89.61,1012.61,14.27,36.46,6.22
2026-04-18 03:01:06,21.08,90.0,1012.38,13.94,36.67,6.19
2026-04-18 03:11:06,21.0,90.0,1009.28,14.23,36.49,6.19
2026-04-18 03:21:06,21.07,89.11,1011.13,14.2,36.28,6.21
2026-04-18 03:31:06,21.14,89.61,1014.2,14.3,36.22,6.22
2026-04-18 03:41:06,21.49,90.0,1011.92,14.3,37.44,6.22
2026-04-18 03:51:06,21.0,89.66,1011.25,14.27,35.07,6.18
2026-04-18 04:01:06,21.54,88.3,1012.65,14.13,36.96,6.23
2026-04-18 04:11:06,21.38,89.48,1014.94,13.5,37.31,6.26
2026-04-18 04:21:06,21.18,89.4,1011.06,13.9,36.02,6.19
2026-04-18 04:31:06,22.08,89.21,1010.46,14.24,36.29,6.19
2026-04-18 04:41:06,22.02,90.0,1013.55,14.15,36.62,6.23
2026-04-18 04:51:06,22.08,89.16,1010.83,14.27,36.29,6.22
2026-04-18 05:01:06,22.33,89.76,1009.67,13.97,36.09,6.22
2026-04-18 05:11:06,21.92,89.55,1009.98,14.25,36.89,6.16
2026-04-18 05:21:06,22.17,89.86,1015.88,14.11,36.32,6.2
2026-04-18 05:31:06,22.16,89.26,1011.26,14.77,35.81,6.22
2026-04-18 05:41:06,21.8,88.7,1010.7,14.48,36.32,6.19
2026-04-18 05:51:06,22.6,88.46,1012.56,14.44,36.04,6.18
2026-04-18 06:01:06,22.78,88.13,1012.04,14.55,36.52,6.22
2026-04-18 06:11:06,22.68,88.75,1011.34,14.53,36.74,6.19
2026-04-18 06:21:06,22.76,88.94,1010.1,14.48,36.57,6.16
2026-04-18 06:31:06,22.96,88.24,1011.75,14.84,35.97,6.21
2026-04-18 06:41:06,23.63,88.4,1014.23,14.52,36.08,6.18
2026-04-18 06:51:06,23.38,87.83,1012.82,14.9,36.05,6.2
2026-04-18 07:01:06,23.23,87.15,1015.31,15.35,35.9,6.19
2026-04-18 07:11:06,23.71,87.51,1014.23,15.01,36.32,6.18
2026-04-18 07:21:06,24.23,87.97,1011.59,15.74,36.24,6.2
2026-04-18 07:31:06,23.67,86.81,1010.29,15.5,36.04,6.15
2026-04-18 07:41:06,23.92,87.44,1012.66,15.7,36.05,6.21
2026-04-18 07:51:06,23.98,87.22,1010.83,15.93,36.76,6.2
2026-04-18 08:01:06,24.57,87.12,1014.25,16.05,35.79,6.17
2026-04-18 08:11:06,25.1,86.89,1013.87,16.31,35.99,6.19
2026-04-18 08:21:06,24.78,86.36,1011.66,16.21,36.11,6.2
2026-04-18 08:31:06,24.84,86.71,1011.17,16.37,36.04,6.17
2026-04-18 08:41:06,25.3,85.98,1012.3,17.09,35.37,6.18
2026-04-18 08:51:06,25.35,87.12,1012.35,16.43,35.58,6.19
2026-04-18 09:01:06,25.65,87.06,1011.91,17.05,35.91,6.19
2026-04-18 09:11:06,25.28,86.92,1007.26,17.36,35.79,6.21
2026-04-18 09:21:06,25.65,86.19,1010.7,17.69,35.88,6.25
2026-04-18 09:31:06,25.59,86.63,1013.13,17.37,35.39,6.19
2026-04-18 09:41:06,26.15,86.04,1011.08,17.84,35.38,6.22
2026-04-18 09:51:06,26.27,85.1,1012.23,17.79,35.57,6.19
2026-04-18 10:01:06,26.83,85.88,1010.21,18.06,36.31,6.22
2026-04-18 10:11:06,26.23,85.52,1013.56,17.89,36.05,6.2
2026-04-18 10:21:06,26.28,85.06,1010.77,18.51,36.69,6.16
2026-04-18 10:31:06,26.96,85.19,1010.82,18.63,36.61,6.19
2026-04-18 10:41:06,26.94,85.24,1007.46,18.67,35.1,6.19
2026-04-18 10:51:06,26.63,84.81,1013.07,18.79,35.54,6.23
2026-04-18 11:01:06,26.7,84.33,1013.65,19.14,35.87,6.21
2026-04-18 11:11:06,27.44,84.69,1009.22,19.07,35.97,6.2
2026-04-18 11:21:06,26.71,85.05,1011.98,19.58,36.19,6.2
2026-04-18 11:31:06,27.17,84.39,1015.4,19.65,36.05,6.18
2026-04-18 11:41:06,27.05,84.2,1010.49,19.38,35.64,6.2
2026-04-18 11:51:06,27.32,84.64,1010.27,20.1,35.77,6.18
2026-04-18 12:01:06,28.0,84.07,1010.46,20.11,36.2,6.21
2026-04-18 12:11:06,27.25,84.73,1011.89,20.48,36.05,6.19
2026-04-18 12:21:06,27.66,84.65,1009.58,20.46,36.41,6.19
2026-04-18 12:31:06,27.5,84.0,1014.0,20.42,35.8,6.22
2026-04-18 12:41:06,27.33,84.0,1011.22,20.59,35.69,6.19
2026-04-18 12:51:06,28.0,84.24,1013.71,20.75,35.86,6.19
2026-04-18 13:01:06,28.0,84.61,1011.35,20.51,35.31,6.2
2026-04-18 13:11:06,28.0,84.05,1010.2,20.61,35.9,6.17
2026-04-18 13:21:06,28.0,84.29,1011.23,21.17,36.58,6.22
2026-04-18 13:31:06,27.69,84.1,1014.08,21.33,36.99,6.22
2026-04-18 13:41:06,27.88,84.0,1012.97,21.36,36.15,6.18
2026-04-18 13:51:06,28.0,85.0,1017.27,21.21,35.32,6.19
2026-04-18 14:01:06,28.0,84.21,1013.4,21.5,35.5,6.2
2026-04-18 14:11:06,27.96,84.0,1011.9,21.87,35.43,6.21
2026-04-18 14:21:06,27.68,84.0,1013.2,21.58,35.33,6.18
2026-04-18 14:31:06,27.81,84.0,1014.19,21.86,34.67,6.21
2026-04-18 14:41:06,27.74,84.23,1013.85,22.15,35.97,6.21
2026-04-18 14:51:06,27.34,84.0,1010.31,21.89,35.65,6.21
2026-04-18 15:01:06,27.8,84.0,1009.88,21.67,35.41,6.16
2026-04-18 15:11:06,28.0,84.44,1011.49,21.73,36.32,6.2
2026-04-18 15:21:06,27.7,84.41,1011.82,21.91,35.81,6.2
2026-04-18 15:31:06,27.82,84.0,1010.62,21.98,35.83,6.24
2026-04-18 15:41:06,27.74,84.1,1010.78,21.79,35.54,6.2
2026-04-18 15:51:06,27.68,84.0,1011.96,21.96,35.83,6.21
2026-04-18 16:01:06,27.6,84.37,1012.52,21.78,35.78,6.23
2026-04-18 16:11:06,27.96,84.72,1007.54,22.32,36.8,6.21
2026-04-18 16:21:06,26.85,84.49,1009.51,21.72,35.73,6.21
2026-04-18 16:31:06,27.61,84.59,1010.92,22.11,35.69,6.19
2026-04-18 16:41:06,27.38,84.6,1010.25,21.79,35.73,6.18
2026-04-18 16:51:06,26.84,85.47,1015.5,22.16,35.25,6.18
2026-04-18 17:01:06,27.5,85.24,1012.56,21.76,36.9,6.21
2026-04-18 17:11:06,27.21,85.02,1011.7,21.63,36.8,6.19
2026-04-18 17:21:06,26.67,85.38,1011.81,21.39,35.66,6.21
2026-04-18 17:31:06,26.46,85.03,1014.86,21.59,35.22,6.19
2026-04-18 17:41:06,26.31,84.19,1013.11,21.74,36.55,6.17
2026-04-18 17:51:06,26.13,85.75,1015.53,21.78,35.69,6.23
2026-04-18 18:01:06,26.68,85.23,1011.7,21.39,35.64,6.19
2026-04-18 18:11:06,26.25,85.26,1012.57,21.43,35.91,6.21
2026-04-18 18:21:06,25.98,85.95,1009.64,21.46,35.56,6.2
2026-04-18 18:31:06,25.94,86.16,1009.13,21.42,35.76,6.2
2026-04-18 18:41:06,25.53,86.1,1012.71,21.27,34.57,6.19
2026-04-18 18:51:06,24.99,85.71,1008.23,21.03,35.43,6.24
2026-04-18 19:01:06,25.79,86.09,1013.33,20.73,35.39,6.21
2026-04-18 19:11:06,25.29,86.33,1013.33,20.64,35.37,6.19
2026-04-18 19:21:06,25.54,87.26,1014.05,20.51,35.56,6.2
2026-04-18 19:31:06,24.2,86.47,1012.2,20.33,35.98,6.2
2026-04-18 19:41:06,24.11,86.69,1013.25,20.24,36.8,6.17
2026-04-18 19:51:06,24.24,86.51,1011.79,20.1,35.73,6.22
2026-04-18 20:01:06,24.13,86.34,1013.45,20.19,35.93,6.2
2026-04-18 20:11:06,24.12,86.5,1011.07,19.35,35.79,6.18
2026-04-18 20:21:06,23.79,87.58,1009.88,19.46,35.27,6.2
2026-04-18 20:31:06,23.8,87.21,1010.94,19.45,35.75,6.19
2026-04-18 20:41:06,23.94,87.64,1012.6,19.15,36.33,6.21
2026-04-18 20:51:06,23.63,87.69,1010.34,19.05,35.97,6.23
2026-04-18 21:01:06,23.44,87.12,1012.3,18.93,35.62,6.18
2026-04-18 21:11:06,23.39,89.42,1010.57,18.96,35.53,6.21
2026-04-18 21:21:06,23.57,88.4,1011.23,19.07,36.1,6.18
2026-04-18 21:31:06,22.79,88.46,1012.63,18.41,35.73,6.2
2026-04-18 21:41:06,22.81,87.93,1012.38,18.0,35.07,6.18
2026-04-18 21:51:06,22.6,87.77,1010.06,18.02,36.26,6.2
2026-04-18 22:01:06,22.99,88.79,1012.02,17.99,35.89,6.2
2026-04-18 22:11:06,22.85,88.35,1012.09,18.09,36.92,6.2
2026-04-18 22:21:06,22.62,89.31,1012.54,17.77,35.76,6.2
2026-04-18 22:31:06,22.39,88.51,1011.38,17.35,35.36,6.2
2026-04-18 22:41:06,22.73,88.57,1012.89,17.08,35.53,6.24
2026-04-18 22:51:06,21.83,89.04,1013.56,16.96,34.95,6.17
2026-04-18 23:01:06,21.68,88.99,1009.58,17.22,35.2,6.18
2026-04-18 23:11:06,21.38,89.19,1012.91,17.16,36.07,6.24
2026-04-18 23:21:06,21.95,89.69,1012.52,16.92,35.98,6.23
2026-04-18 23:31:06,21.36,89.85,1012.69,16.22,35.37,6.2
2026-04-18 23:41:06,21.16,89.46,1012.92,16.21,35.61,6.19
2026-04-18 23:51:06,21.93,89.6,1011.46,15.84,35.93,6.19
2026-04-19 00:01:06,21.0,88.98,1015.58,15.95,35.14,6.2
2026-04-19 00:11:06,21.85,89.3,1013.84,15.77,35.04,6.21
2026-04-19 00:21:06,21.19,89.82,1013.14,15.65,35.81,6.2
2026-04-19 00:31:06,21.49,90.0,1011.92,15.18,35.12,6.25
2026-04-19 00:41:06,21.0,90.0,1013.47,15.35,35.62,6.19
2026-04-19 00:51:06,21.51,90.0,1014.26,15.32,36.05,6.18
2026-04-19 01:01:06,21.45,89.87,1012.61,15.36,35.29,6.22
2026-04-19 01:11:06,21.27,90.0,1012.03,15.07,35.05,6.18
2026-04-19 01:21:06,21.71,89.38,1013.33,15.16,35.18,6.19
2026-04-19 01:31:06,21.46,90.0,1008.96,14.91,34.81,6.19
2026-04-19 01:41:06,21.0,90.0,1010.17,14.88,35.48,6.23
2026-04-19 01:51:06,21.22,90.0,1011.2,14.67,36.09,6.2
2026-04-19 02:01:06,21.25,90.0,1012.52,14.56,35.29,6.18
2026-04-19 02:11:06,21.0,89.05,1011.71,14.79,35.56,6.2
2026-04-19 02:21:06,21.05,89.03,1013.18,14.28,35.53,6.19
2026-04-19 02:31:06,21.14,90.0,1011.13,14.2,35.99,6.2
2026-04-19 02:41:06,21.01,90.0,1009.75,14.49,34.81,6.18
2026-04-19 02:51:06,21.44,90.0,1010.45,14.02,36.31,6.21
2026-04-19 03:01:06,21.41,90.0,1010.87,14.41,35.73,6.21
2026-04-19 03:11:06,21.34,89.55,1011.36,14.05,34.95,6.21
2026-04-19 03:21:06,21.19,90.0,1013.31,14.29,35.54,6.14
2026-04-19 03:31:06,21.28,90.0,1014.37,13.96,34.9,6.23
2026-04-19 03:41:06,21.0,90.0,1010.6,14.02,35.53,6.2
2026-04-19 03:51:06,21.72,89.04,1011.52,13.82,35.2,6.19
2026-04-19 04:01:06,21.83,88.45,1013.7,13.69,35.93,6.2
2026-04-19 04:11:06,21.13,90.0,1012.87,14.08,35.05,6.17
2026-04-19 04:21:06,21.33,89.51,1013.05,13.87,35.8,6.2
2026-04-19 04:31:06,21.78,89.7,1010.55,14.03,35.72,6.24
2026-04-19 04:41:06,21.05,89.15,1014.58,14.18,35.15,6.21
2026-04-19 04:51:06,22.07,87.98,1011.14,14.24,35.49,6.2
2026-04-19 05:01:06,22.12,88.5,1014.28,14.18,35.27,6.25
2026-04-19 05:11:06,21.53,88.91,1010.87,14.49,35.7,6.23
2026-04-19 05:21:06,22.64,88.63,1014.2,14.06,35.07,6.19
2026-04-19 05:31:06,22.43,88.83,1010.23,14.73,35.53,6.19
2026-04-19 05:41:06,22.87,88.23,1011.99,14.34,35.38,6.15
2026-04-19 05:51:06,22.4,89.31,1011.08,14.32,35.67,6.2
2026-04-19 06:01:06,22.85,88.43,1009.76,14.31,35.99,6.21
2026-04-19 06:11:06,22.48,88.15,1010.7,14.55,35.12,6.2
2026-04-19 06:21:06,23.52,89.06,1011.53,14.68,35.45,6.22
2026-04-19 06:31:06,23.24,88.12,1011.95,15.0,35.56,6.2
2026-04-19 06:41:06,23.56,86.76,1012.2,14.65,34.95,6.2
2026-04-19 06:51:06,23.49,87.5,1011.99,15.02,35.07,6.21
2026-04-19 07:01:06,24.1,88.09,1011.42,15.05,35.07,6.18
2026-04-19 07:11:06,23.49,88.42,1012.3,15.42,35.65,6.21
2026-04-19 07:21:06,23.77,86.39,1011.13,15.5,36.06,6.21
2026-04-19 07:31:06,23.88,87.54,1011.38,15.36,35.41,6.22
2026-04-19 07:41:06,24.14,87.64,1011.74,15.65,34.46,6.2
2026-04-19 07:51:06,24.67,86.58,1011.36,15.81,35.49,6.2
2026-04-19 08:01:06,24.3,87.12,1011.35,15.93,35.63,6.23
2026-04-19 08:11:06,24.2,86.68,1010.07,16.19,34.7,6.2
2026-04-19 08:21:06,24.93,86.9,1012.16,16.11,35.85,6.19
2026-04-19 08:31:06,25.07,86.81,1013.59,16.37,35.72,6.18
2026-04-19 08:41:06,25.16,85.76,1010.84,16.49,35.48,6.19
2026-04-19 08:51:06,24.97,86.29,1011.84,16.83,35.42,6.22
2026-04-19 09:01:06,25.08,85.36,1013.12,16.9,35.71,6.19
2026-04-19 09:11:06,25.44,85.98,1010.24,17.1,35.68,6.18
2026-04-19 09:21:06,25.91,85.75,1013.34,17.19,35.86,6.2
2026-04-19 09:31:06,25.37,85.2,1008.89,17.42,35.04,6.18
2026-04-19 09:41:06,25.83,85.02,1009.93,17.86,35.69,6.22
2026-04-19 09:51:06,25.47,85.8,1013.92,17.99,35.16,6.22
2026-04-19 10:01:06,26.1,85.75,1011.22,17.91,35.4,6.23
2026-04-19 10:11:06,26.28,86.04,1009.82,18.13,35.89,6.19
2026-04-19 10:21:06,26.72,84.78,1011.01,18.37,36.02,6.17
2026-04-19 10:31:06,26.86,84.96,1015.75,18.79,35.67,6.21
2026-04-19 10:41:06,26.38,85.94,1012.1,18.95,35.31,6.17
2026-04-19 10:51:06,26.95,84.51,1011.45,18.65,35.24,6.25
2026-04-19 11:01:06,27.12,85.24,1010.13,19.04,34.99,6.21
2026-04-19 11:11:06,27.21,84.43,1013.36,19.15,34.87,6.19
2026-04-19 11:21:06,27.04,84.55,1013.39,19.38,35.09,6.17
2026-04-19 11:31:06,26.98,85.82,1012.67,19.82,34.91,6.21
2026-04-19 11:41:06,27.47,84.81,1014.57,19.51,34.76,6.18
2026-04-19 11:51:06,27.39,85.01,1012.22,19.91,34.75,6.18
2026-04-19 12:01:06,27.72,84.98,1011.6,20.21,35.8,6.19
2026-04-19 12:11:06,27.76,84.46,1009.26,20.08,34.49,6.2
2026-04-19 12:21:06,27.51,84.28,1013.47,20.48,35.52,6.19
2026-04-19 12:31:06,28.0,84.79,1014.52,20.49,35.66,6.23
2026-04-19 12:41:06,27.94,84.16,1011.35,20.52,35.78,6.16
2026-04-19 12:51:06,28.0,84.17,1013.16,21.29,34.67,6.22
2026-04-19 13:01:06,27.76,85.22,1014.81,20.58,35.9,6.22
2026-04-19 13:11:06,27.77,84.08,1014.11,20.97,34.89,6.22
2026-04-19 13:21:06,27.58,84.0,1010.77,20.87,36.25,6.22
2026-04-19 13:31:06,28.0,84.23,1010.61,21.11,34.52,6.22
2026-04-19 13:41:06,27.85,84.0,1014.84,21.55,35.94,6.22
2026-04-19 13:51:06,27.78,84.52,1010.08,21.76,35.35,6.17
2026-04-19 14:01:06,27.74,84.0,1012.34,21.42,35.11,6.22
2026-04-19 14:11:06,27.78,84.68,1010.77,21.56,35.52,6.2
2026-04-19 14:21:06,28.0,84.0,1011.74,21.77,35.74,6.19
2026-04-19 14:31:06,27.77,84.0,1012.74,21.6,34.72,6.22
2026-04-19 14:41:06,27.92,84.21,1013.28,21.73,35.79,6.21
2026-04-19 14:51:06,28.0,84.0,1014.35,21.6,35.71,6.2
2026-04-19 15:01:06,27.65,84.17,1011.34,21.65,34.15,6.22
2026-04-19 15:11:06,27.74,84.63,1011.13,22.0,36.27,6.19
2026-04-19 15:21:06,27.6,85.02,1010.58,21.68,35.16,6.21
2026-04-19 15:31:06,28.0,84.94,1012.15,22.21,34.91,6.19
2026-04-19 15:41:06,27.39,84.82,1013.4,21.82,35.66,6.21
2026-04-19 15:51:06,27.86,84.12,1013.19,22.21,35.82,6.22
2026-04-19 16:01:06,27.25,84.3,1011.48,21.82,35.16,6.22
2026-04-19 16:11:06,27.49,84.87,1010.36,21.82,34.7,6.19
2026-04-19 16:21:06,26.94,84.11,1009.26,21.9,35.44,6.2
2026-04-19 16:31:06,27.5,85.16,1010.88,21.86,35.8,6.17
2026-04-19 16:41:06,27.04,84.58,1011.79,22.03,34.92,6.19
2026-04-19 16:51:06,27.11,85.43,1012.11,21.64,34.35,6.22
2026-04-19 17:01:06,26.94,84.27,1010.64,21.9,34.56,6.18
2026-04-19 17:11:06,26.83,85.09,1010.82,21.43,35.11,6.15
2026-04-19 17:21:06,27.12,85.19,1012.36,21.61,34.95,6.2
2026-04-19 17:31:06,26.18,84.61,1012.36,21.78,34.21,6.17
2026-04-19 17:41:06,26.53,85.42,1012.95,21.57,35.38,6.23
2026-04-19 17:51:06,26.4,85.87,1012.66,21.47,35.7,6.23
2026-04-19 18:01:06,26.37,85.11,1010.1,21.33,34.64,6.17
2026-04-19 18:11:06,25.93,85.39,1014.06,21.58,35.66,6.18
2026-04-19 18:21:06,26.31,85.45,1009.24,21.44,34.73,6.2
2026-04-19 18:31:06,25.89,85.37,1009.56,21.37,35.42,6.25
2026-04-19 18:41:06,26.02,86.14,1011.83,21.1,34.91,6.21
2026-04-19 18:51:06,26.06,85.96,1012.83,20.82,35.39,6.21
2026-04-19 19:01:06,25.18,86.89,1011.37,20.69,35.26,6.18
2026-04-19 19:11:06,24.86,85.96,1011.16,20.88,35.79,6.23
2026-04-19 19:21:06,24.97,85.87,1015.47,20.41,34.86,6.21
2026-04-19 19:31:06,24.39,86.65,1011.31,20.36,36.16,6.19
2026-04-19 19:41:06,24.95,86.02,1011.55,20.47,35.3,6.19
2026-04-19 19:51:06,25.28,86.2,1012.86,20.24,35.41,6.24
2026-04-19 20:01:06,24.71,88.12,1010.76,20.07,35.25,6.2
2026-04-19 20:11:06,24.88,86.85,1009.59,19.82,34.69,6.18
2026-04-19 20:21:06,24.05,86.47,1011.63,19.7,34.41,6.23
2026-04-19 20:31:06,24.01,87.43,1011.48,19.51,35.8,6.18
2026-04-19 20:41:06,24.01,87.69,1011.29,19.48,35.61,6.18
2026-04-19 20:51:06,23.31,87.52,1013.94,19.09,35.22,6.18
2026-04-19 21:01:06,23.3,88.63,1012.72,18.7,34.67,6.16
2026-04-19 21:11:06,22.99,87.54,1011.58,18.97,34.21,6.18
2026-04-19 21:21:06,23.26,87.95,1009.88,18.52,35.04,6.23
2026-04-19 21:31:06,23.53,88.32,1010.66,18.2,35.38,6.18
2026-04-19 21:41:06,22.78,88.49,1011.4,18.09,35.69,6.23
2026-04-19 21:51:06,22.78,87.83,1013.02,17.96,35.49,6.2
2026-04-19 22:01:06,22.96,88.66,1012.68,18.07,34.8,6.19
2026-04-19 22:11:06,23.0,88.21,1015.15,17.69,34.53,6.2
2026-04-19 22:21:06,22.65,88.24,1009.96,17.67,34.5,6.19
2026-04-19 22:31:06,22.11,89.07,1011.46,17.27,35.18,6.21
2026-04-19 22:41:06,22.12,88.96,1013.5,17.0,34.69,6.2
2026-04-19 22:51:06,22.5,89.57,1011.78,17.13,35.71,6.23
2026-04-19 23:01:06,21.93,88.93,1013.16,16.91,35.0,6.21
2026-04-19 23:11:06,21.82,89.18,1009.84,16.98,34.59,6.2
2026-04-19 23:21:06,21.38,88.5,1009.63,16.47,35.24,6.18
2026-04-19 23:31:06,21.15,88.5,1011.13,16.21,35.01,6.21
2026-04-19 23:41:06,21.67,88.84,1010.78,16.3,35.65,6.21
2026-04-19 23:51:06,21.7,89.97,1011.44,16.2,40.5,6.19
2026-04-20 00:01:06,21.01,89.65,1013.35,15.55,39.49,6.21
2026-04-20 00:11:06,21.09,89.76,1011.18,15.39,39.85,6.19
2026-04-20 00:21:06,21.58,89.54,1013.09,15.73,39.69,6.22
2026-04-20 00:31:06,21.34,89.5,1011.23,15.62,39.41,6.18
2026-04-20 00:41:06,21.0,90.0,1012.84,15.45,39.65,6.19
2026-04-20 00:51:06,21.0,90.0,1010.5,15.27,39.5,6.2
2026-04-20 01:01:06,21.05,89.79,1013.35,15.1,40.09,6.18
2026-04-20 01:11:06,21.0,89.57,1007.63,15.37,39.78,6.21
2026-04-20 01:21:06,21.44,90.0,1012.42,15.14,40.13,6.2
2026-04-20 01:31:06,21.09,89.5,1009.86,14.84,40.47,6.22
2026-04-20 01:41:06,21.0,89.73,1012.76,14.78,39.68,6.17
2026-04-20 01:51:06,21.0,90.0,1011.61,14.86,39.77,6.21
2026-04-20 02:01:06,21.08,89.13,1011.87,14.4,39.59,6.18
2026-04-20 02:11:06,21.35,90.0,1010.59,14.33,39.19,6.19
2026-04-20 02:21:06,21.43,90.0,1013.09,13.93,39.91,6.19
2026-04-20 02:31:06,21.0,89.96,1011.15,14.49,39.73,6.19
2026-04-20 02:41:06,21.0,89.72,1011.55,14.21,39.25,6.2
2026-04-20 02:51:06,21.17,89.88,1012.74,14.25,40.09,6.19
2026-04-20 03:01:06,21.12,90.0,1013.64,13.67,39.69,6.22
2026-04-20 03:11:06,21.47,90.0,1010.12,14.27,39.26,6.19
2026-04-20 03:21:06,21.0,89.8,1010.2,14.09,40.23,6.2
2026-04-20 03:31:06,21.92,90.0,1013.59,13.98,39.59,6.18
2026-04-20 03:41:06,21.23,90.0,1011.02,13.97,39.55,6.23
2026-04-20 03:51:06,21.41,89.68,1011.42,13.98,39.73,6.2
2026-04-20 04:01:06,21.25,89.37,1012.13,13.84,39.67,6.23
2026-04-20 04:11:06,21.83,89.9,1012.38,13.82,40.91,6.18
2026-04-20 04:21:06,21.28,90.0,1010.8,14.1,40.67,6.24
2026-04-20 04:31:06,21.46,89.45,1009.96,13.89,39.22,6.2
2026-04-20 04:41:06,21.83,89.16,1012.96,14.29,39.71,6.22
2026-04-20 04:51:06,22.13,89.41,1010.41,14.06,40.05,6.21
2026-04-20 05:01:06,22.11,89.45,1013.12,14.02,40.3,6.2
2026-04-20 05:11:06,22.2,89.22,1010.65,13.82,40.46,6.2
2026-04-20 05:21:06,22.35,89.32,1012.63,13.93,38.9,6.2
2026-04-20 05:31:06,21.99,89.42,1010.19,14.01,40.65,6.18
2026-04-20 05:41:06,21.96,88.95,1013.58,14.53,40.04,6.19
2026-04-20 05:51:06,22.19,89.27,1014.93,14.3,39.62,6.22
2026-04-20 06:01:06,22.81,88.32,1013.24,14.56,38.76,6.22
2026-04-20 06:11:06,22.84,87.18,1011.69,14.76,40.13,6.22
2026-04-20 06:21:06,23.09,87.86,1011.99,14.46,39.86,6.18
2026-04-20 06:31:06,22.83,88.37,1013.99,14.65,39.98,6.22
2026-04-20 06:41:06,23.31,88.01,1012.56,15.12,39.13,6.22
2026-04-20 06:51:06,23.55,87.57,1011.73,15.13,39.88,6.2
2026-04-20 07:01:06,23.62,87.6,1011.84,15.25,40.73,6.2
2026-04-20 07:11:06,23.85,86.97,1010.5,15.09,39.32,6.16
2026-04-20 07:21:06,23.6,87.36,1010.74,15.5,39.78,6.2
2026-04-20 07:31:06,23.69,87.59,1010.37,15.88,40.26,6.19
2026-04-20 07:41:06,24.07,87.54,1011.1,15.93,39.62,6.22
2026-04-20 07:51:06,24.21,87.51,1012.43,15.72,39.75,6.23
2026-04-20 08:01:06,24.66,87.11,1011.97,15.68,39.94,6.21
2026-04-20 08:11:06,24.39,87.58,1010.74,16.28,39.77,6.2
2026-04-20 08:21:06,24.85,86.34,1009.28,16.36,39.92,6.21
2026-04-20 08:31:06,24.85,86.44,1011.96,16.92,39.88,6.2
2026-04-20 08:41:06,25.28,85.92,1012.16,16.53,40.46,6.2
2026-04-20 08:51:06,25.32,86.6,1012.1,16.77,40.52,6.19
2026-04-20 09:01:06,25.31,86.27,1013.16,17.04,39.5,6.2
2026-04-20 09:11:06,25.37,85.78,1011.1,17.24,39.89,6.2
2026-04-20 09:21:06,25.58,86.09,1013.88,17.32,39.44,6.21
2026-04-20 09:31:06,26.14,85.31,1009.91,17.33,39.09,6.2
2026-04-20 09:41:06,26.22,85.66,1010.22,17.52,39.61,6.21
2026-04-20 09:51:06,26.6,85.65,1014.31,17.9,39.7,6.19
2026-04-20 10:01:06,26.34,85.61,1011.62,17.62,39.79,6.2
2026-04-20 10:11:06,26.03,85.54,1010.26,18.0,40.33,6.24
2026-04-20 10:21:06,26.48,85.68,1013.14,18.14,39.7,6.19
2026-04-20 10:31:06,26.55,84.79,1011.21,18.82,39.76,6.21
2026-04-20 10:41:06,26.51,85.4,1012.83,18.68,39.11,6.21
2026-04-20 10:51:06,26.93,84.85,1012.76,18.92,39.21,6.19
2026-04-20 11:01:06,27.52,84.66,1013.12,18.57,40.06,6.23
2026-04-20 11:11:06,27.21,84.51,1011.98,19.27,38.23,6.18
2026-04-20 11:21:06,27.67,84.74,1010.75,19.68,39.44,6.22
2026-04-20 11:31:06,27.12,84.22,1012.85,19.44,40.35,6.25
2026-04-20 11:41:06,27.16,84.0,1011.71,19.39,39.3,6.18
2026-04-20 11:51:06,27.5,84.08,1014.6,20.37,39.35,6.22
2026-04-20 12:01:06,27.65,84.56,1012.83,19.77,38.82,6.19
2026-04-20 12:11:06,27.69,84.65,1014.64,20.03,39.54,6.2
2026-04-20 12:21:06,27.8,84.37,1013.56,20.57,40.1,6.22
2026-04-20 12:31:06,28.0,84.54,1015.08,20.98,39.3,6.18
2026-04-20 12:41:06,27.83,84.0,1015.5,20.65,40.02,6.22
2026-04-20 12:51:06,27.42,84.0,1013.76,20.47,38.76,6.18
2026-04-20 13:01:06,27.8,85.18,1013.38,20.64,38.95,6.2
2026-04-20 13:11:06,27.7,84.65,1011.38,21.31,39.16,6.19
2026-04-20 13:21:06,28.0,84.0,1011.94,21.24,38.71,6.17
2026-04-20 13:31:06,27.64,84.0,1012.59,21.02,38.77,6.17
2026-04-20 13:41:06,27.86,84.34,1013.27,21.54,40.51,6.2
2026-04-20 13:51:06,28.0,84.0,1011.79,21.64,39.02,6.19
2026-04-20 14:01:06,28.0,84.22,1010.24,21.64,39.46,6.19
2026-04-20 14:11:06,27.72,84.81,1012.21,21.8,39.49,6.2
2026-04-20 14:21:06,28.0,84.0,1011.86,21.47,39.86,6.2
2026-04-20 14:31:06,27.65,84.03,1011.89,21.8,38.99,6.2
2026-04-20 14:41:06,27.9,85.03,1013.97,21.58,39.6,6.22
2026-04-20 14:51:06,27.56,84.29,1010.85,21.74,39.81,6.22
2026-04-20 15:01:06,27.74,84.0,1012.25,21.74,39.0,6.21
2026-04-20 15:11:06,27.61,84.0,1011.02,22.14,38.86,6.21
2026-04-20 15:21:06,27.66,84.97,1010.32,21.78,40.55,6.18
2026-04-20 15:31:06,28.0,84.64,1011.27,22.05,39.42,6.18
2026-04-20 15:41:06,26.88,84.32,1011.38,22.15,39.63,6.22
2026-04-20 15:51:06,28.0,84.0,1011.93,22.0,40.13,6.23
2026-04-20 16:01:06,27.31,84.55,1012.71,22.27,40.25,6.2
2026-04-20 16:11:06,27.93,84.31,1011.52,22.17,39.3,6.17
2026-04-20 16:21:06,27.66,84.9,1012.12,21.98,39.0,6.18
2026-04-20 16:31:06,27.18,84.25,1011.5,21.68,38.74,6.2
2026-04-20 16:41:06,27.25,85.1,1012.32,22.36,40.03,6.21
2026-04-20 16:51:06,27.64,85.43,1014.33,21.77,39.71,6.21
2026-04-20 17:01:06,26.96,85.02,1010.87,21.99,39.23,6.21
2026-04-20 17:11:06,26.69,84.82,1013.97,21.44,38.89,6.21
2026-04-20 17:21:06,26.62,85.08,1010.0,22.02,39.09,6.19
2026-04-20 17:31:06,26.94,85.19,1012.13,21.67,39.09,6.16
2026-04-20 17:41:06,26.0,85.48,1012.0,21.73,39.13,6.2
2026-04-20 17:51:06,26.45,84.81,1011.56,21.58,39.71,6.18
2026-04-20 18:01:06,25.61,85.25,1014.99,21.13,40.2,6.18
2026-04-20 18:11:06,25.99,85.91,1010.62,21.57,39.61,6.23
2026-04-20 18:21:06,25.55,86.31,1010.81,21.2,39.36,6.21
2026-04-20 18:31:06,26.26,86.68,1012.38,20.95,38.86,6.21
2026-04-20 18:41:06,25.87,85.81,1011.45,20.98,38.76,6.17
2026-04-20 18:51:06,25.06,86.04,1012.27,21.04,39.55,6.21
2026-04-20 19:01:06,25.85,86.8,1013.15,20.84,40.39,6.23
2026-04-20 19:11:06,24.89,86.23,1012.38,20.74,39.74,6.21
2026-04-20 19:21:06,25.19,86.32,1012.57,20.75,39.62,6.2
2026-04-20 19:31:06,24.53,86.65,1013.24,20.27,38.97,6.17
2026-04-20 19:41:06,25.12,87.01,1013.68,20.22,38.83,6.22
2026-04-20 19:51:06,24.23,86.59,1011.0,20.41,39.26,6.21
2026-04-20 20:01:06,25.11,87.08,1012.71,19.87,39.26,6.2
2026-04-20 20:11:06,24.5,86.71,1010.03,20.3,39.48,6.21
2026-04-20 20:21:06,24.11,87.76,1010.32,19.47,39.44,6.19
2026-04-20 20:31:06,24.52,87.39,1011.92,19.6,39.9,6.23
2026-04-20 20:41:06,23.3,87.19,1010.54,19.28,38.69,6.21
2026-04-20 20:51:06,23.66,88.08,1010.5,19.28,38.97,6.24
2026-04-20 21:01:06,23.4,87.19,1015.11,19.18,38.55,6.17
2026-04-20 21:11:06,23.37,87.5,1013.84,18.97,39.4,6.16
2026-04-20 21:21:06,23.23,87.51,1012.31,18.76,39.4,6.21
2026-04-20 21:31:06,23.13,88.43,1011.66,18.6,39.09,6.21
2026-04-20 21:41:06,22.62,88.6,1009.3,18.67,38.56,6.19
2026-04-20 21:51:06,23.09,88.31,1011.98,18.41,38.94,6.23
2026-04-20 22:01:06,22.54,89.09,1011.05,17.63,39.41,6.18
2026-04-20 22:11:06,23.07,89.24,1010.58,17.9,39.27,6.18
2026-04-20 22:21:06,22.18,88.07,1009.96,17.33,38.74,6.19
2026-04-20 22:31:06,22.33,88.88,1013.91,17.4,39.23,6.16
2026-04-20 22:41:06,22.37,87.67,1012.27,17.3,38.95,6.21
2026-04-20 22:51:06,22.18,89.03,1011.78,17.08,38.75,6.21
2026-04-20 23:01:06,22.15,89.57,1010.34,17.08,39.28,6.22
2026-04-20 23:11:06,21.82,89.24,1013.53,16.54,38.9,6.18
2026-04-20 23:21:06,21.61,88.37,1012.34,16.36,39.72,6.2
2026-04-20 23:31:06,21.35,90.0,1010.23,16.36,39.08,6.22
2026-04-20 23:41:06,21.66,89.42,1010.75,16.48,39.56,6.21
2026-04-20 23:51:06,21.62,89.91,1013.64,16.52,38.63,6.2
2026-04-21 00:01:06,21.76,89.31,1013.66,15.95,38.93,6.21
2026-04-21 00:11:06,21.11,90.0,1009.69,15.85,39.98,6.17
2026-04-21 00:21:06,21.67,89.36,1011.26,15.79,38.57,6.17
2026-04-21 00:31:06,21.29,89.88,1012.65,15.62,38.83,6.2
2026-04-21 00:41:06,21.07,90.0,1009.58,15.33,39.87,6.17
2026-04-21 00:51:06,21.15,89.54,1010.92,15.44,39.59,6.18
2026-04-21 01:01:06,21.33,89.53,1015.45,14.99,40.0,6.19
2026-04-21 01:11:06,21.19,89.9,1010.93,14.83,39.3,6.21
2026-04-21 01:21:06,21.0,90.0,1014.62,14.83,38.85,6.2
2026-04-21 01:31:06,21.19,89.41,1011.32,14.74,38.47,6.22
2026-04-21 01:41:06,21.0,90.0,1009.38,14.61,39.88,6.16
2026-04-21 01:51:06,21.29,89.88,1012.69,14.17,39.11,6.18
2026-04-21 02:01:06,21.0,90.0,1014.62,14.57,39.67,6.19
2026-04-21 02:11:06,21.21,90.0,1010.26,14.54,39.55,6.17
2026-04-21 02:21:06,21.0,89.39,1012.43,14.44,38.6,6.2
2026-04-21 02:31:06,21.0,89.86,1012.66,14.25,39.31,6.21
2026-04-21 02:41:06,21.42,90.0,1010.31,14.34,39.18,6.2
2026-04-21 02:51:06,21.5,89.92,1011.45,14.51,39.41,6.21
2026-04-21 03:01:06,21.16,89.29,1009.19,14.52,40.39,6.19
2026-04-21 03:11:06,21.15,89.35,1010.04,14.12,38.78,6.22
2026-04-21 03:21:06,21.59,89.13,1010.45,14.11,38.17,6.24
2026-04-21 03:31:06,21.0,89.99,1013.08,14.31,39.96,6.18
2026-04-21 03:41:06,21.65,89.21,1013.56,13.73,38.58,6.19
2026-04-21 03:51:06,21.0,90.0,1011.64,13.9,38.96,6.19
2026-04-21 04:01:06,22.09,90.0,1012.02,13.68,38.06,6.2
2026-04-21 04:11:06,21.57,89.2,1012.14,13.9,39.47,6.22
2026-04-21 04:21:06,22.28,89.3,1010.69,14.18,39.26,6.23
2026-04-21 04:31:06,21.41,89.11,1013.88,14.25,39.15,6.22
2026-04-21 04:41:06,21.66,89.0,1011.8,13.64,38.87,6.22
2026-04-21 04:51:06,21.56,88.95,1016.19,14.29,38.47,6.18
2026-04-21 05:01:06,21.56,89.36,1010.47,14.26,38.65,6.19
2026-04-21 05:11:06,22.34,88.47,1010.74,14.13,39.38,6.22
2026-04-21 05:21:06,22.18,89.03,1009.99,14.5,39.1,6.17
2026-04-21 05:31:06,21.83,89.14,1014.29,14.86,39.1,6.2
2026-04-21 05:41:06,22.61,88.26,1014.4,14.56,39.16,6.18
2026-04-21 05:51:06,22.57,88.5,1013.54,14.48,38.93,6.2
2026-04-21 06:01:06,22.64,88.93,1013.83,14.41,39.33,6.2
2026-04-21 06:11:06,22.6,89.63,1013.05,14.84,38.57,6.2
2026-04-21 06:21:06,23.09,88.07,1016.37,14.98,38.85,6.21
2026-04-21 06:31:06,23.34,88.14,1012.04,14.66,39.1,6.21
2026-04-21 06:41:06,23.52,88.78,1011.47,14.85,39.27,6.21
2026-04-21 06:51:06,23.86,88.4,1011.21,15.01,39.12,6.2
2026-04-21 07:01:06,23.82,88.33,1012.68,14.94,38.72,6.18
2026-04-21 07:11:06,23.31,88.57,1012.82,15.54,39.66,6.17
2026-04-21 07:21:06,24.2,87.29,1012.27,15.34,39.94,6.24
2026-04-21 07:31:06,24.45,87.3,1012.55,15.52,38.76,6.2
2026-04-21 07:41:06,24.41,88.07,1015.14,15.61,39.25,6.22
2026-04-21 07:51:06,24.02,87.86,1009.86,15.62,39.43,6.2
2026-04-21 08:01:06,24.07,86.49,1010.1,16.07,38.76,6.19
2026-04-21 08:11:06,25.34,86.59,1012.7,16.37,38.8,6.17
2026-04-21 08:21:06,24.78,86.56,1011.92,16.23,38.78,6.22
2026-04-21 08:31:06,24.89,86.19,1013.52,16.68,39.75,6.21
2026-04-21 08:41:06,25.1,86.87,1010.8,16.49,39.18,6.24
2026-04-21 08:51:06,25.61,85.39,1012.18,16.95,39.04,6.19
2026-04-21 09:01:06,25.39,85.66,1010.48,16.65,39.1,6.2
2026-04-21 09:11:06,25.2,86.48,1012.82,17.39,39.98,6.23
2026-04-21 09:21:06,25.71,85.94,1010.63,17.46,37.6,6.18
2026-04-21 09:31:06,26.1,86.01,1009.07,17.25,39.21,6.21
2026-04-21 09:41:06,25.99,86.99,1012.38,17.69,39.46,6.2
2026-04-21 09:51:06,26.25,85.35,1013.41,17.94,38.91,6.21
2026-04-21 10:01:06,25.5,86.4,1010.0,18.37,38.82,6.24
2026-04-21 10:11:06,26.75,85.45,1010.97,17.84,39.62,6.25
2026-04-21 10:21:06,26.52,85.68,1014.25,18.46,39.78,6.18
2026-04-21 10:31:06,26.49,85.58,1015.1,18.52,38.45,6.2
2026-04-21 10:41:06,26.92,85.58,1010.42,19.08,39.14,6.15
2026-04-21 10:51:06,26.9,85.5,1012.61,18.58,39.7,6.21
2026-04-21 11:01:06,26.83,84.58,1014.16,18.79,38.66,6.17
2026-04-21 11:11:06,27.49,84.75,1011.04,19.27,38.63,6.2
2026-04-21 11:21:06,27.85,85.5,1010.87,19.2,39.12,6.21
2026-04-21 11:31:06,26.99,84.68,1009.68,19.66,39.92,6.21
2026-04-21 11:41:06,27.31,84.53,1009.89,19.84,38.74,6.21
2026-04-21 11:51:06,27.39,84.38,1011.61,19.98,38.51,6.24
2026-04-21 12:01:06,27.13,84.86,1010.29,19.89,38.87,6.18
2026-04-21 12:11:06,27.43,84.32,1012.23,20.06,39.24,6.19
2026-04-21 12:21:06,28.0,84.0,1012.92,20.43,37.98,6.2
2026-04-21 12:31:06,27.54,84.23,1012.06,20.82,38.82,6.23
2026-04-21 12:41:06,27.83,84.0,1007.51,20.5,39.43,6.18
2026-04-21 12:51:06,28.0,84.0,1011.94,20.44,39.29,6.19
2026-04-21 13:01:06,27.48,84.73,1008.75,20.65,39.59,6.23
2026-04-21 13:11:06,27.58,84.0,1013.52,21.1,39.22,6.16
2026-04-21 13:21:06,27.62,84.0,1010.03,21.06,39.85,6.21
2026-04-21 13:31:06,28.0,84.0,1011.13,21.3,38.69,6.19
2026-04-21 13:41:06,27.47,84.14,1012.88,21.52,39.09,6.2
2026-04-21 13:51:06,28.0,84.04,1014.24,21.38,38.5,6.23
2026-04-21 14:01:06,27.84,84.0,1013.73,21.64,38.9,6.2
2026-04-21 14:11:06,28.0,84.65,1013.51,21.51,37.56,6.21
2026-04-21 14:21:06,28.0,84.0,1008.79,21.51,39.65,6.16
2026-04-21 14:31:06,27.76,84.0,1012.29,22.04,38.84,6.21
2026-04-21 14:41:06,28.0,84.0,1012.34,22.2,38.45,6.2
2026-04-21 14:51:06,27.67,84.44,1013.17,21.78,38.74,6.21
2026-04-21 15:01:06,27.34,84.66,1010.29,21.78,38.91,6.22
2026-04-21 15:11:06,27.7,84.67,1011.35,22.19,39.16,6.18
2026-04-21 15:21:06,28.0,84.2,1010.46,22.08,38.87,6.19
2026-04-21 15:31:06,27.79,84.12,1011.7,21.73,38.8,6.25
2026-04-21 15:41:06,28.0,84.0,1012.14,22.22,38.77,6.19
2026-04-21 15:51:06,27.3,84.0,1011.8,22.4,38.74,6.17
2026-04-21 16:01:06,27.22,85.11,1011.92,21.81,38.82,6.23
2026-04-21 16:11:06,27.27,84.39,1010.35,22.0,39.03,6.19
2026-04-21 16:21:06,26.86,84.55,1011.07,22.02,38.74,6.18
2026-04-21 16:31:06,26.86,84.83,1014.39,21.85,38.57,6.23
2026-04-21 16:41:06,27.54,84.99,1013.93,21.62,39.22,6.21
2026-04-21 16:51:06,27.47,84.55,1011.0,21.98,39.17,6.21
2026-04-21 17:01:06,27.17,85.09,1010.12,21.87,38.83,6.2
2026-04-21 17:11:06,27.27,84.22,1011.34,21.74,38.6,6.23
2026-04-21 17:21:06,26.89,85.03,1013.22,21.76,38.08,6.2
2026-04-21 17:31:06,26.61,84.66,1010.85,21.98,39.15,6.21
2026-04-21 17:41:06,25.81,85.62,1012.97,21.9,38.58,6.18
2026-04-21 17:51:06,26.66,84.2,1011.65,21.16,38.49,6.21
2026-04-21 18:01:06,26.49,85.58,1011.01,21.33,38.83,6.23
2026-04-21 18:11:06,26.0,85.85,1010.8,21.65,39.25,6.18
2026-04-21 18:21:06,25.67,85.36,1011.54,21.91,38.57,6.19
2026-04-21 18:31:06,25.53,86.2,1012.4,21.15,37.97,6.21
2026-04-21 18:41:06,25.94,86.48,1014.75,21.29,38.63,6.2
2026-04-21 18:51:06,25.6,85.87,1007.68,20.98,37.96,6.22
2026-04-21 19:01:06,24.95,86.56,1014.54,20.6,38.53,6.24
2026-04-21 19:11:06,24.88,86.13,1012.12,20.93,38.43,6.22
2026-04-21 19:21:06,25.54,86.35,1014.25,20.71,38.53,6.2
2026-04-21 19:31:06,24.56,86.38,1012.48,20.71,38.66,6.21
2026-04-21 19:41:06,24.9,86.66,1012.77,20.08,39.13,6.18
2026-04-21 19:51:06,24.58,86.59,1012.93,19.94,38.16,6.17
2026-04-21 20:01:06,24.47,86.72,1011.3,19.88,38.85,6.19
2026-04-21 20:11:06,24.17,86.34,1010.59,19.65,39.12,6.17
2026-04-21 20:21:06,24.58,87.56,1013.78,19.91,38.33,6.18
2026-04-21 20:31:06,24.4,87.01,1012.07,19.72,38.09,6.22
2026-04-21 20:41:06,23.95,87.6,1012.97,19.35,38.89,6.15
2026-04-21 20:51:06,23.12,88.15,1012.31,19.06,38.87,6.19
2026-04-21 21:01:06,23.69,89.51,1012.08,19.12,38.17,6.21
2026-04-21 21:11:06,23.51,87.6,1012.1,18.87,39.06,6.2
2026-04-21 21:21:06,23.68,87.49,1010.51,18.31,39.03,6.21
2026-04-21 21:31:06,23.29,88.14,1011.98,18.64,38.46,6.21
2026-04-21 21:41:06,22.95,87.45,1015.79,18.36,38.71,6.19
2026-04-21 21:51:06,22.98,88.32,1012.34,17.96,38.6,6.18
2026-04-21 22:01:06,22.87,88.31,1012.03,17.78,39.31,6.25
2026-04-21 22:11:06,22.87,89.26,1013.97,18.07,39.1,6.2
2026-04-21 22:21:06,22.39,88.79,1011.77,17.47,38.67,6.19
2026-04-21 22:31:06,21.88,89.16,1013.37,17.79,39.27,6.19
2026-04-21 22:41:06,22.05,88.99,1015.98,17.29,39.44,6.19
2026-04-21 22:51:06,22.06,88.81,1008.97,17.01,38.57,6.22
2026-04-21 23:01:06,22.28,89.83,1013.18,17.02,38.64,6.21
2026-04-21 23:11:06,21.37,88.95,1011.47,16.09,38.63,6.19
2026-04-21 23:21:06,22.33,89.43,1010.51,16.76,38.92,6.19
2026-04-21 23:31:06,21.11,89.26,1013.81,16.33,38.09,6.22
2026-04-21 23:41:06,21.72,89.24,1013.31,16.55,38.14,6.23
2026-04-21 23:51:06,21.36,88.6,1013.25,16.15,38.29,6.24
2026-04-22 00:01:06,21.89,89.77,1011.56,16.12,39.01,6.2
2026-04-22 00:11:06,21.49,90.0,1012.24,15.97,39.81,6.21
2026-04-22 00:21:06,21.24,89.79,1011.13,15.44,38.35,6.2
2026-04-22 00:31:06,21.47,90.0,1013.49,15.56,39.07,6.18
2026-04-22 00:41:06,21.0,88.75,1011.07,15.56,38.65,6.24
2026-04-22 00:51:06,21.0,88.66,1013.85,15.58,38.63,6.19
2026-04-22 01:01:06,21.23,90.0,1012.68,14.82,38.21,6.19
2026-04-22 01:11:06,21.24,90.0,1011.88,14.84,38.8,6.19
2026-04-22 01:21:06,21.24,90.0,1011.58,15.07,38.88,6.16
2026-04-22 01:31:06,21.32,90.0,1011.5,14.98,38.35,6.19
2026-04-22 01:41:06,21.16,90.0,1013.65,14.68,38.22,6.2
2026-04-22 01:51:06,21.43,89.6,1013.1,14.6,39.39,6.2
2026-04-22 02:01:06,21.0,89.82,1010.4,14.66,39.5,6.25
2026-04-22 02:11:06,21.0,90.0,1012.87,14.56,38.13,6.24
2026-04-22 02:21:06,21.0,90.0,1011.13,14.0,38.26,6.2
2026-04-22 02:31:06,21.0,90.0,1010.96,14.37,38.28,6.23
2026-04-22 02:41:06,21.21,89.53,1011.7,14.18,38.84,6.2
2026-04-22 02:51:06,21.3,90.0,1013.62,14.0,38.17,6.19
2026-04-22 03:01:06,21.17,89.99,1012.89,13.94,38.64,6.19
2026-04-22 03:11:06,21.04,89.49,1011.78,14.19,38.72,6.21
2026-04-22 03:21:06,21.38,89.85,1012.29,14.1,38.61,6.19
2026-04-22 03:31:06,21.37,89.99,1009.47,13.83,37.85,6.21
2026-04-22 03:41:06,21.21,90.0,1012.59,14.02,38.02,6.17
2026-04-22 03:51:06,21.0,89.47,1011.87,14.45,37.12,6.19
2026-04-22 04:01:06,21.71,89.84,1010.77,13.76,38.37,6.18
2026-04-22 04:11:06,21.61,88.83,1013.66,14.09,38.96,6.21
2026-04-22 04:21:06,21.76,89.02,1012.54,14.44,37.75,6.22
2026-04-22 04:31:06,21.36,89.28,1013.79,14.21,37.63,6.22
2026-04-22 04:41:06,21.65,89.74,1010.75,14.26,38.81,6.19
2026-04-22 04:51:06,21.9,88.86,1012.56,14.01,38.21,6.21
2026-04-22 05:01:06,22.01,88.25,1009.75,13.94,38.68,6.19
2026-04-22 05:11:06,21.83,87.93,1009.28,13.9,38.7,6.22
2026-04-22 05:21:06,22.19,88.18,1011.88,14.44,38.66,6.22
2026-04-22 05:31:06,22.95,88.88,1013.76,14.32,39.21,6.19
2026-04-22 05:41:06,22.23,88.96,1010.39,14.59,38.66,6.17
2026-04-22 05:51:06,22.48,88.74,1013.14,14.66,38.56,6.19
2026-04-22 06:01:06,22.59,89.49,1008.71,14.54,37.41,6.16
2026-04-22 06:11:06,22.67,88.18,1008.96,14.84,37.95,6.22
2026-04-22 06:21:06,22.47,88.68,1013.57,14.81,38.69,6.21
2026-04-22 06:31:06,23.04,88.8,1014.31,15.04,37.65,6.2
2026-04-22 06:41:06,22.97,88.1,1011.46,14.63,38.3,6.18
2026-04-22 06:51:06,23.06,87.89,1011.91,14.93,38.01,6.17
2026-04-22 07:01:06,23.59,88.04,1015.61,15.08,37.66,6.21
2026-04-22 07:11:06,24.06,87.72,1008.46,15.55,38.58,6.2
2026-04-22 07:21:06,23.86,88.32,1013.37,15.44,38.53,6.23
2026-04-22 07:31:06,24.24,87.78,1013.12,15.66,39.57,6.18
2026-04-22 07:41:06,24.55,86.26,1013.64,15.5,38.67,6.17
2026-04-22 07:51:06,24.42,87.23,1012.22,15.84,38.44,6.2
2026-04-22 08:01:06,25.3,87.53,1011.36,15.93,38.72,6.24
2026-04-22 08:11:06,24.26,86.67,1011.59,16.41,38.48,6.2
2026-04-22 08:21:06,25.13,86.8,1011.82,15.97,38.12,6.19
2026-04-22 08:31:06,25.03,87.05,1011.74,16.52,37.52,6.21
2026-04-22 08:41:06,24.78,85.32,1012.14,16.9,37.73,6.2
2026-04-22 08:51:06,25.33,86.18,1014.14,16.76,38.18,6.21
2026-04-22 09:01:06,25.51,85.86,1011.46,17.03,38.61,6.2
2026-04-22 09:11:06,25.18,86.52,1012.36,17.16,37.45,6.19
2026-04-22 09:21:06,25.62,85.86,1010.1,17.02,38.47,6.19
2026-04-22 09:31:06,25.95,86.14,1010.47,17.08,38.79,6.21
2026-04-22 09:41:06,26.01,85.41,1008.95,17.89,37.9,6.19
2026-04-22 09:51:06,26.31,85.8,1009.9,17.68,38.49,6.21
2026-04-22 10:01:06,26.27,85.56,1011.67,18.31,38.43,6.19
2026-04-22 10:11:06,26.54,85.22,1011.93,18.05,38.75,6.19
2026-04-22 10:21:06,26.66,85.11,1011.92,18.19,38.93,6.21
2026-04-22 10:31:06,27.05,84.67,1013.69,18.86,38.81,6.2
2026-04-22 10:41:06,26.97,84.85,1012.88,18.87,37.65,6.21
2026-04-22 10:51:06,27.23,85.39,1012.96,18.92,38.37,6.2
2026-04-22 11:01:06,26.64,84.48,1014.46,19.13,38.12,6.21
2026-04-22 11:11:06,26.85,85.31,1013.19,19.38,38.3,6.23
2026-04-22 11:21:06,26.85,84.38,1011.19,19.54,38.23,6.18
2026-04-22 11:31:06,27.45,85.05,1012.16,19.78,38.37,6.2
2026-04-22 11:41:06,27.58,86.01,1011.37,19.96,37.44,6.22
2026-04-22 11:51:06,27.59,84.29,1012.57,19.72,38.46,6.19
2026-04-22 12:01:06,27.22,84.51,1011.33,19.84,37.76,6.17
2026-04-22 12:11:06,27.56,84.35,1013.35,20.32,38.35,6.17
2026-04-22 12:21:06,27.52,84.22,1010.33,20.27,38.52,6.19
2026-04-22 12:31:06,28.0,84.47,1012.71,20.2,37.79,6.25
2026-04-22 12:41:06,28.0,84.02,1013.34,20.72,38.11,6.19
2026-04-22 12:51:06,27.9,84.0,1016.24,21.01,38.27,6.22
2026-04-22 13:01:06,27.93,84.08,1012.01,20.92,37.78,6.2
2026-04-22 13:11:06,27.85,84.0,1014.96,20.97,38.29,6.22
2026-04-22 13:21:06,28.0,84.13,1013.59,20.94,37.84,6.2
2026-04-22 13:31:06,28.0,84.0,1012.88,21.17,36.88,6.2
2026-04-22 13:41:06,27.88,84.0,1012.9,21.09,38.63,6.17
2026-04-22 13:51:06,27.78,84.0,1010.79,21.42,38.95,6.21
2026-04-22 14:01:06,28.0,84.41,1009.35,21.55,38.58,6.21
2026-04-22 14:11:06,28.0,84.62,1012.92,21.6,37.76,6.21
2026-04-22 14:21:06,27.15,84.0,1010.32,21.68,37.88,6.21
2026-04-22 14:31:06,28.0,84.0,1010.43,21.68,39.16,6.19
2026-04-22 14:41:06,27.85,84.0,1009.56,21.48,37.38,6.21
2026-04-22 14:51:06,27.94,84.0,1013.2,21.58,37.67,6.22
2026-04-22 15:01:06,27.87,84.2,1012.97,21.63,38.42,6.17
2026-04-22 15:11:06,27.22,84.0,1010.32,22.18,37.97,6.27
2026-04-22 15:21:06,27.63,85.44,1013.97,22.06,39.46,6.21
2026-04-22 15:31:06,27.69,84.34,1010.64,21.96,39.35,6.18
2026-04-22 15:41:06,27.68,84.43,1008.72,21.98,37.61,6.21
2026-04-22 15:51:06,27.66,84.06,1011.86,21.83,38.19,6.2
2026-04-22 16:01:06,27.88,84.47,1012.06,22.09,38.9,6.21
2026-04-22 16:11:06,27.71,84.34,1011.25,21.87,37.91,6.22
2026-04-22 16:21:06,27.33,84.23,1012.39,22.35,37.29,6.19
2026-04-22 16:31:06,27.24,84.41,1011.32,21.53,38.08,6.17
2026-04-22 16:41:06,26.84,85.46,1012.43,21.81,38.49,6.21
2026-04-22 16:51:06,26.72,85.04,1009.98,21.83,38.25,6.21
2026-04-22 17:01:06,27.3,84.0,1013.16,22.02,38.57,6.18
2026-04-22 17:11:06,27.46,85.35,1015.17,21.95,39.17,6.23
2026-04-22 17:21:06,26.92,85.62,1011.63,21.36,38.5,6.21
2026-04-22 17:31:06,26.64,84.86,1012.22,21.49,38.45,6.23
2026-04-22 17:41:06,26.17,85.24,1010.95,21.82,37.93,6.2
2026-04-22 17:51:06,25.91,85.76,1014.16,21.71,36.42,6.22
2026-04-22 18:01:06,26.31,84.94,1010.97,21.2,37.11,6.21
2026-04-22 18:11:06,26.01,85.59,1013.32,21.34,38.73,6.21
2026-04-22 18:21:06,25.8,85.38,1012.49,21.08,37.53,6.17
2026-04-22 18:31:06,25.89,85.21,1012.5,21.1,38.48,6.18
2026-04-22 18:41:06,25.34,85.69,1014.84,20.96,37.68,6.2
2026-04-22 18:51:06,25.62,86.01,1011.72,20.9,38.05,6.21
2026-04-22 19:01:06,25.69,86.43,1010.3,20.61,38.56,6.19
2026-04-22 19:11:06,24.91,87.04,1010.2,20.85,38.05,6.2
2026-04-22 19:21:06,25.28,86.57,1010.0,20.55,38.19,6.19
2026-04-22 19:31:06,24.87,86.35,1009.92,20.63,38.28,6.22
2026-04-22 19:41:06,24.67,86.68,1011.49,20.53,37.78,6.2
2026-04-22 19:51:06,24.25,86.4,1012.16,20.16,38.92,6.21
2026-04-22 20:01:06,24.31,87.43,1008.86,20.23,37.83,6.19
2026-04-22 20:11:06,24.83,87.58,1014.6,20.18,37.62,6.24
2026-04-22 20:21:06,24.19,86.87,1013.33,19.63,38.61,6.2
2026-04-22 20:31:06,23.91,87.4,1008.79,19.77,38.67,6.22
2026-04-22 20:41:06,23.45,87.51,1008.67,19.34,37.95,6.2
2026-04-22 20:51:06,23.83,87.28,1012.92,19.09,38.5,6.24
2026-04-22 21:01:06,23.94,87.54,1010.09,18.97,38.41,6.22
2026-04-22 21:11:06,23.54,87.82,1010.47,19.08,37.73,6.19
2026-04-22 21:21:06,23.69,87.59,1014.59,19.14,37.72,6.21
2026-04-22 21:31:06,23.62,87.96,1016.33,18.21,37.28,6.23
2026-04-22 21:41:06,22.91,88.0,1012.12,18.57,37.1,6.21
2026-04-22 21:51:06,23.0,87.46,1012.34,18.06,38.23,6.21
2026-04-22 22:01:06,23.28,88.29,1010.45,17.92,37.8,6.24
2026-04-22 22:11:06,22.41,88.99,1011.3,17.76,37.72,6.17
2026-04-22 22:21:06,22.74,89.09,1011.89,17.67,37.95,6.25
2026-04-22 22:31:06,22.36,89.77,1011.75,17.24,37.16,6.2
2026-04-22 22:41:06,22.42,89.49,1010.93,17.32,38.08,6.2
2026-04-22 22:51:06,21.98,89.06,1010.22,17.08,37.24,6.19
2026-04-22 23:01:06,22.41,89.98,1011.04,17.13,38.18,6.18
2026-04-22 23:11:06,22.15,89.74,1013.26,16.98,38.04,6.19
2026-04-22 23:21:06,21.97,88.92,1010.11,16.61,37.56,6.2
2026-04-22 23:31:06,21.76,89.44,1012.0,16.09,36.33,6.2
2026-04-22 23:41:06,21.67,89.48,1011.82,16.1,37.36,6.2
2026-04-22 23:51:06,21.43,89.08,1012.91,16.27,37.33,6.18
2026-04-23 00:01:06,21.57,89.72,1011.63,15.97,37.24,6.17
2026-04-23 00:11:06,21.0,89.54,1013.3,15.92,37.12,6.19
2026-04-23 00:21:06,21.0,89.06,1008.91,15.91,37.42,6.17
2026-04-23 00:31:06,21.0,89.36,1010.02,15.55,37.22,6.17
2026-04-23 00:41:06,21.4,89.06,1010.35,15.05,38.28,6.18
2026-04-23 00:51:06,21.34,89.12,1014.99,15.69,37.52,6.18
2026-04-23 01:01:06,21.36,90.0,1011.96,14.74,38.18,6.21
2026-04-23 01:11:06,21.3,90.0,1014.52,15.16,36.66,6.21
2026-04-23 01:21:06,21.0,89.67,1011.66,14.66,38.19,6.22
2026-04-23 01:31:06,21.0,89.37,1010.4,14.72,37.41,6.21
2026-04-23 01:41:06,21.0,90.0,1010.51,14.57,38.67,6.2
2026-04-23 01:51:06,21.46,90.0,1011.97,14.62,36.88,6.23
2026-04-23 02:01:06,21.37,89.93,1009.04,14.63,38.12,6.24
2026-04-23 02:11:06,21.37,89.77,1010.28,14.68,38.46,6.19
2026-04-23 02:21:06,21.0,89.45,1011.09,14.47,37.69,6.19
2026-04-23 02:31:06,21.23,90.0,1011.97,13.95,37.47,6.22
2026-04-23 02:41:06,21.0,89.9,1013.17,14.32,38.33,6.22
2026-04-23 02:51:06,21.41,89.4,1012.11,14.34,38.14,6.21
2026-04-23 03:01:06,21.18,89.9,1014.45,14.2,38.07,6.23
2026-04-23 03:11:06,21.07,89.79,1013.87,14.17,38.19,6.21
2026-04-23 03:21:06,21.02,89.89,1013.18,13.78,36.99,6.22
2026-04-23 03:31:06,21.03,87.96,1012.7,13.87,37.53,6.19
2026-04-23 03:41:06,21.34,90.0,1012.55,13.92,38.2,6.2
2026-04-23 03:51:06,21.07,89.32,1009.03,14.1,36.91,6.21
2026-04-23 04:01:06,21.34,89.88,1012.3,13.78,37.94,6.2
2026-04-23 04:11:06,21.58,89.68,1011.46,13.79,37.14,6.18
2026-04-23 04:21:06,21.74,89.34,1010.57,13.73,38.82,6.22
2026-04-23 04:31:06,21.82,89.62,1010.52,13.91,38.03,6.23
2026-04-23 04:41:06,22.33,89.38,1010.73,14.13,38.22,6.22
2026-04-23 04:51:06,21.48,89.08,1014.33,14.1,37.38,6.2
2026-04-23 05:01:06,21.67,88.71,1011.75,14.18,37.8,6.17
2026-04-23 05:11:06,22.08,89.5,1010.71,13.75,37.68,6.24
2026-04-23 05:21:06,22.07,88.77,1014.7,14.26,38.28,6.2
2026-04-23 05:31:06,22.31,88.7,1012.23,14.57,37.48,6.18
2026-04-23 05:41:06,22.9,89.01,1009.05,14.04,38.19,6.22
2026-04-23 05:51:06,22.97,88.82,1012.22,14.53,38.02,6.18
2026-04-23 06:01:06,22.09,89.23,1009.98,14.59,38.03,6.24
2026-04-23 06:11:06,23.08,88.71,1010.84,14.61,38.03,6.21
2026-04-23 06:21:06,23.16,88.01,1010.99,14.23,37.64,6.22
2026-04-23 06:31:06,23.27,87.8,1009.1,14.95,37.56,6.16
2026-04-23 06:41:06,23.54,87.84,1012.02,15.22,36.6,6.16
2026-04-23 06:51:06,23.38,87.74,1010.61,15.21,37.43,6.21
2026-04-23 07:01:06,23.67,87.11,1013.2,15.32,37.16,6.19
2026-04-23 07:11:06,23.41,87.36,1015.13,15.32,37.62,6.21
2026-04-23 07:21:06,23.41,87.36,1010.59,15.59,38.07,6.21
2026-04-23 07:31:06,24.02,87.14,1011.41,15.5,37.37,6.2
2026-04-23 07:41:06,24.67,87.23,1012.75,16.02,37.5,6.18
2026-04-23 07:51:06,24.36,86.66,1013.61,15.91,38.03,6.22
2026-04-23 08:01:06,24.62,87.14,1011.19,15.91,37.65,6.18
2026-04-23 08:11:06,25.0,87.28,1011.92,16.23,37.46,6.19
2026-04-23 08:21:06,25.15,86.42,1011.05,16.76,37.6,6.2
2026-04-23 08:31:06,24.62,86.76,1012.01,16.59,38.37,6.2
2026-04-23 08:41:06,25.06,87.09,1011.64,16.53,37.76,6.17
2026-04-23 08:51:06,25.11,86.3,1009.53,16.82,37.31,6.2
2026-04-23 09:01:06,25.77,86.41,1010.99,16.89,37.56,6.21
2026-04-23 09:11:06,25.11,86.2,1012.1,16.93,37.87,6.21
2026-04-23 09:21:06,26.01,86.29,1010.26,17.0,38.46,6.21
2026-04-23 09:31:06,26.23,85.05,1013.41,17.47,38.67,6.21
2026-04-23 09:41:06,26.39,85.11,1011.65,17.57,36.97,6.17
2026-04-23 09:51:06,25.43,86.23,1008.82,17.74,37.65,6.22
2026-04-23 10:01:06,26.55,85.5,1013.84,17.78,38.16,6.18
2026-04-23 10:11:06,26.25,85.1,1012.27,18.02,37.36,6.2
2026-04-23 10:21:06,26.55,85.9,1011.21,18.34,37.27,6.19
2026-04-23 10:31:06,26.52,84.21,1011.52,18.62,37.77,6.22
2026-04-23 10:41:06,26.87,85.14,1012.93,18.4,37.09,6.22
2026-04-23 10:51:06,27.11,85.28,1012.71,18.61,37.59,6.22
2026-04-23 11:01:06,27.54,84.47,1010.55,19.01,38.19,6.24
2026-04-23 11:11:06,26.87,84.08,1010.66,19.45,37.4,6.24
2026-04-23 11:21:06,27.08,84.6,1010.62,19.63,36.99,6.21
2026-04-23 11:31:06,27.55,84.98,1011.58,19.7,36.98,6.2
2026-04-23 11:41:06,27.34,84.85,1012.89,19.8,37.1,6.16
2026-04-23 11:51:06,27.31,84.0,1011.3,19.96,36.91,6.2
2026-04-23 12:01:06,27.86,84.0,1009.34,20.36,37.31,6.21
2026-04-23 12:11:06,27.85,85.24,1013.28,20.44,38.35,6.21
2026-04-23 12:21:06,27.69,84.45,1008.08,20.31,37.07,6.21
2026-04-23 12:31:06,27.88,84.59,1013.81,20.4,37.46,6.19
2026-04-23 12:41:06,28.0,84.4,1013.02,20.42,36.82,6.19
2026-04-23 12:51:06,28.0,84.27,1014.16,20.92,37.52,6.2
2026-04-23 13:01:06,27.78,84.0,1010.91,20.91,37.42,6.18
2026-04-23 13:11:06,27.47,84.05,1012.66,21.25,37.71,6.19
2026-04-23 13:21:06,27.85,84.41,1010.98,21.1,37.52,6.22
2026-04-23 13:31:06,28.0,84.0,1011.54,20.83,37.36,6.21
2026-04-23 13:41:06,27.86,84.1,1013.33,20.9,37.27,6.21
2026-04-23 13:51:06,27.72,84.0,1014.23,21.82,38.07,6.21
2026-04-23 14:01:06,28.0,84.0,1012.87,21.17,37.35,6.19
2026-04-23 14:11:06,28.0,84.01,1011.18,21.46,37.28,6.19
2026-04-23 14:21:06,28.0,84.11,1007.99,21.13,37.23,6.18
2026-04-23 14:31:06,28.0,85.17,1013.95,21.54,37.31,6.19
2026-04-23 14:41:06,27.53,84.06,1010.65,21.72,37.4,6.23
2026-04-23 14:51:06,27.28,84.07,1012.99,21.58,37.5,6.21
2026-04-23 15:01:06,27.93,84.24,1012.47,22.1,37.69,6.19
2026-04-23 15:11:06,27.78,84.0,1011.08,21.96,37.42,6.19
2026-04-23 15:21:06,27.77,85.01,1011.95,22.29,37.1,6.17
2026-04-23 15:31:06,27.96,84.0,1010.99,21.77,37.09,6.19
2026-04-23 15:41:06,27.59,84.29,1014.42,21.9,37.65,6.22
2026-04-23 15:51:06,27.25,84.66,1011.92,21.89,37.35,6.21
2026-04-23 16:01:06,27.93,84.57,1014.69,22.15,37.86,6.17
2026-04-23 16:11:06,27.41,84.27,1008.04,22.02,37.0,6.23
2026-04-23 16:21:06,27.39,85.22,1011.71,21.93,37.23,6.17
2026-04-23 16:31:06,27.48,84.31,1011.41,21.79,38.04,6.16
2026-04-23 16:41:06,26.85,85.21,1013.16,21.98,37.26,6.25
2026-04-23 16:51:06,27.49,84.69,1011.94,22.08,37.23,6.17
2026-04-23 17:01:06,26.92,85.43,1012.11,21.82,37.23,6.19
2026-04-23 17:11:06,26.57,84.46,1013.57,21.97,37.17,6.21
2026-04-23 17:21:06,26.9,84.79,1011.12,21.79,37.28,6.2
2026-04-23 17:31:06,26.29,85.72,1011.19,22.01,36.97,6.19
2026-04-23 17:41:06,26.58,84.36,1010.41,21.81,37.3,6.2
2026-04-23 17:51:06,26.43,85.37,1012.94,21.87,37.68,6.19
2026-04-23 18:01:06,26.71,85.63,1015.17,21.39,37.21,6.23
2026-04-23 18:11:06,26.01,85.51,1012.7,21.31,38.18,6.17
2026-04-23 18:21:06,26.34,86.61,1011.63,20.98,37.4,6.2
2026-04-23 18:31:06,25.76,85.55,1010.86,21.41,37.54,6.2
2026-04-23 18:41:06,25.5,86.65,1008.86,21.36,37.49,6.23
2026-04-23 18:51:06,25.91,86.72,1011.63,21.02,36.65,6.18
2026-04-23 19:01:06,25.51,86.93,1013.12,20.75,36.98,6.19
2026-04-23 19:11:06,25.03,86.32,1010.01,20.6,37.19,6.18
2026-04-23 19:21:06,25.43,86.32,1009.66,20.6,37.24,6.19
2026-04-23 19:31:06,25.98,87.15,1011.18,20.13,38.06,6.18
2026-04-23 19:41:06,24.68,87.48,1009.63,20.04,37.56,6.21
2026-04-23 19:51:06,24.65,86.58,1012.16,20.16,37.65,6.22
2026-04-23 20:01:06,24.02,87.04,1012.69,19.99,37.08,6.2
2026-04-23 20:11:06,24.24,87.73,1013.49,19.45,37.16,6.18
2026-04-23 20:21:06,23.36,88.21,1012.78,19.97,38.14,6.23
2026-04-23 20:31:06,23.73,86.91,1012.66,19.63,37.22,6.18
2026-04-23 20:41:06,23.7,87.56,1013.1,19.1,37.22,6.17
2026-04-23 20:51:06,23.49,88.14,1011.78,19.33,37.36,6.2
2026-04-23 21:01:06,23.82,87.03,1012.16,19.17,37.05,6.23
2026-04-23 21:11:06,23.23,86.85,1012.32,18.72,37.54,6.2
2026-04-23 21:21:06,23.57,88.25,1013.5,18.51,36.67,6.21
2026-04-23 21:31:06,23.12,88.66,1011.24,18.65,36.82,6.24
2026-04-23 21:41:06,22.85,88.83,1013.46,18.46,37.55,6.2
2026-04-23 21:51:06,22.93,87.45,1011.23,18.39,37.32,6.22
2026-04-23 22:01:06,23.1,88.41,1007.92,17.8,37.47,6.21
2026-04-23 22:11:06,22.86,89.04,1010.62,18.01,37.53,6.17
2026-04-23 22:21:06,22.39,88.68,1014.79,17.73,36.59,6.2
2026-04-23 22:31:06,22.68,88.55,1012.86,17.71,37.23,6.24
2026-04-23 22:41:06,22.92,89.45,1014.87,17.07,37.69,6.24
2026-04-23 22:51:06,21.49,89.64,1010.96,17.2,36.35,6.2
2026-04-23 23:01:06,22.21,89.21,1014.84,16.62,36.31,6.16
2026-04-23 23:11:06,22.28,89.59,1011.75,16.91,38.03,6.18
2026-04-23 23:21:06,21.81,89.76,1010.14,16.46,37.14,6.22
2026-04-23 23:31:06,21.32,88.97,1013.37,16.42,37.22,6.19
2026-04-23 23:41:06,21.27,89.27,1011.69,15.98,37.18,6.18
2026-04-23 23:51:06,21.76,90.0,1010.92,16.14,36.83,6.21
2026-04-24 00:01:06,21.05,89.26,1011.49,15.96,37.11,6.19
2026-04-24 00:11:06,21.75,90.0,1011.45,15.87,37.35,6.18
2026-04-24 00:21:06,21.18,89.42,1012.71,15.83,37.47,6.19
2026-04-24 00:31:06,21.37,90.0,1011.33,15.36,37.37,6.19
2026-04-24 00:41:06,21.09,90.0,1009.58,15.55,36.79,6.21
2026-04-24 00:51:06,21.0,89.34,1010.34,15.42,36.38,6.24
2026-04-24 01:01:06,21.0,90.0,1011.36,15.44,37.23,6.22
2026-04-24 01:11:06,21.43,89.64,1009.4,15.06,37.47,6.18
2026-04-24 01:21:06,21.32,89.0,1012.18,14.88,36.41,6.2
2026-04-24 01:31:06,21.12,90.0,1008.1,14.84,36.88,6.22
2026-04-24 01:41:06,21.0,90.0,1012.55,14.59,36.6,6.22
2026-04-24 01:51:06,21.0,90.0,1011.37,14.79,37.44,6.2
2026-04-24 02:01:06,21.0,90.0,1010.31,14.73,36.85,6.19
2026-04-24 02:11:06,21.0,90.0,1009.49,14.32,36.76,6.2
2026-04-24 02:21:06,21.0,90.0,1010.29,14.27,37.47,6.2
2026-04-24 02:31:06,21.14,90.0,1010.78,14.16,37.34,6.16
2026-04-24 02:41:06,21.17,90.0,1011.83,14.01,36.74,6.18
2026-04-24 02:51:06,21.15,89.86,1012.41,14.3,36.66,6.2
2026-04-24 03:01:06,21.2,89.65,1012.42,13.94,37.72,6.23
2026-04-24 03:11:06,21.54,89.86,1011.71,14.21,37.39,6.22
2026-04-24 03:21:06,21.0,89.88,1012.96,14.03,36.67,6.21
2026-04-24 03:31:06,21.26,89.92,1011.83,14.3,37.36,6.2
2026-04-24 03:41:06,21.44,89.34,1012.59,13.83,36.69,6.16
2026-04-24 03:51:06,21.11,89.51,1011.43,13.77,37.18,6.19
2026-04-24 04:01:06,22.14,90.0,1011.62,13.85,37.08,6.17
2026-04-24 04:11:06,21.74,89.19,1011.94,13.71,37.88,6.2
2026-04-24 04:21:06,21.04,89.49,1011.34,13.98,37.33,6.2
2026-04-24 04:31:06,22.09,89.08,1013.47,14.02,37.34,6.18
2026-04-24 04:41:06,21.93,89.11,1012.88,14.04,37.04,6.19
2026-04-24 04:51:06,21.76,89.24,1012.32,14.04,37.74,6.24
2026-04-24 05:01:06,21.59,89.62,1010.49,14.12,36.99,6.18
2026-04-24 05:11:06,21.81,88.78,1011.43,13.82,36.62,6.23
2026-04-24 05:21:06,22.58,88.76,1014.26,14.54,37.85,6.2
2026-04-24 05:31:06,22.77,88.1,1010.58,14.1,37.57,6.19
2026-04-24 05:41:06,22.79,89.3,1012.97,14.48,36.81,6.21
2026-04-24 05:51:06,22.94,88.43,1011.37,14.19,37.47,6.21
2026-04-24 06:01:06,22.92,88.93,1010.29,14.27,36.69,6.21
2026-04-24 06:11:06,23.02,88.19,1010.86,14.55,37.39,6.25
2026-04-24 06:21:06,23.29,88.88,1011.26,14.57,36.6,6.17
2026-04-24 06:31:06,22.55,87.57,1008.2,15.01,36.21,6.23
2026-04-24 06:41:06,23.19,88.4,1011.1,15.04,37.39,6.25
2026-04-24 06:51:06,24.08,86.58,1009.31,15.06,36.5,6.21
2026-04-24 07:01:06,23.78,87.3,1013.63,15.21,36.54,6.21
2026-04-24 07:11:06,23.77,87.69,1009.73,15.39,35.76,6.21
2026-04-24 07:21:06,23.99,88.13,1010.94,15.69,36.94,6.18
2026-04-24 07:31:06,24.06,87.17,1012.8,15.5,36.33,6.16
2026-04-24 07:41:06,24.25,86.86,1012.72,15.46,36.84,6.23
2026-04-24 07:51:06,23.91,87.38,1013.47,15.59,36.96,6.19
2026-04-24 08:01:06,24.62,86.87,1010.27,15.83,37.75,6.19
2026-04-24 08:11:06,24.78,86.97,1012.68,16.3,36.62,6.2
2026-04-24 08:21:06,24.93,87.02,1011.19,16.7,36.85,6.22
2026-04-24 08:31:06,24.8,86.78,1011.22,16.44,37.16,6.17
2026-04-24 08:41:06,25.0,86.72,1013.94,16.64,37.1,6.19
2026-04-24 08:51:06,25.56,85.59,1011.85,16.45,35.67,6.19
2026-04-24 09:01:06,25.83,87.17,1007.6,16.86,36.78,6.18
2026-04-24 09:11:06,25.67,85.29,1011.57,16.58,37.22,6.17
2026-04-24 09:21:06,25.56,86.08,1008.64,17.12,37.6,6.14
2026-04-24 09:31:06,26.18,85.17,1010.93,17.2,36.67,6.18
2026-04-24 09:41:06,26.22,85.65,1013.96,17.39,36.63,6.18
2026-04-24 09:51:06,26.13,85.44,1011.66,17.95,36.61,6.2
2026-04-24 10:01:06,26.19,85.8,1010.12,17.62,35.82,6.17
2026-04-24 10:11:06,27.15,85.61,1013.54,18.29,36.62,6.24
2026-04-24 10:21:06,26.21,85.95,1012.57,18.59,36.67,6.21
2026-04-24 10:31:06,27.09,84.52,1009.23,18.29,36.64,6.22
2026-04-24 10:41:06,26.88,84.42,1010.4,18.43,36.9,6.19
2026-04-24 10:51:06,26.62,84.82,1011.13,18.55,36.65,6.19
2026-04-24 11:01:06,26.55,85.3,1010.71,19.65,37.28,6.16
2026-04-24 11:11:06,27.09,84.59,1009.95,19.2,36.99,6.2
2026-04-24 11:21:06,27.26,85.14,1010.01,19.28,37.11,6.19
2026-04-24 11:31:06,27.33,84.38,1012.59,19.54,36.99,6.2
2026-04-24 11:41:06,27.44,84.76,1012.09,20.11,37.49,6.2
2026-04-24 11:51:06,27.53,84.0,1013.42,20.41,36.78,6.18
2026-04-24 12:01:06,27.43,84.08,1011.04,20.04,36.56,6.2
2026-04-24 12:11:06,27.67,84.75,1012.62,19.95,36.53,6.19
2026-04-24 12:21:06,27.73,84.29,1016.35,20.4,37.61,6.23
2026-04-24 12:31:06,27.49,84.0,1010.56,20.64,37.47,6.21
2026-04-24 12:41:06,27.8,84.01,1010.49,20.61,35.66,6.18
2026-04-24 12:51:06,28.0,84.27,1011.66,20.83,36.76,6.2
2026-04-24 13:01:06,27.64,84.0,1011.08,20.58,36.93,6.17
2026-04-24 13:11:06,28.0,84.52,1011.64,20.78,37.53,6.21
2026-04-24 13:21:06,27.91,84.24,1010.98,20.9,36.64,6.2
2026-04-24 13:31:06,27.83,84.0,1013.4,21.14,36.24,6.18
2026-04-24 13:41:06,28.0,84.0,1014.95,21.36,36.49,6.22
2026-04-24 13:51:06,28.0,84.26,1010.83,21.43,36.53,6.19
2026-04-24 14:01:06,28.0,84.43,1009.65,21.4,35.98,6.19
2026-04-24 14:11:06,28.0,84.0,1013.66,21.7,37.0,6.23
2026-04-24 14:21:06,28.0,84.0,1011.74,21.64,37.03,6.13
2026-04-24 14:31:06,27.99,84.0,1011.56,21.62,36.6,6.19
2026-04-24 14:41:06,27.95,84.15,1010.52,21.78,36.09,6.22
2026-04-24 14:51:06,27.69,84.0,1013.64,22.09,36.1,6.24
2026-04-24 15:01:06,27.65,84.16,1008.26,22.17,36.67,6.2
2026-04-24 15:11:06,27.33,84.36,1010.58,21.51,37.43,6.2
2026-04-24 15:21:06,27.8,84.55,1012.66,21.98,36.97,6.18
2026-04-24 15:31:06,28.0,84.0,1014.26,22.1,35.51,6.18
2026-04-24 15:41:06,27.36,84.25,1011.81,22.08,36.09,6.19
2026-04-24 15:51:06,27.92,84.0,1008.35,21.72,36.7,6.17
2026-04-24 16:01:06,27.85,84.31,1009.03,21.73,35.63,6.2
2026-04-24 16:11:06,28.0,84.0,1010.84,22.03,38.47,6.22
2026-04-24 16:21:06,27.16,84.29,1013.32,21.95,36.6,6.18
2026-04-24 16:31:06,27.36,84.53,1012.93,21.66,36.93,6.18
2026-04-24 16:41:06,27.72,84.49,1011.94,22.06,36.68,6.17
2026-04-24 16:51:06,26.48,84.62,1010.62,21.68,36.19,6.19
2026-04-24 17:01:06,27.54,85.53,1011.46,21.93,35.22,6.19
2026-04-24 17:11:06,26.91,84.76,1011.67,22.04,37.11,6.2
2026-04-24 17:21:06,26.99,84.97,1012.71,21.6,36.47,6.2
2026-04-24 17:31:06,27.18,86.51,1011.18,21.56,36.5,6.2
2026-04-24 17:41:06,26.7,85.31,1012.86,21.56,36.09,6.19
2026-04-24 17:51:06,26.42,85.17,1010.2,21.37,35.81,6.18
2026-04-24 18:01:06,26.26,86.18,1014.43,21.31,36.83,6.18
2026-04-24 18:11:06,26.31,85.21,1013.18,21.17,37.16,6.2
2026-04-24 18:21:06,26.0,85.95,1010.32,21.39,36.71,6.21
2026-04-24 18:31:06,25.88,85.98,1010.7,21.11,36.7,6.19
2026-04-24 18:41:06,25.47,85.93,1011.22,20.76,36.35,6.19
2026-04-24 18:51:06,25.33,86.87,1012.77,20.88,35.84,6.17
2026-04-24 19:01:06,25.07,86.3,1010.78,20.98,36.9,6.15
2026-04-24 19:11:06,25.24,86.63,1015.56,20.75,36.06,6.22
2026-04-24 19:21:06,25.01,87.4,1012.57,20.46,36.76,6.21
2026-04-24 19:31:06,24.74,85.56,1010.2,20.26,37.08,6.18
2026-04-24 19:41:06,24.87,87.57,1012.48,20.38,36.47,6.21
2026-04-24 19:51:06,24.76,87.5,1013.28,19.99,36.88,6.21
2026-04-24 20:01:06,24.51,86.15,1012.67,20.22,36.13,6.2
2026-04-24 20:11:06,23.93,87.24,1010.04,19.62,36.89,6.17
2026-04-24 20:21:06,23.8,87.44,1011.06,20.07,36.96,6.19
2026-04-24 20:31:06,24.17,88.34,1013.8,19.43,37.04,6.18
2026-04-24 20:41:06,24.01,88.76,1012.37,19.41,37.04,6.21
2026-04-24 20:51:06,23.94,87.32,1012.9,19.04,36.67,6.21
2026-04-24 21:01:06,23.97,88.3,1011.94,19.16,36.33,6.22
2026-04-24 21:11:06,23.41,87.65,1011.03,18.81,37.38,6.18
2026-04-24 21:21:06,23.16,88.48,1013.54,18.6,35.41,6.23
2026-04-24 21:31:06,22.65,88.32,1010.75,18.85,36.21,6.21
2026-04-24 21:41:06,22.65,87.55,1012.39,18.33,37.0,6.16
2026-04-24 21:51:06,22.86,87.52,1010.27,18.13,36.41,6.24
2026-04-24 22:01:06,22.86,87.62,1010.91,17.89,36.76,6.19
2026-04-24 22:11:06,22.99,87.54,1014.95,17.72,36.13,6.21
2026-04-24 22:21:06,22.18,88.73,1011.57,17.95,35.69,6.2
2026-04-24 22:31:06,22.78,88.71,1011.65,17.59,35.92,6.21
2026-04-24 22:41:06,22.36,89.11,1010.43,17.44,36.29,6.19
2026-04-24 22:51:06,22.44,89.12,1013.8,17.14,37.26,6.19
2026-04-24 23:01:06,21.54,87.98,1011.11,16.74,36.68,6.23
2026-04-24 23:11:06,22.0,89.17,1010.94,16.59,36.87,6.22
2026-04-24 23:21:06,21.92,89.4,1010.48,17.03,36.77,6.24
2026-04-24 23:31:06,21.37,90.0,1010.61,16.48,36.19,6.21
2026-04-24 23:41:06,21.42,89.51,1012.22,16.12,36.21,6.22
2026-04-24 23:51:06,21.7,90.0,1011.38,15.76,36.2,6.19
2026-04-25 00:01:06,21.67,89.07,1011.15,16.17,36.19,6.19
2026-04-25 00:11:06,21.16,89.62,1010.73,15.68,35.55,6.2
2026-04-25 00:21:06,21.19,89.32,1010.15,15.63,36.94,6.23
2026-04-25 00:31:06,21.0,89.42,1012.93,15.6,36.32,6.21
2026-04-25 00:41:06,21.36,89.62,1012.54,15.41,36.14,6.22
2026-04-25 00:51:06,21.43,90.0,1012.44,15.24,36.89,6.21
2026-04-25 01:01:06,21.72,89.89,1010.52,14.87,36.3,6.2
2026-04-25 01:11:06,21.15,90.0,1011.22,14.76,37.07,6.19
2026-04-25 01:21:06,21.0,89.89,1012.93,14.64,37.0,6.24
2026-04-25 01:31:06,21.04,90.0,1012.06,14.78,35.7,6.21
2026-04-25 01:41:06,21.01,89.72,1010.82,14.66,36.28,6.21
2026-04-25 01:51:06,21.0,90.0,1011.56,14.86,35.62,6.22
2026-04-25 02:01:06,21.0,90.0,1013.42,14.79,35.4,6.19
2026-04-25 02:11:06,21.0,90.0,1012.55,14.28,36.69,6.2
2026-04-25 02:21:06,21.0,89.55,1011.56,14.68,36.74,6.19
2026-04-25 02:31:06,21.0,90.0,1010.16,14.3,35.43,6.18
2026-04-25 02:41:06,21.05,89.19,1013.98,14.4,36.74,6.21
2026-04-25 02:51:06,21.23,90.0,1013.6,14.19,37.02,6.2
2026-04-25 03:01:06,21.27,89.58,1014.21,14.0,35.49,6.21
2026-04-25 03:11:06,21.0,90.0,1010.36,14.27,36.68,6.24
2026-04-25 03:21:06,21.4,89.97,1014.09,13.81,36.17,6.18
2026-04-25 03:31:06,21.17,89.6,1014.92,14.04,36.39,6.21
2026-04-25 03:41:06,21.46,89.89,1011.67,13.92,36.38,6.19
2026-04-25 03:51:06,21.63,89.25,1012.74,14.19,35.77,6.2
2026-04-25 04:01:06,21.81,89.41,1014.66,13.96,36.08,6.2
2026-04-25 04:11:06,21.33,89.27,1011.81,13.97,35.74,6.17
2026-04-25 04:21:06,21.8,89.88,1011.42,14.13,35.99,6.22
2026-04-25 04:31:06,21.52,88.8,1011.6,14.32,35.56,6.21
2026-04-25 04:41:06,22.15,89.47,1011.0,13.99,36.15,6.17
2026-04-25 04:51:06,22.18,89.0,1011.36,14.0,36.5,6.19
2026-04-25 05:01:06,21.85,88.64,1011.85,14.12,35.0,6.2
2026-04-25 05:11:06,21.61,88.97,1011.94,14.18,35.87,6.17
2026-04-25 05:21:06,22.34,88.99,1010.29,14.31,35.45,6.17
2026-04-25 05:31:06,22.27,88.05,1009.05,14.7,35.72,6.18
2026-04-25 05:41:06,22.32,88.06,1015.43,14.26,35.88,6.18
2026-04-25 05:51:06,22.16,88.17,1009.93,14.58,35.01,6.19
2026-04-25 06:01:06,22.94,88.54,1012.34,14.48,36.86,6.2
2026-04-25 06:11:06,23.1,88.84,1014.14,14.76,36.04,6.2
2026-04-25 06:21:06,23.02,88.28,1010.51,14.59,37.28,6.22
2026-04-25 06:31:06,23.02,88.76,1011.23,14.85,35.8,6.23
2026-04-25 06:41:06,23.13,87.12,1011.05,14.86,35.41,6.24
2026-04-25 06:51:06,23.24,89.03,1012.32,15.13,35.24,6.19
2026-04-25 07:01:06,23.52,88.4,1014.31,15.44,36.43,6.17
2026-04-25 07:11:06,23.64,86.7,1011.25,15.37,36.42,6.25
2026-04-25 07:21:06,24.26,87.54,1013.96,15.44,36.78,6.19
2026-04-25 07:31:06,24.08,87.81,1012.66,15.8,35.69,6.23
2026-04-25 07:41:06,24.58,87.96,1010.17,15.62,36.88,6.21
2026-04-25 07:51:06,24.35,87.15,1011.66,15.72,36.54,6.19
2026-04-25 08:01:06,23.95,86.39,1013.53,15.89,36.64,6.16
2026-04-25 08:11:06,24.96,87.45,1013.45,16.02,35.77,6.22
2026-04-25 08:21:06,24.52,87.52,1011.55,16.28,36.28,6.18
2026-04-25 08:31:06,24.91,85.95,1013.22,16.51,35.79,6.23
2026-04-25 08:41:06,25.62,86.0,1009.57,16.59,36.51,6.17
2026-04-25 08:51:06,25.2,86.56,1011.51,16.64,36.67,6.18
2026-04-25 09:01:06,25.29,86.68,1011.29,16.83,35.37,6.2
2026-04-25 09:11:06,25.39,86.15,1011.81,17.19,36.44,6.18
2026-04-25 09:21:06,25.85,84.37,1012.11,17.35,35.66,6.15
2026-04-25 09:31:06,25.67,84.71,1011.53,17.33,36.08,6.23
2026-04-25 09:41:06,26.68,86.2,1012.24,17.02,35.89,6.24
2026-04-25 09:51:06,26.48,85.39,1012.37,17.79,36.29,6.18
2026-04-25 10:01:06,26.35,85.93,1012.88,18.38,36.61,6.19
2026-04-25 10:11:06,26.32,84.88,1015.18,18.23,36.41,6.21
2026-04-25 10:21:06,25.93,85.16,1009.46,18.1,34.68,6.17
2026-04-25 10:31:06,26.55,84.43,1012.82,18.78,35.55,6.2
2026-04-25 10:41:06,26.09,84.47,1010.73,18.83,35.23,6.2
2026-04-25 10:51:06,26.78,84.82,1010.19,18.72,36.59,6.23
2026-04-25 11:01:06,27.11,84.57,1010.42,19.28,36.22,6.18
2026-04-25 11:11:06,27.11,85.19,1011.44,19.14,36.38,6.21
2026-04-25 11:21:06,26.92,85.11,1012.45,19.07,36.01,6.23
2026-04-25 11:31:06,27.41,84.89,1012.53,19.73,36.33,6.19
2026-04-25 11:41:06,27.28,84.9,1014.43,19.59,35.8,6.2
2026-04-25 11:51:06,27.72,84.82,1011.21,19.95,35.95,6.21
2026-04-25 12:01:06,27.55,84.0,1010.73,20.27,36.22,6.19
2026-04-25 12:11:06,27.8,85.35,1012.22,20.52,35.89,6.23
2026-04-25 12:21:06,27.68,84.0,1011.86,20.29,35.95,6.22
2026-04-25 12:31:06,27.55,84.0,1013.85,20.65,36.33,6.17
2026-04-25 12:41:06,27.66,84.0,1010.97,20.78,35.88,6.18
2026-04-25 12:51:06,27.77,84.0,1011.92,20.8,35.96,6.22
2026-04-25 13:01:06,27.97,84.85,1011.57,20.88,36.16,6.23
2026-04-25 13:11:06,28.0,84.0,1014.19,20.64,36.27,6.19
2026-04-25 13:21:06,28.0,84.0,1013.19,20.85,35.47,6.17
2026-04-25 13:31:06,28.0,84.21,1008.13,21.42,35.77,6.21
2026-04-25 13:41:06,28.0,84.05,1010.96,21.36,35.67,6.19
2026-04-25 13:51:06,27.9,84.0,1012.68,21.11,35.93,6.19
2026-04-25 14:01:06,28.0,84.0,1011.26,21.58,36.04,6.18
2026-04-25 14:11:06,28.0,84.0,1010.61,21.72,35.17,6.2
2026-04-25 14:21:06,27.66,84.0,1011.99,22.04,35.46,6.17
2026-04-25 14:31:06,27.94,84.09,1008.53,21.4,35.84,6.14
2026-04-25 14:41:06,27.84,84.24,1011.16,21.42,35.64,6.19
2026-04-25 14:51:06,27.89,84.0,1014.72,22.1,35.62,6.19
2026-04-25 15:01:06,28.0,84.12,1011.99,22.01,35.99,6.2
2026-04-25 15:11:06,27.97,85.51,1012.39,21.98,35.8,6.21
2026-04-25 15:21:06,27.69,84.51,1012.83,21.95,37.14,6.19
2026-04-25 15:31:06,27.71,84.13,1014.28,21.95,36.45,6.21
2026-04-25 15:41:06,27.5,84.26,1010.8,22.17,35.56,6.18
2026-04-25 15:51:06,27.65,85.48,1013.64,22.0,35.61,6.21
2026-04-25 16:01:06,27.05,84.52,1011.18,21.79,35.63,6.22
2026-04-25 16:11:06,27.2,84.67,1013.08,22.34,35.86,6.2
2026-04-25 16:21:06,27.64,85.44,1013.78,22.22,35.52,6.21
2026-04-25 16:31:06,27.32,85.16,1013.62,22.19,35.5,6.21
2026-04-25 16:41:06,27.5,84.19,1008.51,21.86,35.64,6.22
2026-04-25 16:51:06,26.8,84.58,1012.61,21.98,35.65,6.23
2026-04-25 17:01:06,27.08,85.38,1012.97,22.06,35.59,6.21
2026-04-25 17:11:06,26.97,84.81,1012.14,21.74,36.93,6.21
2026-04-25 17:21:06,27.07,85.62,1011.72,21.84,37.01,6.16
2026-04-25 17:31:06,26.69,86.06,1010.33,21.72,35.58,6.2
2026-04-25 17:41:06,26.35,85.24,1013.0,21.62,35.68,6.17
2026-04-25 17:51:06,26.13,85.37,1012.47,21.75,36.29,6.21
2026-04-25 18:01:06,26.58,86.05,1011.35,21.7,36.65,6.17
2026-04-25 18:11:06,25.52,85.5,1013.8,21.38,35.31,6.23
2026-04-25 18:21:06,25.99,84.33,1014.21,21.67,36.34,6.19
2026-04-25 18:31:06,26.06,85.65,1011.96,21.19,35.77,6.2
2026-04-25 18:41:06,24.93,85.19,1011.93,20.94,35.92,6.19
2026-04-25 18:51:06,25.58,86.29,1011.36,21.16,35.35,6.2
2026-04-25 19:01:06,25.4,86.2,1012.21,20.96,35.22,6.21
2026-04-25 19:11:06,25.83,87.41,1011.67,20.62,35.71,6.2
2026-04-25 19:21:06,25.0,86.14,1012.39,20.58,35.63,6.21
2026-04-25 19:31:06,25.35,86.46,1009.35,20.42,36.16,6.21
2026-04-25 19:41:06,24.65,87.16,1011.33,20.49,35.91,6.2
2026-04-25 19:51:06,24.55,86.64,1013.94,20.26,34.64,6.19
2026-04-25 20:01:06,24.23,87.44,1011.2,19.9,35.84,6.2
2026-04-25 20:11:06,24.53,87.0,1012.56,20.02,36.58,6.19
2026-04-25 20:21:06,24.44,87.23,1013.4,19.51,35.5,6.22
2026-04-25 20:31:06,24.28,87.32,1009.07,19.57,35.53,6.23
2026-04-25 20:41:06,24.34,87.52,1011.07,19.28,36.35,6.18
2026-04-25 20:51:06,23.37,87.57,1011.08,18.74,35.28,6.22
2026-04-25 21:01:06,23.99,87.31,1013.28,18.85,35.68,6.19
2026-04-25 21:11:06,23.56,88.52,1011.79,19.03,35.72,6.2
2026-04-25 21:21:06,22.72,88.3,1012.07,18.7,35.76,6.2
2026-04-25 21:31:06,23.03,87.73,1013.59,18.62,35.73,6.21
2026-04-25 21:41:06,23.27,86.95,1010.57,18.44,35.68,6.23
2026-04-25 21:51:06,22.99,88.86,1012.45,18.22,36.59,6.21
2026-04-25 22:01:06,22.96,87.78,1011.66,17.99,36.37,6.22
2026-04-25 22:11:06,22.3,89.44,1011.68,17.97,35.43,6.22
2026-04-25 22:21:06,22.06,89.26,1011.84,17.46,35.88,6.2
2026-04-25 22:31:06,22.66,88.74,1011.86,17.4,34.95,6.19
2026-04-25 22:41:06,21.87,88.72,1011.31,17.06,35.9,6.21
2026-04-25 22:51:06,22.26,88.59,1012.14,17.22,35.05,6.2
2026-04-25 23:01:06,22.4,88.71,1013.94,17.4,35.92,6.22
2026-04-25 23:11:06,22.08,89.3,1008.69,16.78,35.59,6.2
2026-04-25 23:21:06,22.05,89.26,1014.1,16.68,35.88,6.16
2026-04-25 23:31:06,22.0,89.25,1014.62,16.37,35.65,6.21
2026-04-25 23:41:06,21.43,90.0,1013.02,16.29,35.13,6.21
2026-04-25 23:51:06,21.61,89.68,1011.74,16.19,35.01,6.21
2026-04-26 00:01:06,21.58,89.99,1013.62,16.24,36.03,6.22
2026-04-26 00:11:06,22.03,89.91,1010.17,15.9,35.89,6.19
2026-04-26 00:21:06,21.74,90.0,1011.11,15.37,36.51,6.2
2026-04-26 00:31:06,21.5,88.82,1009.43,15.75,35.31,6.21
2026-04-26 00:41:06,21.0,89.17,1012.78,15.29,35.64,6.22
2026-04-26 00:51:06,21.49,90.0,1013.74,15.34,36.12,6.18
2026-04-26 01:01:06,21.0,89.38,1010.36,15.15,36.1,6.21
2026-04-26 01:11:06,21.2,90.0,1012.79,14.93,35.28,6.19
2026-04-26 01:21:06,21.0,90.0,1013.29,14.72,36.05,6.19
2026-04-26 01:31:06,21.39,89.83,1011.83,15.26,35.28,6.2
2026-04-26 01:41:06,21.3,89.69,1012.11,14.68,36.38,6.18
2026-04-26 01:51:06,21.08,89.82,1013.85,14.82,35.68,6.18
2026-04-26 02:01:06,21.2,89.91,1011.53,14.16,35.55,6.19
2026-04-26 02:11:06,21.25,90.0,1012.07,14.33,34.96,6.2
2026-04-26 02:21:06,21.0,90.0,1012.16,14.64,36.49,6.2
2026-04-26 02:31:06,21.0,89.48,1014.55,14.37,35.28,6.21
2026-04-26 02:41:06,21.0,90.0,1012.24,14.66,35.44,6.23
2026-04-26 02:51:06,21.45,90.0,1013.34,14.41,35.02,6.23
2026-04-26 03:01:06,21.31,89.98,1010.62,14.01,35.56,6.19
2026-04-26 03:11:06,21.0,90.0,1011.42,14.21,36.03,6.17
2026-04-26 03:21:06,21.33,89.76,1011.51,13.99,36.16,6.23
2026-04-26 03:31:06,21.0,89.2,1014.34,14.35,35.91,6.2
2026-04-26 03:41:06,21.6,89.77,1011.41,14.12,35.02,6.22
2026-04-26 03:51:06,21.0,90.0,1013.59,14.21,35.5,6.22
2026-04-26 04:01:06,21.0,89.98,1011.86,13.81,35.59,6.19
2026-04-26 04:11:06,21.8,89.31,1012.59,13.96,36.4,6.19
2026-04-26 04:21:06,21.94,89.12,1011.31,14.08,36.19,6.21
2026-04-26 04:31:06,21.92,89.1,1015.1,14.02,35.5,6.19
2026-04-26 04:41:06,22.13,88.55,1013.21,14.38,35.39,6.22
2026-04-26 04:51:06,21.63,89.75,1012.47,13.86,34.22,6.21
2026-04-26 05:01:06,21.92,89.16,1011.9,14.01,36.17,6.15
2026-04-26 05:11:06,22.22,89.54,1015.2,14.18,36.01,6.22
2026-04-26 05:21:06,22.21,89.31,1013.13,14.43,35.13,6.2
2026-04-26 05:31:06,22.86,87.98,1013.05,14.33,35.49,6.17
2026-04-26 05:41:06,22.9,88.82,1012.42,14.58,35.65,6.16
2026-04-26 05:51:06,23.21,88.88,1010.44,14.37,36.71,6.23
2026-04-26 06:01:06,22.9,89.04,1012.76,14.57,35.37,6.17
2026-04-26 06:11:06,22.89,88.59,1010.45,14.58,35.11,6.2
2026-04-26 06:21:06,23.34,88.37,1011.53,14.65,36.78,6.2
2026-04-26 06:31:06,23.29,88.15,1012.96,14.92,36.42,6.19
2026-04-26 06:41:06,23.09,87.78,1009.98,15.01,35.53,6.21
2026-04-26 06:51:06,23.85,88.01,1012.91,15.07,36.06,6.18
2026-04-26 07:01:06,23.34,87.63,1013.23,15.28,35.69,6.22
2026-04-26 07:11:06,24.02,87.15,1013.19,15.36,34.94,6.2
2026-04-26 07:21:06,23.86,87.37,1015.58,15.81,35.21,6.22
2026-04-26 07:31:06,24.77,87.51,1011.66,15.83,35.58,6.19
2026-04-26 07:41:06,24.25,87.04,1013.54,15.91,35.43,6.24
2026-04-26 07:51:06,24.65,87.04,1013.54,16.05,35.87,6.17
2026-04-26 08:01:06,24.56,87.4,1010.81,15.82,34.92,6.18
2026-04-26 08:11:06,24.64,87.33,1012.09,15.97,35.48,6.21
2026-04-26 08:21:06,24.75,86.47,1009.89,16.1,35.09,6.19
2026-04-26 08:31:06,24.04,86.95,1012.05,16.2,35.09,6.2
2026-04-26 08:41:06,25.19,87.3,1010.45,16.69,35.38,6.21
2026-04-26 08:51:06,25.23,86.78,1011.75,16.88,35.13,6.17
2026-04-26 09:01:06,25.43,86.42,1012.54,16.88,35.51,6.21
2026-04-26 09:11:06,25.54,85.49,1012.65,17.4,35.84,6.19
2026-04-26 09:21:06,25.34,84.72,1011.55,17.54,34.64,6.2
2026-04-26 09:31:06,26.41,85.84,1014.38,17.24,34.44,6.21
2026-04-26 09:41:06,25.82,85.95,1011.72,17.82,35.13,6.2
2026-04-26 09:51:06,26.44,85.2,1012.68,17.65,35.51,6.23
2026-04-26 10:01:06,26.53,85.16,1010.64,17.94,34.9,6.18
2026-04-26 10:11:06,26.66,84.92,1008.13,18.27,35.89,6.13
2026-04-26 10:21:06,26.99,85.0,1012.68,18.5,35.01,6.21
2026-04-26 10:31:06,26.93,85.06,1009.81,18.51,35.98,6.21
2026-04-26 10:41:06,26.75,85.48,1010.72,18.91,35.31,6.18
2026-04-26 10:51:06,27.15,85.68,1013.95,18.86,35.62,6.2
2026-04-26 11:01:06,27.13,85.19,1009.95,18.99,35.5,6.18
2026-04-26 11:11:06,26.83,84.88,1012.37,19.25,35.63,6.18
2026-04-26 11:21:06,27.19,84.18,1011.03,19.25,35.67,6.16
2026-04-26 11:31:06,27.08,84.11,1011.47,19.81,34.88,6.21
2026-04-26 11:41:06,27.54,84.0,1010.99,19.96,34.79,6.23
2026-04-26 11:51:06,27.59,84.72,1013.92,19.75,35.43,6.21
2026-04-26 12:01:06,27.33,85.22,1010.02,20.39,35.55,6.22
2026-04-26 12:11:06,27.54,84.7,1014.09,20.45,35.75,6.19
2026-04-26 12:21:06,27.82,84.42,1014.14,20.09,35.92,6.16
2026-04-26 12:31:06,27.28,84.35,1012.69,20.32,35.59,6.23
2026-04-26 12:41:06,28.0,84.38,1010.67,20.4,35.55,6.19
2026-04-26 12:51:06,27.44,84.27,1011.14,20.45,34.88,6.22
2026-04-26 13:01:06,27.83,84.0,1011.57,20.84,35.23,6.2
2026-04-26 13:11:06,28.0,84.36,1013.5,21.17,34.98,6.22
2026-04-26 13:21:06,27.65,84.0,1012.64,21.21,35.79,6.17
2026-04-26 13:31:06,28.0,84.0,1013.06,21.18,36.19,6.23
2026-04-26 13:41:06,28.0,84.0,1010.24,21.16,35.17,6.22
2026-04-26 13:51:06,27.91,84.31,1010.64,21.29,36.32,6.19
2026-04-26 14:01:06,27.92,84.0,1010.98,21.84,35.53,6.17
2026-04-26 14:11:06,28.0,84.18,1010.38,21.6,35.89,6.19
2026-04-26 14:21:06,28.0,84.0,1013.33,21.55,34.66,6.19
2026-04-26 14:31:06,27.77,84.0,1010.6,21.73,34.75,6.19
2026-04-26 14:41:06,28.0,84.41,1011.63,21.48,35.48,6.18
2026-04-26 14:51:06,28.0,84.38,1011.32,21.5,35.29,6.18
2026-04-26 15:01:06,28.0,84.34,1013.28,21.93,36.13,6.2
2026-04-26 15:11:06,26.98,84.62,1012.32,22.11,34.72,6.18
2026-04-26 15:21:06,28.0,84.0,1010.35,21.75,35.31,6.2
2026-04-26 15:31:06,27.59,85.09,1011.84,21.75,35.37,6.22
2026-04-26 15:41:06,27.78,84.07,1011.63,21.93,35.17,6.19
2026-04-26 15:51:06,27.84,84.39,1013.71,22.02,35.34,6.22
2026-04-26 16:01:06,27.38,84.46,1010.16,21.93,35.22,6.21
2026-04-26 16:11:06,27.43,84.0,1011.96,21.93,36.29,6.2
2026-04-26 16:21:06,26.86,84.77,1013.15,21.9,35.1,6.24
2026-04-26 16:31:06,27.35,84.96,1015.85,21.64,34.96,6.21
2026-04-26 16:41:06,26.97,84.84,1012.94,21.72,35.08,6.23
2026-04-26 16:51:06,27.18,85.45,1013.69,21.67,35.29,6.19
2026-04-26 17:01:06,27.36,84.43,1012.2,21.85,34.63,6.2
2026-04-26 17:11:06,27.19,85.01,1011.85,21.92,35.07,6.24
2026-04-26 17:21:06,26.75,84.76,1012.58,21.86,35.87,6.19
2026-04-26 17:31:06,27.06,85.3,1011.59,21.91,35.31,6.19
2026-04-26 17:41:06,26.66,85.35,1015.02,21.37,35.37,6.19
2026-04-26 17:51:06,26.3,84.55,1011.86,21.31,35.78,6.19
2026-04-26 18:01:06,26.04,84.75,1010.43,21.88,34.63,6.19
2026-04-26 18:11:06,26.61,85.62,1013.27,21.6,34.85,6.2
2026-04-26 18:21:06,25.59,86.14,1010.3,21.4,35.03,6.18
2026-04-26 18:31:06,25.82,85.52,1011.25,21.23,35.49,6.17
2026-04-26 18:41:06,25.61,86.38,1012.7,21.38,34.95,6.21
2026-04-26 18:51:06,25.62,85.7,1008.66,20.8,35.67,6.19
2026-04-26 19:01:06,25.32,86.42,1013.87,21.05,35.19,6.2
2026-04-26 19:11:06,25.68,85.95,1011.01,20.86,34.82,6.19
2026-04-26 19:21:06,25.09,85.68,1010.54,20.5,35.01,6.15
2026-04-26 19:31:06,24.86,86.53,1013.37,20.45,35.55,6.2
2026-04-26 19:41:06,24.33,86.66,1012.7,20.42,35.44,6.19
2026-04-26 19:51:06,24.02,87.2,1012.22,19.9,34.22,6.21
2026-04-26 20:01:06,24.2,86.98,1013.07,20.24,34.61,6.19
2026-04-26 20:11:06,23.93,86.5,1010.3,19.48,35.38,6.24
2026-04-26 20:21:06,23.97,86.97,1009.87,19.86,35.43,6.2
2026-04-26 20:31:06,24.29,86.49,1011.73,19.84,34.96,6.18
2026-04-26 20:41:06,24.13,87.02,1014.16,19.17,35.61,6.21
2026-04-26 20:51:06,23.23,87.85,1013.07,19.01,35.44,6.21
2026-04-26 21:01:06,23.39,87.34,1012.48,18.91,34.62,6.21
2026-04-26 21:11:06,23.59,88.24,1011.7,18.85,35.04,6.17
2026-04-26 21:21:06,23.11,87.96,1013.11,19.0,35.08,6.22
2026-04-26 21:31:06,22.72,87.87,1013.17,18.42,35.2,6.18
2026-04-26 21:41:06,22.84,89.32,1011.46,17.87,35.54,6.24
2026-04-26 21:51:06,22.38,87.79,1010.84,18.36,35.62,6.18
2026-04-26 22:01:06,22.75,89.32,1009.92,18.23,35.4,6.23
2026-04-26 22:11:06,23.24,87.8,1011.66,17.71,34.78,6.2
2026-04-26 22:21:06,22.4,89.15,1014.74,17.7,35.4,6.21
2026-04-26 22:31:06,22.72,88.39,1012.96,17.25,35.72,6.17
2026-04-26 22:41:06,22.07,88.76,1014.43,17.19,35.63,6.23
2026-04-26 22:51:06,21.53,89.29,1010.99,17.01,34.89,6.2
2026-04-26 23:01:06,21.98,89.02,1011.72,16.87,34.15,6.21
2026-04-26 23:11:06,21.91,88.98,1010.82,16.7,34.02,6.19
2026-04-26 23:21:06,21.78,89.21,1011.14,16.68,35.25,6.17
2026-04-26 23:31:06,21.52,90.0,1011.42,16.47,34.81,6.17
2026-04-26 23:41:06,21.74,89.1,1012.07,16.24,35.59,6.2
2026-04-26 23:51:06,21.32,89.18,1013.27,16.42,39.84,6.24
2026-04-27 00:01:06,21.44,89.66,1014.41,15.73,40.02,6.2
2026-04-27 00:11:06,21.78,89.14,1012.23,15.84,39.55,6.22
2026-04-27 00:21:06,21.0,89.84,1011.64,15.47,39.56,6.22
2026-04-27 00:31:06,21.67,88.8,1010.54,15.64,39.21,6.25
2026-04-27 00:41:06,21.0,90.0,1011.0,15.32,39.47,6.18
2026-04-27 00:51:06,21.61,89.86,1010.96,15.1,40.91,6.21
2026-04-27 01:01:06,21.16,89.95,1013.99,14.97,39.41,6.18
2026-04-27 01:11:06,21.0,90.0,1011.17,15.22,39.81,6.23
2026-04-27 01:21:06,21.42,90.0,1009.92,14.95,40.15,6.2
2026-04-27 01:31:06,21.07,89.92,1011.32,14.96,40.09,6.17
2026-04-27 01:41:06,21.0,89.39,1010.09,14.42,40.17,6.18
2026-04-27 01:51:06,21.0,89.93,1010.79,14.63,39.89,6.19
2026-04-27 02:01:06,21.14,90.0,1010.47,14.46,39.57,6.19
2026-04-27 02:11:06,21.0,90.0,1012.89,14.66,39.94,6.21
2026-04-27 02:21:06,21.19,89.47,1009.81,14.3,39.51,6.21
2026-04-27 02:31:06,21.06,89.94,1011.72,14.57,39.32,6.22
2026-04-27 02:41:06,21.0,90.0,1012.91,13.93,40.24,6.19
2026-04-27 02:51:06,21.0,89.03,1013.53,14.48,39.16,6.23
2026-04-27 03:01:06,21.06,88.72,1010.53,13.91,39.65,6.2
2026-04-27 03:11:06,21.0,89.85,1011.42,13.93,39.02,6.21
2026-04-27 03:21:06,21.43,89.92,1009.15,13.81,38.85,6.19
2026-04-27 03:31:06,21.0,89.63,1013.37,13.95,40.5,6.17
2026-04-27 03:41:06,21.45,89.66,1013.42,13.66,39.65,6.2
2026-04-27 03:51:06,21.0,89.77,1011.67,14.16,39.79,6.2
2026-04-27 04:01:06,21.7,89.85,1013.57,14.01,39.89,6.2
2026-04-27 04:11:06,21.51,90.0,1014.35,14.11,39.46,6.2
2026-04-27 04:21:06,21.76,89.54,1010.83,13.78,39.63,6.2
2026-04-27 04:31:06,21.8,89.56,1012.61,14.11,40.27,6.23
2026-04-27 04:41:06,21.98,89.19,1010.5,14.15,39.3,6.17
2026-04-27 04:51:06,21.77,89.73,1012.53,14.08,40.05,6.2
2026-04-27 05:01:06,21.96,88.96,1013.63,14.1,39.96,6.19
2026-04-27 05:11:06,21.95,88.98,1012.57,13.94,38.52,6.2
2026-04-27 05:21:06,21.69,88.8,1012.85,14.59,39.93,6.2
2026-04-27 05:31:06,22.48,87.56,1013.07,14.11,40.22,6.19
2026-04-27 05:41:06,22.92,89.45,1010.69,14.32,39.91,6.2
2026-04-27 05:51:06,22.3,89.81,1011.05,14.43,38.99,6.19
2026-04-27 06:01:06,23.1,88.72,1010.9,14.43,39.72,6.2
2026-04-27 06:11:06,23.18,88.75,1010.91,14.28,39.81,6.18
2026-04-27 06:21:06,22.94,87.89,1015.01,14.73,39.58,6.21
2026-04-27 06:31:06,22.98,87.97,1012.21,14.94,39.53,6.21
2026-04-27 06:41:06,23.23,88.32,1013.36,14.45,39.43,6.22
2026-04-27 06:51:06,23.26,88.94,1010.18,15.01,39.61,6.23
2026-04-27 07:01:06,23.74,86.89,1012.28,15.61,40.14,6.19
2026-04-27 07:11:06,23.61,88.61,1011.59,15.29,39.05,6.19
2026-04-27 07:21:06,23.61,87.28,1015.4,15.04,40.39,6.17
2026-04-27 07:31:06,24.44,87.74,1013.62,15.48,40.14,6.22
2026-04-27 07:41:06,24.2,86.47,1012.24,15.77,39.3,6.18
2026-04-27 07:51:06,24.52,86.85,1012.22,15.65,40.07,6.15
2026-04-27 08:01:06,24.25,86.84,1011.77,15.85,40.6,6.2
2026-04-27 08:11:06,24.5,87.26,1010.52,16.46,39.77,6.19
2026-04-27 08:21:06,24.95,86.95,1012.45,16.18,40.18,6.19
2026-04-27 08:31:06,25.19,85.8,1015.46,16.66,39.44,6.2
2026-04-27 08:41:06,24.95,86.1,1014.16,16.8,40.2,6.21
2026-04-27 08:51:06,24.63,85.1,1008.59,16.74,39.48,6.24
2026-04-27 09:01:06,25.55,85.96,1011.5,16.77,40.03,6.2
2026-04-27 09:11:06,25.62,86.09,1012.79,17.03,39.29,6.17
2026-04-27 09:21:06,25.74,86.41,1012.58,17.35,39.13,6.17
2026-04-27 09:31:06,26.35,86.24,1012.53,17.48,39.42,6.22
2026-04-27 09:41:06,25.44,85.9,1011.36,17.39,39.55,6.21
2026-04-27 09:51:06,26.15,85.94,1010.99,17.84,39.35,6.23
2026-04-27 10:01:06,25.71,85.08,1010.67,17.9,39.46,6.21
2026-04-27 10:11:06,26.52,85.49,1012.98,18.14,39.86,6.17
2026-04-27 10:21:06,26.5,85.34,1012.83,18.41,40.38,6.24
2026-04-27 10:31:06,26.64,85.77,1011.76,18.19,39.75,6.25
2026-04-27 10:41:06,26.67,85.31,1011.68,18.84,39.81,6.19
2026-04-27 10:51:06,27.46,85.2,1014.03,18.97,39.39,6.17
2026-04-27 11:01:06,27.28,84.92,1012.17,19.02,39.27,6.17
2026-04-27 11:11:06,27.41,84.51,1011.82,19.47,40.0,6.2
2026-04-27 11:21:06,27.79,85.04,1010.84,19.88,39.92,6.18
2026-04-27 11:31:06,27.47,84.72,1010.51,19.8,39.71,6.22
2026-04-27 11:41:06,26.89,84.84,1013.3,19.41,39.77,6.2
2026-04-27 11:51:06,27.43,84.11,1010.42,19.73,39.57,6.17
2026-04-27 12:01:06,27.31,84.0,1012.96,19.97,39.16,6.16
2026-04-27 12:11:06,27.55,84.06,1012.06,20.03,40.08,6.22
2026-04-27 12:21:06,27.74,84.0,1014.59,20.7,39.46,6.22
2026-04-27 12:31:06,27.68,84.34,1012.85,20.29,39.49,6.16
2026-04-27 12:41:06,27.79,84.77,1011.57,20.57,39.72,6.2
2026-04-27 12:51:06,28.0,84.7,1011.38,20.74,40.04,6.19
2026-04-27 13:01:06,27.94,84.03,1011.42,20.81,39.93,6.2
2026-04-27 13:11:06,28.0,84.15,1010.84,20.77,40.52,6.18
2026-04-27 13:21:06,27.69,85.1,1012.56,20.85,38.55,6.2
2026-04-27 13:31:06,28.0,84.33,1013.01,21.43,39.95,6.22
2026-04-27 13:41:06,27.84,84.23,1009.85,21.43,39.46,6.16
2026-04-27 13:51:06,28.0,84.96,1013.25,21.2,39.64,6.17
2026-04-27 14:01:06,27.96,84.03,1013.48,21.32,38.13,6.18
2026-04-27 14:11:06,27.6,84.0,1010.09,21.62,39.41,6.21
2026-04-27 14:21:06,27.84,84.0,1013.1,21.69,39.68,6.19
2026-04-27 14:31:06,27.58,84.23,1012.33,22.22,39.05,6.22
2026-04-27 14:41:06,27.69,84.45,1013.4,21.84,39.89,6.19
2026-04-27 14:51:06,28.0,84.0,1011.89,21.63,38.78,6.19
2026-04-27 15:01:06,27.63,84.0,1010.78,21.87,39.26,6.21
2026-04-27 15:11:06,27.87,84.57,1013.39,21.82,40.12,6.18
2026-04-27 15:21:06,27.9,84.13,1010.92,21.67,39.16,6.2
2026-04-27 15:31:06,28.0,84.02,1010.27,21.78,39.29,6.25
2026-04-27 15:41:06,27.4,84.71,1012.0,21.59,39.22,6.2
2026-04-27 15:51:06,27.9,84.0,1009.75,22.18,40.28,6.19
2026-04-27 16:01:06,27.18,84.74,1011.33,22.1,40.08,6.18
2026-04-27 16:11:06,27.61,84.58,1014.23,22.31,39.25,6.17
2026-04-27 16:21:06,26.95,84.28,1011.18,22.03,39.38,6.19
2026-04-27 16:31:06,27.33,84.27,1013.17,22.1,39.67,6.19
2026-04-27 16:41:06,27.28,84.04,1010.9,22.05,39.41,6.2
2026-04-27 16:51:06,27.51,84.0,1014.14,22.05,40.33,6.22
2026-04-27 17:01:06,26.36,85.17,1013.27,21.89,39.67,6.16
2026-04-27 17:11:06,27.17,85.17,1009.57,22.18,38.91,6.2
2026-04-27 17:21:06,26.65,85.06,1010.99,21.97,39.4,6.23
2026-04-27 17:31:06,26.56,85.56,1011.35,21.47,39.5,6.2
2026-04-27 17:41:06,26.49,86.21,1013.04,21.55,40.09,6.25
2026-04-27 17:51:06,26.48,84.79,1009.37,21.62,39.47,6.21
2026-04-27 18:01:06,25.93,84.96,1011.88,21.45,40.09,6.22
2026-04-27 18:11:06,26.31,85.33,1010.89,21.45,39.03,6.19
2026-04-27 18:21:06,25.68,85.81,1010.67,21.6,38.41,6.21
2026-04-27 18:31:06,25.8,86.32,1010.36,21.57,39.62,6.18
2026-04-27 18:41:06,25.52,85.6,1011.66,21.48,39.47,6.2
2026-04-27 18:51:06,25.49,86.74,1010.98,20.84,38.51,6.21
2026-04-27 19:01:06,25.56,86.78,1011.05,20.67,40.79,6.18
2026-04-27 19:11:06,25.73,85.99,1011.3,20.31,39.36,6.18
2026-04-27 19:21:06,25.23,86.11,1011.98,20.52,39.37,6.19
2026-04-27 19:31:06,25.23,86.6,1009.63,20.28,39.0,6.2
2026-04-27 19:41:06,24.99,87.23,1013.44,20.34,38.64,6.18
2026-04-27 19:51:06,24.72,86.14,1013.0,20.06,39.67,6.22
2026-04-27 20:01:06,24.34,87.26,1010.71,19.86,38.58,6.21
2026-04-27 20:11:06,24.47,87.87,1010.99,19.98,39.32,6.21
2026-04-27 20:21:06,24.44,88.17,1011.75,19.36,38.99,6.19
2026-04-27 20:31:06,24.23,88.22,1011.46,19.77,39.21,6.21
2026-04-27 20:41:06,24.46,86.98,1012.0,19.3,39.33,6.15
2026-04-27 20:51:06,23.64,87.61,1010.43,19.25,39.24,6.17
2026-04-27 21:01:06,23.62,87.19,1012.77,19.0,39.07,6.18
2026-04-27 21:11:06,23.26,88.12,1009.08,18.7,38.45,6.19
2026-04-27 21:21:06,22.95,89.57,1013.93,18.63,39.57,6.19
2026-04-27 21:31:06,23.14,88.21,1010.76,18.38,39.11,6.22
2026-04-27 21:41:06,22.93,88.01,1009.73,18.16,40.0,6.17
2026-04-27 21:51:06,22.92,88.2,1014.5,18.39,39.04,6.21
2026-04-27 22:01:06,22.65,87.79,1013.72,18.07,39.09,6.22
2026-04-27 22:11:06,22.04,88.76,1014.24,17.48,39.37,6.2
2026-04-27 22:21:06,22.25,88.69,1011.42,17.48,39.79,6.2
2026-04-27 22:31:06,22.17,89.79,1012.51,17.09,39.41,6.26
2026-04-27 22:41:06,22.18,88.87,1011.81,17.54,39.28,6.19
2026-04-27 22:51:06,22.55,89.56,1011.46,16.83,39.71,6.22
2026-04-27 23:01:06,21.53,89.02,1010.68,16.68,39.65,6.23
2026-04-27 23:11:06,22.17,88.92,1013.18,16.99,40.44,6.19
2026-04-27 23:21:06,21.95,89.65,1011.59,16.51,39.62,6.22
2026-04-27 23:31:06,21.61,89.44,1012.3,16.34,39.32,6.2
2026-04-27 23:41:06,21.2,89.56,1010.51,16.54,39.93,6.2
2026-04-27 23:51:06,21.44,89.07,1010.07,16.25,39.17,6.2
2026-04-28 00:01:06,21.27,90.0,1011.83,15.94,39.23,6.19
2026-04-28 00:11:06,21.42,89.75,1010.77,15.99,39.71,6.18
2026-04-28 00:21:06,21.38,89.9,1014.97,15.64,39.45,6.21
2026-04-28 00:31:06,21.4,90.0,1013.37,15.4,39.98,6.18
2026-04-28 00:41:06,21.34,90.0,1012.91,15.33,40.09,6.2
2026-04-28 00:51:06,21.46,90.0,1011.39,15.08,39.8,6.24
2026-04-28 01:01:06,21.0,90.0,1012.32,15.03,39.28,6.21
2026-04-28 01:11:06,21.0,89.91,1008.65,14.95,39.31,6.19
2026-04-28 01:21:06,21.69,90.0,1012.95,14.89,39.04,6.21
2026-04-28 01:31:06,21.39,89.66,1012.76,14.83,39.01,6.18
2026-04-28 01:41:06,21.46,90.0,1011.62,14.34,38.19,6.2
2026-04-28 01:51:06,21.0,89.73,1013.65,14.65,39.44,6.18
2026-04-28 02:01:06,21.02,90.0,1011.59,14.46,39.0,6.21
2026-04-28 02:11:06,21.0,89.92,1012.82,14.55,38.92,6.18
2026-04-28 02:21:06,21.0,89.32,1013.88,14.39,39.13,6.2
2026-04-28 02:31:06,21.0,90.0,1011.93,14.37,38.46,6.19
2026-04-28 02:41:06,21.0,89.68,1011.47,14.13,39.09,6.22
2026-04-28 02:51:06,21.0,89.46,1012.75,14.39,39.28,6.2
2026-04-28 03:01:06,21.0,89.18,1014.15,14.21,39.18,6.19
2026-04-28 03:11:06,21.05,90.0,1015.1,13.8,39.49,6.18
2026-04-28 03:21:06,21.35,89.96,1013.81,13.75,39.37,6.21
2026-04-28 03:31:06,21.0,89.83,1013.99,13.96,38.76,6.2
2026-04-28 03:41:06,21.41,90.0,1013.09,13.89,38.78,6.14
2026-04-28 03:51:06,21.43,90.0,1011.9,14.15,39.19,6.22
2026-04-28 04:01:06,21.7,89.85,1011.11,14.34,38.28,6.19
2026-04-28 04:11:06,21.87,89.3,1016.31,14.03,39.34,6.22
2026-04-28 04:21:06,21.7,88.67,1011.2,14.31,37.88,6.19
2026-04-28 04:31:06,21.98,89.24,1012.84,13.68,39.18,6.22
2026-04-28 04:41:06,22.1,89.02,1012.15,14.12,39.19,6.2
2026-04-28 04:51:06,21.63,89.89,1010.98,14.03,38.82,6.17
2026-04-28 05:01:06,21.99,89.62,1011.18,14.41,39.28,6.2
2026-04-28 05:11:06,21.49,88.66,1012.54,14.4,39.62,6.21
2026-04-28 05:21:06,22.31,89.32,1010.75,14.19,37.79,6.18
2026-04-28 05:31:06,22.2,89.43,1011.38,14.45,39.49,6.14
2026-04-28 05:41:06,22.45,88.4,1012.4,14.55,39.49,6.2
2026-04-28 05:51:06,22.53,87.87,1011.87,14.35,39.75,6.22
2026-04-28 06:01:06,22.51,88.81,1012.44,14.51,39.64,6.2
2026-04-28 06:11:06,23.13,87.93,1012.42,14.73,39.56,6.19
2026-04-28 06:21:06,22.69,87.62,1012.06,14.92,39.34,6.2
2026-04-28 06:31:06,22.88,88.7,1013.26,14.65,39.6,6.19
2026-04-28 06:41:06,24.09,88.56,1012.83,14.62,39.0,6.2
2026-04-28 06:51:06,23.6,88.35,1012.34,15.22,39.25,6.17
2026-04-28 07:01:06,23.02,88.0,1014.76,14.9,38.87,6.19
2026-04-28 07:11:06,23.91,87.5,1013.18,15.51,39.3,6.18
2026-04-28 07:21:06,23.46,87.36,1012.3,15.72,38.99,6.21
2026-04-28 07:31:06,24.08,87.36,1014.32,15.33,38.5,6.19
2026-04-28 07:41:06,24.17,87.95,1010.83,15.98,38.99,6.22
2026-04-28 07:51:06,24.69,86.66,1012.64,15.83,38.85,6.19
2026-04-28 08:01:06,24.44,86.47,1014.14,16.16,38.69,6.16
2026-04-28 08:11:06,24.36,86.65,1014.04,15.67,38.43,6.18
2026-04-28 08:21:06,24.98,86.71,1011.62,16.1,38.76,6.21
2026-04-28 08:31:06,24.64,86.15,1011.54,16.12,39.77,6.19
2026-04-28 08:41:06,24.72,86.69,1013.12,16.48,38.56,6.21
2026-04-28 08:51:06,25.15,86.4,1012.71,17.23,39.23,6.22
2026-04-28 09:01:06,25.57,86.18,1011.87,17.25,38.38,6.2
2026-04-28 09:11:06,25.36,85.43,1010.1,17.05,39.15,6.2
2026-04-28 09:21:06,25.74,85.67,1010.25,17.26,38.24,6.22
2026-04-28 09:31:06,26.23,85.64,1013.87,17.48,39.58,6.21
2026-04-28 09:41:06,26.46,85.93,1010.79,17.65,39.5,6.23
2026-04-28 09:51:06,26.1,85.56,1013.79,18.17,39.08,6.18
2026-04-28 10:01:06,25.87,85.92,1011.49,18.36,38.55,6.21
2026-04-28 10:11:06,26.05,85.13,1010.81,18.34,38.32,6.2
2026-04-28 10:21:06,26.86,85.26,1012.62,18.38,38.54,6.18
2026-04-28 10:31:06,26.97,85.78,1011.21,18.47,39.18,6.21
2026-04-28 10:41:06,26.04,84.8,1013.57,18.65,38.86,6.22
2026-04-28 10:51:06,26.45,84.85,1011.45,18.93,38.05,6.2
2026-04-28 11:01:06,26.71,84.0,1010.76,19.13,38.24,6.22
2026-04-28 11:11:06,26.89,84.62,1010.05,19.13,38.92,6.21
2026-04-28 11:21:06,27.24,84.59,1011.88,19.47,40.08,6.17
2026-04-28 11:31:06,26.97,84.24,1012.33,19.41,38.86,6.21
2026-04-28 11:41:06,27.54,84.26,1011.12,19.79,38.51,6.22
2026-04-28 11:51:06,27.32,85.42,1008.45,19.83,39.3,6.21
2026-04-28 12:01:06,27.35,84.0,1013.35,19.87,39.69,6.23
2026-04-28 12:11:06,27.6,84.68,1012.5,20.02,39.13,6.21
2026-04-28 12:21:06,26.94,84.22,1014.47,20.13,38.59,6.22
2026-04-28 12:31:06,27.99,84.94,1011.68,20.84,38.44,6.18
2026-04-28 12:41:06,27.68,84.0,1011.32,20.55,39.6,6.19
2026-04-28 12:51:06,27.64,84.0,1010.95,20.62,39.39,6.2
2026-04-28 13:01:06,28.0,84.0,1012.42,20.87,38.81,6.19
2026-04-28 13:11:06,27.66,84.0,1012.44,21.13,39.69,6.22
2026-04-28 13:21:06,27.78,84.71,1011.32,21.23,39.51,6.19
2026-04-28 13:31:06,27.92,84.0,1013.46,21.51,38.79,6.22
2026-04-28 13:41:06,28.0,84.0,1015.2,21.51,39.44,6.17
2026-04-28 13:51:06,27.78,84.52,1010.19,21.61,38.68,6.19
2026-04-28 14:01:06,28.0,84.0,1014.14,21.44,39.15,6.22
2026-04-28 14:11:06,28.0,84.27,1011.67,21.57,38.76,6.19
2026-04-28 14:21:06,27.54,84.18,1010.29,21.38,38.52,6.22
2026-04-28 14:31:06,27.62,84.0,1011.58,21.59,39.69,6.22
2026-04-28 14:41:06,28.0,84.0,1012.85,21.35,37.91,6.21
2026-04-28 14:51:06,27.88,84.11,1012.56,21.45,39.46,6.2
2026-04-28 15:01:06,28.0,84.15,1011.97,21.63,39.57,6.2
2026-04-28 15:11:06,27.53,84.04,1009.95,22.01,38.99,6.21
2026-04-28 15:21:06,27.9,84.78,1011.24,21.93,37.89,6.18
2026-04-28 15:31:06,27.77,85.19,1015.28,21.89,38.38,6.18
2026-04-28 15:41:06,27.48,84.07,1014.19,21.76,39.49,6.25
2026-04-28 15:51:06,27.75,85.75,1013.05,21.91,39.36,6.2
2026-04-28 16:01:06,27.31,85.17,1011.57,22.27,39.39,6.19
2026-04-28 16:11:06,27.97,84.83,1011.71,22.05,39.09,6.22
2026-04-28 16:21:06,27.15,85.16,1009.89,21.94,38.55,6.21
2026-04-28 16:31:06,27.38,84.58,1011.31,22.28,39.06,6.24
2026-04-28 16:41:06,27.06,84.25,1012.4,22.16,38.99,6.24
2026-04-28 16:51:06,27.03,84.35,1010.76,21.69,38.98,6.21
2026-04-28 17:01:06,27.02,84.78,1010.25,21.66,38.53,6.21
2026-04-28 17:11:06,26.88,84.43,1014.99,21.86,39.32,6.18
2026-04-28 17:21:06,27.0,85.96,1010.86,21.71,39.34,6.22
2026-04-28 17:31:06,26.18,84.74,1012.51,21.67,39.16,6.21
2026-04-28 17:41:06,26.81,85.82,1012.67,21.82,38.73,6.23
2026-04-28 17:51:06,26.17,85.06,1013.81,22.15,38.97,6.21
2026-04-28 18:01:06,26.05,85.42,1010.48,21.24,37.98,6.22
2026-04-28 18:11:06,26.37,85.89,1015.36,21.4,38.73,6.19
2026-04-28 18:21:06,26.15,85.8,1010.91,21.21,38.99,6.21
2026-04-28 18:31:06,25.9,86.33,1012.37,20.96,38.76,6.17
2026-04-28 18:41:06,25.42,86.81,1011.69,21.17,38.69,6.2
2026-04-28 18:51:06,25.98,86.96,1014.29,20.82,38.47,6.22
2026-04-28 19:01:06,25.16,85.56,1011.35,21.0,38.28,6.2
2026-04-28 19:11:06,25.06,86.02,1011.76,20.79,39.07,6.17
2026-04-28 19:21:06,25.26,87.59,1013.52,20.45,39.36,6.17
2026-04-28 19:31:06,24.59,86.71,1011.29,20.67,38.53,6.2
2026-04-28 19:41:06,24.79,87.07,1010.44,20.29,38.66,6.17
2026-04-28 19:51:06,24.7,85.66,1013.87,19.93,39.67,6.17
2026-04-28 20:01:06,25.08,87.41,1009.8,20.22,38.81,6.17
2026-04-28 20:11:06,23.91,86.91,1013.25,20.03,39.36,6.19
2026-04-28 20:21:06,24.56,87.23,1009.2,19.78,39.01,6.19
2026-04-28 20:31:06,23.86,87.85,1011.13,19.6,38.54,6.22
2026-04-28 20:41:06,24.03,87.35,1008.98,19.43,39.18,6.18
2026-04-28 20:51:06,23.75,87.54,1012.35,19.07,39.32,6.19
2026-04-28 21:01:06,23.28,87.73,1011.56,19.13,38.42,6.17
2026-04-28 21:11:06,23.84,88.97,1010.96,18.93,37.51,6.2
2026-04-28 21:21:06,23.11,87.32,1013.76,18.63,39.07,6.21
2026-04-28 21:31:06,22.85,88.71,1011.25,18.5,39.4,6.24
2026-04-28 21:41:06,23.03,88.25,1012.86,18.71,38.06,6.22
2026-04-28 21:51:06,23.2,88.43,1014.12,17.87,38.49,6.19
2026-04-28 22:01:06,22.79,89.51,1014.98,18.13,38.49,6.2
2026-04-28 22:11:06,22.76,87.94,1013.52,17.61,39.12,6.22
2026-04-28 22:21:06,22.6,88.0,1013.5,17.59,38.97,6.21
2026-04-28 22:31:06,22.86,88.42,1011.87,17.73,38.67,6.23
2026-04-28 22:41:06,21.9,88.42,1012.35,17.17,38.76,6.19
2026-04-28 22:51:06,21.86,88.01,1010.49,17.18,37.94,6.2
2026-04-28 23:01:06,22.4,89.23,1010.76,17.08,39.8,6.17
2026-04-28 23:11:06,22.12,89.54,1013.13,16.85,38.72,6.15
2026-04-28 23:21:06,21.58,89.83,1012.46,17.01,38.27,6.17
2026-04-28 23:31:06,21.22,89.97,1012.66,16.81,38.92,6.2
2026-04-28 23:41:06,21.76,88.67,1014.22,16.14,37.47,6.19
2026-04-28 23:51:06,21.54,89.28,1011.44,16.21,39.02,6.22
2026-04-29 00:01:06,21.87,89.54,1012.39,15.85,38.33,6.21
2026-04-29 00:11:06,21.33,89.57,1010.01,15.74,39.54,6.13
2026-04-29 00:21:06,21.25,89.31,1012.71,15.66,38.59,6.19
2026-04-29 00:31:06,21.47,89.72,1009.96,15.94,37.53,6.17
2026-04-29 00:41:06,21.01,90.0,1012.2,15.63,37.96,6.2
2026-04-29 00:51:06,21.1,89.19,1011.31,14.92,38.44,6.23
2026-04-29 01:01:06,21.0,90.0,1010.22,15.28,38.9,6.21
2026-04-29 01:11:06,21.0,90.0,1010.99,14.9,39.39,6.17
2026-04-29 01:21:06,21.07,89.21,1011.08,14.68,37.81,6.2
2026-04-29 01:31:06,21.07,90.0,1011.9,15.21,39.13,6.23
2026-04-29 01:41:06,21.0,89.83,1011.3,15.0,38.94,6.19
2026-04-29 01:51:06,21.0,89.09,1012.34,14.81,39.22,6.18
2026-04-29 02:01:06,21.4,89.13,1010.9,14.78,38.8,6.2
2026-04-29 02:11:06,21.0,89.18,1012.59,14.54,37.76,6.21
2026-04-29 02:21:06,21.8,90.0,1009.92,14.37,39.25,6.2
2026-04-29 02:31:06,21.5,90.0,1011.66,14.47,39.04,6.18
2026-04-29 02:41:06,21.19,90.0,1011.52,14.08,37.96,6.19
2026-04-29 02:51:06,21.45,90.0,1010.66,14.19,39.08,6.2
2026-04-29 03:01:06,21.29,90.0,1010.82,13.94,38.8,6.22
2026-04-29 03:11:06,21.14,89.48,1012.35,14.41,38.54,6.21
2026-04-29 03:21:06,21.0,88.66,1014.74,14.01,38.7,6.2
2026-04-29 03:31:06,21.48,89.98,1013.88,13.94,38.21,6.2
2026-04-29 03:41:06,21.17,90.0,1007.82,13.54,37.4,6.21
2026-04-29 03:51:06,21.02,90.0,1011.31,13.99,38.96,6.19
2026-04-29 04:01:06,21.48,90.0,1012.32,14.13,38.55,6.2
2026-04-29 04:11:06,21.78,90.0,1012.48,14.23,39.84,6.19
2026-04-29 04:21:06,22.1,89.41,1010.96,14.32,38.35,6.22
2026-04-29 04:31:06,21.63,88.98,1013.45,13.93,38.37,6.2
2026-04-29 04:41:06,21.84,88.68,1011.83,14.02,38.3,6.17
2026-04-29 04:51:06,22.0,88.21,1013.7,14.23,38.6,6.19
2026-04-29 05:01:06,22.52,88.89,1013.75,13.97,38.03,6.19
2026-04-29 05:11:06,22.1,89.72,1012.05,14.04,38.85,6.2
2026-04-29 05:21:06,22.05,89.16,1011.76,14.58,38.84,6.21
2026-04-29 05:31:06,22.41,88.59,1011.03,14.0,38.53,6.2
2026-04-29 05:41:06,22.5,88.33,1011.25,14.5,37.71,6.18
2026-04-29 05:51:06,22.57,88.12,1013.56,14.56,37.57,6.18
2026-04-29 06:01:06,23.22,88.25,1013.32,14.54,38.91,6.19
2026-04-29 06:11:06,22.51,89.11,1011.15,14.58,38.05,6.21
2026-04-29 06:21:06,23.15,88.83,1010.87,14.55,38.13,6.2
2026-04-29 06:31:06,23.34,87.93,1012.41,15.14,38.56,6.24
2026-04-29 06:41:06,23.43,87.56,1011.79,14.78,38.29,6.18
2026-04-29 06:51:06,23.46,87.98,1010.04,15.11,37.63,6.22
2026-04-29 07:01:06,23.21,87.5,1012.03,14.88,37.93,6.19
2026-04-29 07:11:06,23.71,87.28,1014.45,15.34,37.88,6.21
2026-04-29 07:21:06,23.79,87.02,1011.36,15.5,38.55,6.2
2026-04-29 07:31:06,24.03,86.74,1011.48,15.13,38.42,6.2
2026-04-29 07:41:06,24.26,85.98,1012.27,15.72,37.97,6.2
2026-04-29 07:51:06,24.54,86.33,1013.0,15.78,38.53,6.2
2026-04-29 08:01:06,23.95,87.17,1012.85,15.93,38.06,6.19
2026-04-29 08:11:06,24.49,86.78,1012.36,16.28,38.88,6.23
2026-04-29 08:21:06,25.14,86.9,1009.48,16.39,38.62,6.2
2026-04-29 08:31:06,24.86,86.78,1012.46,16.5,38.26,6.22
2026-04-29 08:41:06,25.46,86.98,1014.0,16.43,38.72,6.21
2026-04-29 08:51:06,25.38,85.26,1007.91,16.69,38.47,6.21
2026-04-29 09:01:06,25.58,86.92,1012.79,16.81,38.42,6.2
2026-04-29 09:11:06,25.63,86.4,1010.72,16.74,37.78,6.19
2026-04-29 09:21:06,26.16,84.54,1012.6,17.37,39.38,6.18
2026-04-29 09:31:06,26.06,86.87,1013.55,17.5,37.96,6.2
2026-04-29 09:41:06,26.61,85.26,1011.06,17.61,38.71,6.17
2026-04-29 09:51:06,26.2,85.45,1012.38,17.62,39.0,6.22
2026-04-29 10:01:06,26.62,86.08,1009.95,17.79,37.92,6.2
2026-04-29 10:11:06,26.79,85.92,1011.65,18.08,39.61,6.21
2026-04-29 10:21:06,26.84,85.19,1010.32,18.54,38.02,6.18
2026-04-29 10:31:06,26.68,84.62,1013.04,18.89,38.22,6.2
2026-04-29 10:41:06,26.79,85.0,1012.22,18.8,37.8,6.18
2026-04-29 10:51:06,26.8,84.92,1012.68,18.69,39.31,6.19
2026-04-29 11:01:06,27.09,84.86,1012.43,19.19,37.5,6.21
2026-04-29 11:11:06,27.56,84.99,1007.68,19.0,37.48,6.17
2026-04-29 11:21:06,27.21,84.63,1011.17,19.23,38.63,6.22
2026-04-29 11:31:06,27.11,85.5,1013.22,19.35,38.33,6.2
2026-04-29 11:41:06,27.34,84.92,1012.04,19.51,38.4,6.19
2026-04-29 11:51:06,27.4,84.71,1011.97,20.0,38.5,6.22
2026-04-29 12:01:06,28.0,84.1,1013.31,19.92,38.87,6.19
2026-04-29 12:11:06,27.53,85.28,1015.25,20.19,38.73,6.2
2026-04-29 12:21:06,27.97,84.0,1011.97,20.18,37.47,6.19
2026-04-29 12:31:06,27.81,84.0,1012.49,20.51,38.35,6.21
2026-04-29 12:41:06,27.43,84.27,1011.14,20.22,38.46,6.18
2026-04-29 12:51:06,28.0,84.0,1011.06,20.84,37.84,6.2
2026-04-29 13:01:06,27.68,84.27,1012.17,21.3,38.58,6.19
2026-04-29 13:11:06,28.0,84.94,1011.06,21.26,38.28,6.21
2026-04-29 13:21:06,28.0,84.46,1011.67,21.18,38.8,6.19
2026-04-29 13:31:06,27.91,84.0,1013.02,20.95,37.68,6.2
2026-04-29 13:41:06,27.97,84.33,1012.55,21.37,37.82,6.22
2026-04-29 13:51:06,27.82,84.0,1009.51,21.37,37.17,6.22
2026-04-29 14:01:06,28.0,84.88,1014.5,21.4,37.63,6.21
2026-04-29 14:11:06,27.8,84.18,1014.08,21.52,38.12,6.19
2026-04-29 14:21:06,27.96,84.0,1014.8,21.4,38.93,6.19
2026-04-29 14:31:06,27.85,84.14,1013.86,21.64,37.81,6.2
2026-04-29 14:41:06,27.83,84.0,1013.96,21.76,37.54,6.23
2026-04-29 14:51:06,27.36,84.0,1012.91,21.92,38.21,6.19
2026-04-29 15:01:06,27.76,84.0,1012.64,21.68,37.6,6.27
2026-04-29 15:11:06,27.75,84.96,1012.7,21.78,38.65,6.2
2026-04-29 15:21:06,27.82,85.01,1011.58,22.05,37.98,6.21
2026-04-29 15:31:06,27.83,84.3,1012.61,22.04,37.87,6.19
2026-04-29 15:41:06,27.91,84.0,1010.88,21.91,38.81,6.17
2026-04-29 15:51:06,27.57,84.0,1012.85,22.06,37.99,6.19
2026-04-29 16:01:06,27.91,84.06,1010.37,22.14,37.03,6.21
2026-04-29 16:11:06,27.06,84.0,1011.62,22.25,37.4,6.15
2026-04-29 16:21:06,27.89,84.16,1010.06,21.93,38.76,6.2
2026-04-29 16:31:06,27.35,84.51,1009.08,22.06,37.75,6.17
2026-04-29 16:41:06,27.58,84.7,1013.71,22.01,37.98,6.21
2026-04-29 16:51:06,27.38,84.89,1010.0,22.06,37.81,6.19
2026-04-29 17:01:06,27.36,84.88,1012.79,21.7,36.88,6.19
2026-04-29 17:11:06,26.71,84.49,1012.3,21.78,37.35,6.16
2026-04-29 17:21:06,26.38,84.74,1012.01,21.83,38.93,6.21
2026-04-29 17:31:06,26.43,85.67,1012.44,21.25,38.39,6.18
2026-04-29 17:41:06,26.56,85.05,1012.56,21.55,36.81,6.23
2026-04-29 17:51:06,26.19,85.79,1012.26,21.57,37.86,6.2
2026-04-29 18:01:06,25.86,85.13,1011.75,21.45,38.41,6.19
2026-04-29 18:11:06,25.97,85.45,1009.94,21.98,38.23,6.24
2026-04-29 18:21:06,26.22,86.14,1013.32,21.21,38.32,6.19
2026-04-29 18:31:06,26.24,84.55,1012.55,21.12,37.51,6.18
2026-04-29 18:41:06,25.37,85.45,1011.26,21.28,38.73,6.19
2026-04-29 18:51:06,25.34,86.29,1010.02,20.75,37.79,6.22
2026-04-29 19:01:06,25.94,85.77,1011.85,21.04,37.99,6.21
2026-04-29 19:11:06,25.34,86.27,1009.86,21.0,38.04,6.21
2026-04-29 19:21:06,25.31,86.35,1012.42,20.37,38.37,6.21
2026-04-29 19:31:06,24.92,87.38,1009.77,20.47,37.88,6.2
2026-04-29 19:41:06,24.93,86.64,1010.38,20.2,38.51,6.2
2026-04-29 19:51:06,24.88,87.47,1012.7,20.42,38.92,6.22
2026-04-29 20:01:06,24.12,86.94,1011.07,19.61,37.41,6.22
2026-04-29 20:11:06,23.91,87.94,1009.97,20.18,38.92,6.21
2026-04-29 20:21:06,24.38,87.43,1009.25,19.38,38.15,6.23
2026-04-29 20:31:06,23.86,87.38,1014.12,19.74,37.6,6.19
2026-04-29 20:41:06,23.6,87.82,1012.54,19.41,38.01,6.23
2026-04-29 20:51:06,23.82,87.1,1015.47,19.14,37.93,6.18
2026-04-29 21:01:06,23.97,87.21,1010.14,19.51,37.7,6.21
2026-04-29 21:11:06,23.08,88.3,1011.74,18.6,37.39,6.22
2026-04-29 21:21:06,23.85,88.99,1013.24,19.02,38.33,6.2
2026-04-29 21:31:06,22.9,87.82,1012.71,18.5,37.41,6.21
2026-04-29 21:41:06,23.55,87.91,1014.11,18.68,37.79,6.23
2026-04-29 21:51:06,22.7,88.4,1011.59,18.04,37.76,6.19
2026-04-29 22:01:06,22.06,89.26,1011.42,17.86,38.32,6.21
2026-04-29 22:11:06,22.31,88.1,1014.51,17.96,38.94,6.2
2026-04-29 22:21:06,22.56,89.17,1010.97,17.44,37.98,6.15
2026-04-29 22:31:06,22.6,89.37,1010.3,17.63,38.1,6.19
2026-04-29 22:41:06,21.82,89.0,1013.01,17.31,37.94,6.21
2026-04-29 22:51:06,22.25,88.57,1014.14,16.79,38.02,6.21
2026-04-29 23:01:06,21.86,88.52,1012.02,16.89,37.66,6.19
2026-04-29 23:11:06,22.0,88.91,1013.04,16.63,37.62,6.18
2026-04-29 23:21:06,21.0,89.48,1009.7,16.41,37.64,6.2
2026-04-29 23:31:06,21.64,89.54,1011.47,16.39,38.17,6.22
2026-04-29 23:41:06,21.41,89.22,1011.98,16.31,38.39,6.21
2026-04-29 23:51:06,21.7,88.96,1010.87,16.43,38.51,6.18
2026-04-30 00:01:06,21.56,89.47,1010.94,15.72,37.41,6.21
2026-04-30 00:11:06,21.6,90.0,1012.43,15.73,37.98,6.17
2026-04-30 00:21:06,21.04,90.0,1010.97,15.81,38.42,6.16
2026-04-30 00:31:06,21.15,89.8,1010.7,15.73,36.19,6.2
2026-04-30 00:41:06,21.04,90.0,1012.89,15.61,37.12,6.2
2026-04-30 00:51:06,21.2,89.27,1012.46,15.34,36.69,6.22
2026-04-30 01:01:06,21.0,90.0,1013.18,15.28,37.44,6.19
2026-04-30 01:11:06,21.57,89.67,1013.52,15.06,38.32,6.2
2026-04-30 01:21:06,21.51,89.36,1014.07,14.72,38.07,6.21
2026-04-30 01:31:06,21.07,89.66,1014.12,14.86,37.83,6.2
2026-04-30 01:41:06,21.0,89.87,1014.3,14.79,37.09,6.21
2026-04-30 01:51:06,21.19,89.42,1009.71,14.22,38.32,6.21
2026-04-30 02:01:06,21.4,90.0,1012.41,14.59,37.91,6.19
2026-04-30 02:11:06,21.05,89.41,1012.56,14.19,38.05,6.19
2026-04-30 02:21:06,21.42,89.89,1010.57,14.56,37.72,6.19
2026-04-30 02:31:06,21.0,90.0,1012.28,14.53,37.86,6.2
2026-04-30 02:41:06,21.0,90.0,1009.32,14.32,36.98,6.2
2026-04-30 02:51:06,21.45,90.0,1010.1,14.36,38.0,6.2
2026-04-30 03:01:06,21.04,90.0,1012.78,13.98,38.29,6.23
2026-04-30 03:11:06,21.0,89.21,1012.79,13.73,37.67,6.19
2026-04-30 03:21:06,21.13,90.0,1012.65,14.24,38.77,6.21
2026-04-30 03:31:06,21.0,89.87,1012.88,13.73,37.06,6.2
2026-04-30 03:41:06,21.62,90.0,1009.02,14.01,37.56,6.2
2026-04-30 03:51:06,21.53,90.0,1009.61,13.99,37.68,6.18
2026-04-30 04:01:06,21.12,89.98,1009.98,14.18,37.61,6.17
2026-04-30 04:11:06,21.35,89.84,1014.13,14.07,37.91,6.22
2026-04-30 04:21:06,21.42,89.73,1012.36,13.85,38.0,6.2
2026-04-30 04:31:06,21.69,89.82,1011.43,13.63,37.89,6.22
2026-04-30 04:41:06,22.3,88.52,1011.66,14.47,37.61,6.2
2026-04-30 04:51:06,21.9,89.74,1012.62,13.9,37.97,6.17
2026-04-30 05:01:06,22.53,89.63,1010.65,14.04,37.65,6.23
2026-04-30 05:11:06,22.5,89.56,1011.27,13.84,37.61,6.2
2026-04-30 05:21:06,22.59,87.57,1011.56,14.06,37.39,6.23
2026-04-30 05:31:06,22.36,88.63,1009.8,14.27,36.99,6.18
2026-04-30 05:41:06,22.21,88.74,1011.98,14.21,38.22,6.22
2026-04-30 05:51:06,22.42,88.84,1010.09,14.08,38.01,6.17
2026-04-30 06:01:06,22.8,89.54,1011.23,14.55,36.88,6.19
2026-04-30 06:11:06,23.31,87.78,1009.62,14.47,37.33,6.23
2026-04-30 06:21:06,22.99,88.22,1012.28,14.39,37.68,6.2
2026-04-30 06:31:06,22.89,86.96,1012.99,14.9,37.37,6.2
2026-04-30 06:41:06,23.41,88.01,1012.44,15.02,37.81,6.2
2026-04-30 06:51:06,24.25,88.03,1011.6,15.01,37.82,6.21
2026-04-30 07:01:06,23.67,87.11,1012.02,15.24,38.62,6.23
2026-04-30 07:11:06,23.63,86.75,1010.92,15.39,37.58,6.23
2026-04-30 07:21:06,23.74,87.06,1009.21,15.0,38.37,6.19
2026-04-30 07:31:06,24.06,87.26,1013.98,15.5,37.63,6.24
2026-04-30 07:41:06,24.26,87.15,1011.34,15.7,37.48,6.21
2026-04-30 07:51:06,24.78,86.42,1010.32,16.12,37.52,6.18
2026-04-30 08:01:06,24.59,88.07,1012.14,16.16,37.91,6.21
2026-04-30 08:11:06,25.16,86.17,1012.93,15.87,38.17,6.21
2026-04-30 08:21:06,24.91,87.16,1010.92,16.26,37.25,6.23
2026-04-30 08:31:06,24.6,86.58,1012.14,16.44,36.8,6.22
2026-04-30 08:41:06,25.4,86.71,1011.8,16.84,36.79,6.17
2026-04-30 08:51:06,25.62,86.54,1011.05,16.88,37.06,6.22
2026-04-30 09:01:06,25.11,86.64,1013.04,16.95,37.76,6.22
2026-04-30 09:11:06,25.4,85.93,1011.22,17.24,38.24,6.2
2026-04-30 09:21:06,25.77,85.9,1012.6,17.35,36.62,6.2
2026-04-30 09:31:06,25.79,85.6,1012.88,18.12,37.9,6.21
2026-04-30 09:41:06,26.13,86.4,1012.15,17.79,37.68,6.22
2026-04-30 09:51:06,25.69,84.8,1011.71,18.07,37.59,6.17
2026-04-30 10:01:06,25.86,84.7,1011.94,17.89,37.33,6.2
2026-04-30 10:11:06,26.25,84.6,1009.97,18.18,38.12,6.2
2026-04-30 10:21:06,26.67,85.41,1010.89,18.46,37.06,6.2
2026-04-30 10:31:06,26.61,85.23,1011.84,18.43,37.87,6.2
2026-04-30 10:41:06,26.74,84.97,1011.66,18.84,37.68,6.18
2026-04-30 10:51:06,27.04,85.74,1012.58,19.12,37.97,6.23
2026-04-30 11:01:06,27.0,86.42,1014.16,19.24,36.51,6.18
2026-04-30 11:11:06,27.28,84.53,1010.55,19.14,37.64,6.21
2026-04-30 11:21:06,27.15,85.32,1012.31,19.48,37.92,6.2
2026-04-30 11:31:06,27.37,84.51,1011.42,19.81,37.95,6.18
2026-04-30 11:41:06,27.15,84.94,1011.06,19.56,36.64,6.21
2026-04-30 11:51:06,27.36,84.0,1015.15,20.03,37.3,6.22
2026-04-30 12:01:06,28.0,84.62,1011.17,20.01,37.37,6.18
2026-04-30 12:11:06,27.97,85.31,1012.08,20.21,37.28,6.19
2026-04-30 12:21:06,27.95,84.53,1010.0,20.41,37.38,6.2
2026-04-30 12:31:06,27.67,84.2,1013.98,20.35,36.77,6.22
2026-04-30 12:41:06,27.83,84.0,1011.84,20.81,37.17,6.19
2026-04-30 12:51:06,28.0,84.72,1013.01,20.56,37.98,6.21
2026-04-30 13:01:06,27.99,84.0,1011.49,21.03,38.01,6.21
2026-04-30 13:11:06,27.6,84.0,1012.12,21.16,37.63,6.18
2026-04-30 13:21:06,27.44,84.67,1012.43,20.96,37.57,6.19
2026-04-30 13:31:06,27.89,84.0,1007.41,21.18,37.07,6.17
2026-04-30 13:41:06,27.77,84.0,1013.23,21.33,37.65,6.2
2026-04-30 13:51:06,27.85,84.0,1015.46,21.49,37.12,6.21
2026-04-30 14:01:06,28.0,84.0,1008.79,21.69,36.62,6.2
2026-04-30 14:11:06,28.0,85.11,1010.64,22.08,37.12,6.17
2026-04-30 14:21:06,28.0,84.0,1011.07,21.76,37.36,6.2
2026-04-30 14:31:06,27.82,84.08,1012.87,21.44,38.4,6.23
2026-04-30 14:41:06,27.73,84.09,1011.97,22.11,36.75,6.22
2026-04-30 14:51:06,27.93,84.0,1010.68,21.88,37.11,6.17
2026-04-30 15:01:06,27.91,84.0,1012.46,21.87,37.83,6.18
2026-04-30 15:11:06,28.0,84.31,1013.03,21.83,38.09,6.24
2026-04-30 15:21:06,28.0,84.54,1012.98,22.04,37.3,6.17
2026-04-30 15:31:06,27.49,84.03,1013.79,21.92,37.05,6.19
2026-04-30 15:41:06,27.54,84.77,1013.13,22.14,37.21,6.2
2026-04-30 15:51:06,27.65,84.42,1014.16,21.81,36.85,6.16
2026-04-30 16:01:06,28.0,84.53,1013.28,21.96,36.92,6.24
2026-04-30 16:11:06,26.96,84.85,1009.76,22.16,38.1,6.22
2026-04-30 16:21:06,27.08,84.0,1012.32,21.81,37.47,6.16
2026-04-30 16:31:06,27.22,84.01,1009.06,21.81,36.36,6.2
2026-04-30 16:41:06,27.18,84.2,1011.22,22.03,36.23,6.21
2026-04-30 16:51:06,27.07,84.04,1013.4,21.56,37.81,6.19
2026-04-30 17:01:06,26.83,84.18,1013.37,21.92,37.42,6.23
2026-04-30 17:11:06,26.93,85.51,1013.1,21.97,36.88,6.17
2026-04-30 17:21:06,26.52,84.99,1008.75,21.88,37.23,6.21
2026-04-30 17:31:06,26.77,86.0,1012.53,21.72,37.91,6.21
2026-04-30 17:41:06,26.54,85.53,1010.35,21.45,37.59,6.19
2026-04-30 17:51:06,26.65,85.65,1013.03,21.6,37.45,6.23
2026-04-30 18:01:06,25.81,84.4,1010.91,21.93,37.08,6.19
2026-04-30 18:11:06,26.19,84.81,1011.39,21.54,37.93,6.2
2026-04-30 18:21:06,25.87,86.42,1013.5,20.87,37.65,6.22
2026-04-30 18:31:06,25.74,86.61,1014.14,21.19,37.54,6.2
2026-04-30 18:41:06,25.9,85.73,1013.45,21.06,37.23,6.2
2026-04-30 18:51:06,25.16,85.62,1012.83,21.2,36.35,6.19
2026-04-30 19:01:06,25.79,87.0,1011.51,20.33,38.14,6.21
2026-04-30 19:11:06,24.6,86.54,1009.93,20.5,37.47,6.2
2026-04-30 19:21:06,25.08,86.56,1012.28,20.29,37.01,6.2
2026-04-30 19:31:06,25.38,86.53,1012.39,20.62,37.91,6.18
2026-04-30 19:41:06,25.17,86.73,1013.82,20.12,37.25,6.23
2026-04-30 19:51:06,24.3,87.28,1012.76,19.84,36.67,6.2
2026-04-30 20:01:06,24.85,87.14,1011.55,19.78,37.06,6.25
2026-04-30 20:11:06,24.1,86.48,1014.08,19.84,37.18,6.2
2026-04-30 20:21:06,23.89,87.61,1014.23,19.85,37.18,6.19
2026-04-30 20:31:06,25.23,87.26,1008.1,19.84,36.3,6.21
2026-04-30 20:41:06,23.36,87.29,1011.99,19.13,37.49,6.21
2026-04-30 20:51:06,23.5,87.6,1012.62,19.57,36.05,6.21
2026-04-30 21:01:06,23.43,88.22,1013.49,19.1,37.42,6.19
2026-04-30 21:11:06,23.85,88.52,1011.75,18.58,38.23,6.18
2026-04-30 21:21:06,22.84,87.51,1011.34,18.82,36.74,6.16
2026-04-30 21:31:06,23.23,88.65,1012.81,18.31,36.56,6.22
2026-04-30 21:41:06,22.52,88.13,1012.27,18.36,37.7,6.21
2026-04-30 21:51:06,22.79,88.38,1013.14,18.32,36.86,6.21
2026-04-30 22:01:06,22.89,87.48,1010.1,17.98,37.05,6.19
2026-04-30 22:11:06,22.61,88.92,1013.24,17.5,36.45,6.23
2026-04-30 22:21:06,21.98,88.58,1010.65,17.85,36.75,6.2
2026-04-30 22:31:06,22.23,89.04,1013.14,17.61,36.94,6.18
2026-04-30 22:41:06,23.22,88.32,1012.3,17.58,37.67,6.15
2026-04-30 22:51:06,21.82,89.44,1009.69,16.98,36.36,6.21
2026-04-30 23:01:06,21.65,89.42,1010.99,16.82,36.84,6.17
2026-04-30 23:11:06,21.59,88.81,1012.22,16.89,37.07,6.2
2026-04-30 23:21:06,21.77,88.69,1012.64,16.62,37.27,6.23
2026-04-30 23:31:06,21.63,89.36,1011.08,16.76,36.7,6.18
2026-04-30 23:41:06,21.75,88.63,1013.97,16.33,36.85,6.23
2026-04-30 23:51:06,21.66,90.0,1010.1,15.97,36.59,6.17
2026-05-01 00:01:06,21.02,89.84,1012.58,16.16,38.25,6.2
2026-05-01 00:11:06,21.86,89.15,1010.96,15.91,37.26,6.22
2026-05-01 00:21:06,21.6,89.12,1010.63,15.56,37.31,6.2
2026-05-01 00:31:06,21.2,90.0,1013.05,15.76,38.26,6.2
2026-05-01 00:41:06,21.37,89.25,1010.74,15.22,38.02,6.22
2026-05-01 00:51:06,21.28,89.54,1010.29,15.14,37.49,6.23
2026-05-01 01:01:06,21.05,90.0,1010.73,14.99,37.85,6.2
2026-05-01 01:11:06,21.14,89.95,1012.38,15.14,37.05,6.21
2026-05-01 01:21:06,21.25,90.0,1012.1,14.92,37.57,6.21
2026-05-01 01:31:06,21.74,89.16,1009.69,14.96,36.01,6.21
2026-05-01 01:41:06,21.0,90.0,1010.23,14.72,37.01,6.19
2026-05-01 01:51:06,21.0,89.56,1011.23,14.32,37.03,6.19
2026-05-01 02:01:06,21.0,89.74,1011.52,14.68,36.61,6.22
2026-05-01 02:11:06,21.47,89.43,1010.28,14.18,36.84,6.21
2026-05-01 02:21:06,21.56,90.0,1010.69,14.29,37.77,6.21
2026-05-01 02:31:06,21.18,89.79,1010.35,14.33,36.65,6.2
2026-05-01 02:41:06,21.11,89.69,1008.18,14.4,37.55,6.19
2026-05-01 02:51:06,21.74,89.38,1016.43,14.28,36.55,6.18
2026-05-01 03:01:06,21.2,90.0,1011.4,13.63,37.44,6.21
2026-05-01 03:11:06,21.25,89.33,1013.36,13.96,37.89,6.2
2026-05-01 03:21:06,21.0,90.0,1008.98,13.66,36.58,6.25
2026-05-01 03:31:06,21.26,89.66,1015.21,13.59,36.9,6.19
2026-05-01 03:41:06,21.11,88.97,1012.69,14.08,37.22,6.19
2026-05-01 03:51:06,21.32,90.0,1011.95,14.03,36.87,6.22
2026-05-01 04:01:06,21.45,90.0,1014.4,14.02,35.78,6.22
2026-05-01 04:11:06,22.25,88.93,1011.52,14.35,36.72,6.19
2026-05-01 04:21:06,21.64,90.0,1012.22,14.24,37.0,6.22
2026-05-01 04:31:06,21.63,89.44,1010.99,14.04,37.39,6.21
2026-05-01 04:41:06,22.05,89.34,1012.74,13.71,37.19,6.2
2026-05-01 04:51:06,22.48,89.01,1011.32,14.13,35.8,6.19
2026-05-01 05:01:06,22.8,89.3,1014.99,14.43,37.67,6.2
2026-05-01 05:11:06,22.74,88.57,1012.12,14.19,37.36,6.22
2026-05-01 05:21:06,21.86,89.06,1012.94,14.35,36.43,6.18
2026-05-01 05:31:06,22.71,88.54,1008.67,14.12,38.11,6.23
2026-05-01 05:41:06,22.72,89.29,1012.99,14.47,37.15,6.19
2026-05-01 05:51:06,22.29,89.6,1015.86,14.49,37.48,6.17
2026-05-01 06:01:06,22.39,88.78,1012.94,14.6,37.12,6.15
2026-05-01 06:11:06,22.76,88.05,1012.46,14.54,36.91,6.18
2026-05-01 06:21:06,22.81,87.08,1012.11,14.71,35.97,6.19
2026-05-01 06:31:06,23.09,87.63,1011.28,14.93,37.46,6.23
2026-05-01 06:41:06,23.4,88.7,1013.24,14.84,37.75,6.21
2026-05-01 06:51:06,24.17,87.43,1012.2,15.28,36.66,6.22
2026-05-01 07:01:06,23.15,87.91,1010.87,15.17,35.86,6.2
2026-05-01 07:11:06,23.25,87.2,1012.53,15.37,37.4,6.2
2026-05-01 07:21:06,24.07,87.59,1010.22,15.19,36.25,6.22
2026-05-01 07:31:06,23.79,87.02,1014.43,15.54,36.49,6.19
2026-05-01 07:41:06,24.12,87.25,1013.02,15.3,37.68,6.21
2026-05-01 07:51:06,24.4,86.59,1013.55,15.65,36.19,6.23
2026-05-01 08:01:06,24.2,88.01,1012.58,16.37,38.35,6.19
2026-05-01 08:11:06,25.16,85.86,1011.57,16.1,36.61,6.23
2026-05-01 08:21:06,24.56,87.43,1011.83,16.42,37.16,6.21
2026-05-01 08:31:06,24.93,86.67,1013.1,16.33,37.15,6.21
2026-05-01 08:41:06,25.67,86.84,1011.58,17.02,36.83,6.21
2026-05-01 08:51:06,25.46,85.33,1013.79,16.84,36.5,6.18
2026-05-01 09:01:06,25.54,85.34,1009.36,16.82,37.67,6.19
2026-05-01 09:11:06,25.48,85.3,1012.92,17.27,35.76,6.21
2026-05-01 09:21:06,25.78,85.71,1014.64,17.28,36.53,6.23
2026-05-01 09:31:06,26.1,85.95,1011.21,17.35,36.78,6.17
2026-05-01 09:41:06,25.78,86.86,1015.03,17.73,37.01,6.19
2026-05-01 09:51:06,25.96,85.03,1012.07,17.75,37.18,6.21
2026-05-01 10:01:06,26.37,84.45,1010.36,17.87,36.56,6.21
2026-05-01 10:11:06,26.47,85.63,1010.39,18.45,36.61,6.21
2026-05-01 10:21:06,26.54,85.67,1013.04,18.51,37.48,6.18
2026-05-01 10:31:06,27.13,84.81,1009.95,18.75,36.92,6.18
2026-05-01 10:41:06,26.98,85.35,1014.26,18.74,35.31,6.19
2026-05-01 10:51:06,26.94,84.0,1013.58,18.96,37.08,6.23
2026-05-01 11:01:06,26.62,84.09,1012.43,19.07,37.16,6.22
2026-05-01 11:11:06,27.04,84.26,1013.43,19.26,36.75,6.17
2026-05-01 11:21:06,26.98,84.59,1013.42,19.51,36.41,6.2
2026-05-01 11:31:06,27.22,84.88,1013.04,19.59,37.14,6.2
2026-05-01 11:41:06,27.54,84.84,1009.63,19.91,36.45,6.18
2026-05-01 11:51:06,26.89,84.48,1010.02,19.78,36.91,6.2
2026-05-01 12:01:06,27.67,84.2,1011.74,20.19,36.34,6.2
2026-05-01 12:11:06,27.66,84.02,1015.02,20.38,37.13,6.17
2026-05-01 12:21:06,27.99,84.34,1010.33,20.31,36.63,6.2
2026-05-01 12:31:06,27.32,85.06,1010.37,20.1,36.55,6.17
2026-05-01 12:41:06,27.97,84.16,1013.03,20.67,36.41,6.2
2026-05-01 12:51:06,27.97,84.0,1010.78,20.73,36.08,6.21
2026-05-01 13:01:06,28.0,84.0,1011.62,20.49,35.21,6.22
2026-05-01 13:11:06,28.0,84.14,1013.59,20.99,37.85,6.21
2026-05-01 13:21:06,28.0,84.0,1011.69,20.95,36.1,6.22
2026-05-01 13:31:06,28.0,84.0,1009.93,21.11,37.11,6.21
2026-05-01 13:41:06,27.93,84.15,1011.3,21.28,37.06,6.16
2026-05-01 13:51:06,27.97,84.0,1010.48,21.34,35.48,6.2
2026-05-01 14:01:06,28.0,84.0,1010.25,21.57,36.23,6.19
2026-05-01 14:11:06,28.0,84.25,1015.42,21.46,36.51,6.22
2026-05-01 14:21:06,27.92,84.25,1013.04,21.97,36.03,6.21
2026-05-01 14:31:06,27.63,84.0,1011.87,21.73,36.59,6.18
2026-05-01 14:41:06,27.08,84.68,1011.56,21.7,36.82,6.19
2026-05-01 14:51:06,27.44,84.7,1012.76,21.66,37.12,6.22
2026-05-01 15:01:06,27.68,84.9,1010.33,21.82,37.51,6.24
2026-05-01 15:11:06,27.86,84.04,1013.12,22.06,36.65,6.21
2026-05-01 15:21:06,27.87,84.0,1011.24,21.97,36.62,6.19
2026-05-01 15:31:06,27.69,84.25,1013.05,22.57,36.32,6.2
2026-05-01 15:41:06,28.0,85.01,1012.36,21.97,36.52,6.18
2026-05-01 15:51:06,27.33,84.0,1010.3,21.92,36.01,6.2
2026-05-01 16:01:06,27.47,84.68,1012.51,21.98,36.47,6.17
2026-05-01 16:11:06,27.22,84.0,1010.23,21.81,36.78,6.23
2026-05-01 16:21:06,27.55,84.0,1013.73,22.0,37.14,6.21
2026-05-01 16:31:06,27.43,84.9,1009.01,21.9,36.92,6.22
2026-05-01 16:41:06,26.95,84.86,1011.54,22.17,36.22,6.17
2026-05-01 16:51:06,26.47,86.06,1010.01,21.85,36.45,6.21
2026-05-01 17:01:06,27.05,84.71,1012.11,22.02,36.47,6.22
2026-05-01 17:11:06,26.81,85.26,1015.94,21.76,36.85,6.15
2026-05-01 17:21:06,27.3,84.94,1009.84,21.45,36.67,6.23
2026-05-01 17:31:06,25.98,84.76,1012.5,21.83,35.35,6.15
2026-05-01 17:41:06,26.58,85.38,1011.53,21.71,36.93,6.22
2026-05-01 17:51:06,25.92,86.02,1011.61,21.62,37.91,6.2
2026-05-01 18:01:06,25.97,85.83,1009.97,21.47,36.94,6.21
2026-05-01 18:11:06,26.39,85.12,1013.11,21.71,37.84,6.22
2026-05-01 18:21:06,25.53,85.96,1012.64,21.37,36.98,6.19
2026-05-01 18:31:06,26.0,84.93,1011.13,21.18,36.58,6.25
2026-05-01 18:41:06,26.03,86.39,1013.32,20.75,36.65,6.22
2026-05-01 18:51:06,25.25,86.29,1010.48,21.12,36.41,6.18
2026-05-01 19:01:06,25.47,87.22,1013.53,20.84,36.18,6.19
2026-05-01 19:11:06,24.84,86.58,1010.62,20.57,37.06,6.22
2026-05-01 19:21:06,24.5,87.26,1014.39,20.26,36.76,6.19
2026-05-01 19:31:06,24.73,86.87,1013.69,20.35,36.69,6.18
2026-05-01 19:41:06,25.3,87.12,1011.48,20.45,36.37,6.2
2026-05-01 19:51:06,24.62,87.92,1013.86,20.3,36.39,6.23
2026-05-01 20:01:06,25.0,87.65,1012.94,20.15,36.09,6.2
2026-05-01 20:11:06,24.16,87.79,1013.65,19.71,36.81,6.19
2026-05-01 20:21:06,24.2,88.56,1012.0,19.73,36.94,6.22
2026-05-01 20:31:06,24.09,87.1,1009.58,19.58,36.71,6.21
2026-05-01 20:41:06,23.56,87.06,1012.43,19.19,36.33,6.19
2026-05-01 20:51:06,23.56,87.94,1011.91,19.28,36.56,6.21
2026-05-01 21:01:06,23.35,87.37,1012.12,19.19,37.2,6.15
2026-05-01 21:11:06,23.55,87.88,1011.39,18.65,37.05,6.2
2026-05-01 21:21:06,22.97,88.16,1012.37,18.62,36.65,6.19
2026-05-01 21:31:06,22.85,88.92,1014.06,18.54,36.25,6.2
2026-05-01 21:41:06,23.31,88.76,1013.03,18.56,36.72,6.19
2026-05-01 21:51:06,23.05,88.83,1013.01,18.14,36.56,6.21
2026-05-01 22:01:06,22.71,88.09,1014.1,18.06,37.46,6.24
2026-05-01 22:11:06,22.17,88.57,1011.28,17.69,35.97,6.17
2026-05-01 22:21:06,22.76,89.35,1010.66,17.6,36.73,6.19
2026-05-01 22:31:06,22.64,88.66,1011.28,17.44,35.43,6.2
2026-05-01 22:41:06,22.42,88.85,1012.53,17.04,36.17,6.22
2026-05-01 22:51:06,22.22,90.0,1011.16,17.42,37.14,6.23
2026-05-01 23:01:06,22.34,88.32,1013.56,16.94,36.18,6.2
2026-05-01 23:11:06,21.65,89.1,1012.21,17.1,36.29,6.2
2026-05-01 23:21:06,21.78,88.8,1009.55,16.58,36.38,6.2
2026-05-01 23:31:06,21.83,89.46,1011.14,16.42,37.58,6.18
2026-05-01 23:41:06,21.69,89.58,1009.49,16.21,36.9,6.18
2026-05-01 23:51:06,21.67,89.14,1010.66,16.09,36.06,6.2
2026-05-02 00:01:06,21.0,89.45,1009.72,15.97,36.61,6.21
2026-05-02 00:11:06,21.8,90.0,1013.36,15.66,36.61,6.17
2026-05-02 00:21:06,21.0,89.43,1009.43,15.62,37.21,6.2
2026-05-02 00:31:06,21.36,90.0,1010.37,15.57,36.44,6.21
2026-05-02 00:41:06,21.0,89.56,1012.1,15.66,36.44,6.24
2026-05-02 00:51:06,21.0,89.21,1011.38,15.47,36.44,6.19
2026-05-02 01:01:06,21.46,89.93,1009.82,15.28,36.81,6.2
2026-05-02 01:11:06,21.08,90.0,1012.28,14.58,36.25,6.17
2026-05-02 01:21:06,21.34,89.63,1012.4,15.15,36.82,6.23
2026-05-02 01:31:06,21.04,89.39,1012.87,14.66,35.86,6.25
2026-05-02 01:41:06,21.14,90.0,1016.04,14.57,36.91,6.19
2026-05-02 01:51:06,21.27,89.53,1011.79,14.53,36.8,6.2
2026-05-02 02:01:06,21.0,90.0,1014.11,14.72,36.97,6.21
2026-05-02 02:11:06,21.12,88.79,1010.64,14.53,36.16,6.17
2026-05-02 02:21:06,21.0,89.27,1011.29,14.33,36.2,6.23
2026-05-02 02:31:06,21.67,89.65,1012.95,13.95,36.51,6.2
2026-05-02 02:41:06,21.39,90.0,1010.64,14.0,35.82,6.2
2026-05-02 02:51:06,21.08,90.0,1011.71,14.02,36.66,6.21
2026-05-02 03:01:06,21.0,89.28,1011.96,13.76,35.69,6.24
2026-05-02 03:11:06,21.09,89.95,1012.2,14.15,35.79,6.18
2026-05-02 03:21:06,21.55,89.88,1014.55,14.26,36.68,6.17
2026-05-02 03:31:06,21.35,89.31,1012.54,14.22,36.75,6.22
2026-05-02 03:41:06,21.11,89.12,1013.94,13.59,36.13,6.2
2026-05-02 03:51:06,21.58,89.97,1010.06,14.04,36.09,6.17
2026-05-02 04:01:06,21.21,89.75,1011.87,14.29,35.6,6.19
2026-05-02 04:11:06,21.58,89.96,1011.84,13.47,35.24,6.23
2026-05-02 04:21:06,21.24,89.16,1011.05,14.22,35.32,6.21
2026-05-02 04:31:06,21.4,89.4,1010.45,13.93,35.84,6.21
2026-05-02 04:41:06,21.99,89.58,1014.94,14.0,35.64,6.19
2026-05-02 04:51:06,21.95,88.49,1012.91,13.9,35.53,6.19
2026-05-02 05:01:06,22.06,88.85,1013.3,14.05,37.07,6.22
2026-05-02 05:11:06,22.02,89.37,1011.82,14.29,35.98,6.21
2026-05-02 05:21:06,22.03,88.15,1010.2,14.46,35.57,6.2
2026-05-02 05:31:06,22.52,88.79,1009.45,14.38,36.54,6.19
2026-05-02 05:41:06,22.76,88.67,1014.71,14.32,35.35,6.19
2026-05-02 05:51:06,22.56,88.26,1009.89,14.64,35.24,6.16
2026-05-02 06:01:06,22.36,88.75,1009.89,14.29,36.33,6.21
2026-05-02 06:11:06,22.87,87.97,1010.95,14.79,36.16,6.17
2026-05-02 06:21:06,23.33,88.37,1013.01,14.52,35.75,6.21
2026-05-02 06:31:06,23.55,88.19,1011.72,14.76,36.11,6.18
2026-05-02 06:41:06,23.37,87.56,1012.21,14.82,35.86,6.18
2026-05-02 06:51:06,23.08,88.1,1014.13,14.97,36.06,6.18
2026-05-02 07:01:06,23.61,88.43,1014.46,15.26,36.21,6.19
2026-05-02 07:11:06,23.63,87.97,1012.22,15.25,35.34,6.22
2026-05-02 07:21:06,23.53,87.26,1012.23,15.15,36.66,6.22
2026-05-02 07:31:06,24.43,87.73,1015.2,15.43,36.88,6.17
2026-05-02 07:41:06,23.98,86.98,1012.02,15.39,36.23,6.21
2026-05-02 07:51:06,23.63,86.97,1012.17,16.03,36.08,6.2
2026-05-02 08:01:06,23.99,86.99,1012.79,15.93,36.86,6.2
2026-05-02 08:11:06,24.47,86.37,1014.01,16.24,36.04,6.16
2026-05-02 08:21:06,25.24,86.99,1012.29,16.41,36.56,6.2
2026-05-02 08:31:06,24.83,87.11,1013.39,16.52,36.41,6.2
2026-05-02 08:41:06,24.98,86.89,1012.04,16.35,36.26,6.18
2026-05-02 08:51:06,25.11,86.8,1012.95,16.93,35.95,6.21
2026-05-02 09:01:06,25.25,85.96,1007.87,17.46,36.56,6.21
2026-05-02 09:11:06,25.91,86.0,1013.62,17.23,35.28,6.18
2026-05-02 09:21:06,25.97,85.93,1013.42,17.41,36.58,6.23
2026-05-02 09:31:06,25.79,85.94,1014.89,17.23,35.8,6.19
2026-05-02 09:41:06,25.94,85.42,1010.43,17.53,36.14,6.19
2026-05-02 09:51:06,25.86,85.54,1013.29,17.6,36.37,6.21
2026-05-02 10:01:06,26.21,86.16,1009.3,17.94,36.69,6.22
2026-05-02 10:11:06,26.48,85.86,1012.76,18.18,36.62,6.19
2026-05-02 10:21:06,26.56,85.52,1011.29,18.58,36.72,6.16
2026-05-02 10:31:06,26.45,86.26,1010.47,18.86,35.37,6.17
2026-05-02 10:41:06,27.0,85.31,1012.0,18.45,36.04,6.21
2026-05-02 10:51:06,26.9,84.91,1011.57,18.66,35.89,6.23
2026-05-02 11:01:06,26.84,85.32,1012.97,19.11,35.27,6.21
2026-05-02 11:11:06,27.28,86.24,1010.22,19.46,35.96,6.2
2026-05-02 11:21:06,27.17,85.41,1013.47,19.64,36.76,6.21
2026-05-02 11:31:06,26.81,85.05,1012.58,19.77,36.03,6.18
2026-05-02 11:41:06,27.68,84.92,1011.47,19.62,36.22,6.19
2026-05-02 11:51:06,26.98,84.0,1012.8,20.02,35.62,6.17
2026-05-02 12:01:06,28.0,85.14,1011.25,19.98,36.62,6.18
2026-05-02 12:11:06,28.0,84.5,1009.41,20.38,36.68,6.23
2026-05-02 12:21:06,27.85,85.02,1012.85,20.56,36.23,6.21
2026-05-02 12:31:06,27.65,84.35,1011.37,20.3,35.76,6.15
2026-05-02 12:41:06,27.93,84.83,1012.59,20.47,35.96,6.21
2026-05-02 12:51:06,27.3,84.0,1010.9,20.93,36.48,6.17
2026-05-02 13:01:06,27.8,84.06,1013.9,20.77,36.26,6.16
2026-05-02 13:11:06,28.0,84.0,1011.42,20.91,36.34,6.21
2026-05-02 13:21:06,27.71,84.18,1014.36,20.7,35.94,6.18
2026-05-02 13:31:06,27.72,84.21,1013.23,21.73,35.34,6.16
2026-05-02 13:41:06,27.69,84.0,1012.24,20.87,36.13,6.22
2026-05-02 13:51:06,28.0,84.27,1013.76,21.76,35.3,6.24
2026-05-02 14:01:06,27.61,84.0,1012.3,21.37,36.73,6.2
2026-05-02 14:11:06,28.0,84.51,1013.61,21.87,36.32,6.2
2026-05-02 14:21:06,27.81,84.44,1011.59,21.69,36.52,6.23
2026-05-02 14:31:06,27.6,84.0,1011.26,21.74,35.61,6.22
2026-05-02 14:41:06,27.83,84.46,1009.51,22.01,35.5,6.18
2026-05-02 14:51:06,28.0,84.0,1013.84,21.64,36.39,6.18
2026-05-02 15:01:06,27.84,84.03,1013.49,22.04,36.36,6.2
2026-05-02 15:11:06,27.73,84.21,1010.66,21.85,35.91,6.22
2026-05-02 15:21:06,27.91,84.18,1012.82,21.79,36.61,6.2
2026-05-02 15:31:06,27.47,84.0,1013.2,22.12,36.04,6.21
2026-05-02 15:41:06,27.81,84.77,1011.94,22.19,35.46,6.18
2026-05-02 15:51:06,27.3,84.27,1010.69,21.97,35.7,6.22
2026-05-02 16:01:06,27.42,84.0,1011.08,21.9,35.29,6.2
2026-05-02 16:11:06,27.77,84.31,1010.41,22.09,36.69,6.18
2026-05-02 16:21:06,27.32,85.05,1012.04,21.87,36.31,6.2
2026-05-02 16:31:06,27.0,84.0,1011.69,22.36,35.95,6.22
2026-05-02 16:41:06,26.4,84.0,1010.6,22.13,36.25,6.16
2026-05-02 16:51:06,27.02,84.81,1011.65,21.47,34.94,6.19
2026-05-02 17:01:06,26.86,84.94,1012.79,21.69,35.84,6.2
2026-05-02 17:11:06,27.09,85.58,1011.57,22.03,35.36,6.23
2026-05-02 17:21:06,26.91,84.43,1010.66,21.51,36.79,6.18
2026-05-02 17:31:06,26.97,84.9,1012.15,21.82,36.04,6.19
2026-05-02 17:41:06,26.34,85.97,1010.86,21.65,35.86,6.21
2026-05-02 17:51:06,26.52,85.04,1011.6,21.06,36.52,6.21
2026-05-02 18:01:06,26.17,85.51,1012.41,21.2,35.53,6.23
2026-05-02 18:11:06,25.87,85.45,1009.09,21.37,35.92,6.21
2026-05-02 18:21:06,25.73,85.77,1010.65,21.11,35.23,6.21
2026-05-02 18:31:06,25.55,86.44,1011.3,21.34,35.96,6.21
2026-05-02 18:41:06,25.48,85.89,1010.98,21.08,34.74,6.21
2026-05-02 18:51:06,25.73,86.72,1010.54,20.66,35.34,6.21
2026-05-02 19:01:06,25.6,86.78,1009.89,21.11,35.8,6.2
2026-05-02 19:11:06,25.47,86.85,1013.11,20.41,36.39,6.22
2026-05-02 19:21:06,24.97,86.15,1014.56,20.52,35.74,6.22
2026-05-02 19:31:06,24.71,87.12,1014.14,20.48,35.75,6.25
2026-05-02 19:41:06,24.43,86.54,1012.69,19.95,35.81,6.19
2026-05-02 19:51:06,24.97,87.02,1013.27,19.74,35.66,6.18
2026-05-02 20:01:06,24.64,86.97,1011.62,19.91,35.63,6.22
2026-05-02 20:11:06,24.11,86.81,1011.02,19.94,35.11,6.21
2026-05-02 20:21:06,24.95,86.72,1009.83,19.5,36.29,6.22
2026-05-02 20:31:06,24.58,87.47,1010.99,19.28,35.71,6.17
2026-05-02 20:41:06,24.36,87.07,1011.94,19.33,35.47,6.18
2026-05-02 20:51:06,23.63,87.55,1012.43,19.19,35.21,6.22
2026-05-02 21:01:06,23.96,88.51,1012.97,19.03,34.7,6.21
2026-05-02 21:11:06,23.41,88.01,1012.95,18.61,34.5,6.18
2026-05-02 21:21:06,23.07,87.81,1011.12,18.6,36.27,6.18
2026-05-02 21:31:06,23.38,88.05,1010.21,18.58,35.08,6.18
2026-05-02 21:41:06,23.01,88.9,1010.9,18.13,34.86,6.2
2026-05-02 21:51:06,23.21,87.74,1014.83,18.06,35.45,6.21
2026-05-02 22:01:06,22.53,88.78,1013.17,17.83,36.29,6.24
2026-05-02 22:11:06,22.94,88.04,1010.49,18.04,35.13,6.21
2026-05-02 22:21:06,22.62,89.44,1011.13,17.54,36.39,6.21
2026-05-02 22:31:06,22.59,88.73,1010.5,17.2,36.24,6.19
2026-05-02 22:41:06,22.37,88.38,1014.27,17.44,36.0,6.2
2026-05-02 22:51:06,22.22,89.62,1011.67,16.9,36.5,6.22
2026-05-02 23:01:06,21.94,88.36,1011.65,16.64,35.45,6.19
2026-05-02 23:11:06,21.37,89.53,1012.35,17.16,35.8,6.21
2026-05-02 23:21:06,21.84,90.0,1011.14,17.09,35.58,6.21
2026-05-02 23:31:06,21.59,88.93,1012.95,16.39,35.47,6.2
2026-05-02 23:41:06,21.46,89.12,1011.88,16.11,36.82,6.19
2026-05-02 23:51:06,22.2,89.69,1011.6,16.39,35.58,6.2
2026-05-03 00:01:06,21.03,89.75,1010.68,16.26,35.75,6.23
2026-05-03 00:11:06,21.16,90.0,1013.69,15.92,35.82,6.16
2026-05-03 00:21:06,21.29,90.0,1012.54,15.76,36.15,6.21
2026-05-03 00:31:06,21.26,89.93,1010.91,15.92,35.59,6.18
2026-05-03 00:41:06,21.37,89.72,1009.66,15.04,36.02,6.19
2026-05-03 00:51:06,21.27,90.0,1011.1,15.03,35.64,6.19
2026-05-03 01:01:06,21.0,89.5,1012.28,15.29,35.73,6.18
2026-05-03 01:11:06,21.52,89.62,1012.23,15.03,35.95,6.23
2026-05-03 01:21:06,21.42,89.85,1012.1,15.04,35.54,6.2
2026-05-03 01:31:06,21.0,90.0,1011.71,15.04,35.03,6.21
2026-05-03 01:41:06,21.0,89.46,1011.78,14.75,36.11,6.21
2026-05-03 01:51:06,21.09,89.13,1011.76,14.27,35.56,6.18
2026-05-03 02:01:06,21.22,90.0,1011.17,14.62,35.71,6.18
2026-05-03 02:11:06,21.3,90.0,1014.23,14.92,35.58,6.2
2026-05-03 02:21:06,21.62,89.19,1012.54,14.03,35.03,6.19
2026-05-03 02:31:06,21.0,89.91,1011.12,14.03,35.75,6.2
2026-05-03 02:41:06,21.24,89.72,1012.11,13.93,35.42,6.21
2026-05-03 02:51:06,21.01,90.0,1011.03,14.4,35.84,6.2
2026-05-03 03:01:06,21.39,90.0,1014.63,14.36,35.46,6.18
2026-05-03 03:11:06,21.48,90.0,1014.49,14.06,34.49,6.22
2026-05-03 03:21:06,21.18,89.82,1012.35,13.71,36.03,6.19
2026-05-03 03:31:06,21.3,89.46,1013.38,13.64,35.44,6.19
2026-05-03 03:41:06,21.36,89.14,1012.54,13.81,36.04,6.21
2026-05-03 03:51:06,21.04,89.19,1011.22,13.96,35.81,6.19
2026-05-03 04:01:06,21.59,89.69,1011.77,14.13,35.76,6.21
2026-05-03 04:11:06,21.32,89.3,1012.43,13.71,34.91,6.21
2026-05-03 04:21:06,21.1,89.77,1011.05,13.71,35.28,6.21
2026-05-03 04:31:06,21.53,89.24,1010.85,13.76,35.94,6.19
2026-05-03 04:41:06,22.19,89.63,1012.54,14.0,35.15,6.2
2026-05-03 04:51:06,21.87,89.54,1011.36,14.02,35.48,6.19
2026-05-03 05:01:06,22.23,89.34,1010.05,14.14,36.23,6.22
2026-05-03 05:11:06,22.13,89.65,1012.16,14.25,34.65,6.2
2026-05-03 05:21:06,22.59,88.62,1010.08,14.28,35.29,6.2
2026-05-03 05:31:06,22.58,88.21,1011.55,14.12,35.4,6.18
2026-05-03 05:41:06,22.53,88.76,1012.36,14.53,36.31,6.18
2026-05-03 05:51:06,22.61,88.87,1013.65,14.29,35.06,6.18
2026-05-03 06:01:06,22.98,88.37,1015.14,14.77,36.22,6.21
2026-05-03 06:11:06,22.85,88.75,1012.12,14.14,35.19,6.19
2026-05-03 06:21:06,22.81,88.5,1012.22,14.55,36.15,6.21
2026-05-03 06:31:06,23.47,87.8,1011.54,14.8,35.46,6.2
2026-05-03 06:41:06,22.85,88.55,1014.86,15.07,34.96,6.17
2026-05-03 06:51:06,23.71,87.23,1010.79,14.91,35.23,6.22
2026-05-03 07:01:06,24.18,88.59,1012.17,15.5,36.17,6.22
2026-05-03 07:11:06,24.06,87.51,1009.74,15.58,35.13,6.21
2026-05-03 07:21:06,24.24,87.4,1012.31,15.19,35.76,6.18
2026-05-03 07:31:06,23.58,87.65,1010.85,15.52,34.96,6.17
2026-05-03 07:41:06,23.91,86.84,1011.88,15.57,36.19,6.19
2026-05-03 07:51:06,24.43,88.01,1012.12,16.06,35.03,6.2
2026-05-03 08:01:06,24.31,87.58,1011.09,16.16,35.13,6.19
2026-05-03 08:11:06,24.63,87.91,1015.23,15.68,36.49,6.19
2026-05-03 08:21:06,24.59,86.82,1011.62,16.14,35.41,6.22
2026-05-03 08:31:06,25.07,86.78,1011.72,16.38,35.07,6.2
2026-05-03 08:41:06,25.01,87.0,1010.12,16.78,35.52,6.18
2026-05-03 08:51:06,25.31,86.24,1013.64,17.05,35.92,6.18
2026-05-03 09:01:06,25.43,86.76,1009.24,16.98,35.47,6.19
2026-05-03 09:11:06,25.77,86.97,1012.1,17.28,36.11,6.19
2026-05-03 09:21:06,26.26,85.38,1013.14,17.68,35.04,6.21
2026-05-03 09:31:06,25.87,85.19,1012.5,17.97,35.48,6.18
2026-05-03 09:41:06,25.8,86.21,1010.74,17.77,35.57,6.18
2026-05-03 09:51:06,25.95,85.66,1010.88,17.81,35.49,6.18
2026-05-03 10:01:06,26.07,85.16,1008.78,17.97,36.01,6.19
2026-05-03 10:11:06,26.22,86.23,1014.01,18.0,35.59,6.18
2026-05-03 10:21:06,26.45,85.74,1012.37,18.21,35.77,6.27
2026-05-03 10:31:06,26.2,85.45,1014.36,18.5,35.34,6.23
2026-05-03 10:41:06,27.3,85.59,1011.49,18.69,35.29,6.21
2026-05-03 10:51:06,26.47,85.91,1011.4,18.54,35.65,6.19
2026-05-03 11:01:06,26.8,85.58,1012.01,18.99,35.07,6.24
2026-05-03 11:11:06,26.61,84.24,1012.77,19.12,35.09,6.18
2026-05-03 11:21:06,27.39,85.24,1012.55,19.26,35.73,6.17
2026-05-03 11:31:06,27.46,84.45,1010.96,19.68,35.67,6.23
2026-05-03 11:41:06,27.5,84.64,1011.67,19.72,35.78,6.2
2026-05-03 11:51:06,27.58,84.03,1012.22,20.2,35.14,6.22
2026-05-03 12:01:06,28.0,85.02,1012.08,19.82,35.52,6.2
2026-05-03 12:11:06,27.41,84.99,1012.02,20.33,35.29,6.22
2026-05-03 12:21:06,27.58,84.0,1011.33,20.48,34.97,6.21
2026-05-03 12:31:06,27.98,84.06,1011.73,20.63,35.51,6.23
2026-05-03 12:41:06,27.52,84.4,1014.76,20.02,35.76,6.22
2026-05-03 12:51:06,28.0,84.0,1011.57,20.39,35.32,6.22
2026-05-03 13:01:06,28.0,84.0,1014.02,21.03,36.26,6.21
2026-05-03 13:11:06,27.58,84.06,1010.56,20.72,35.25,6.18
2026-05-03 13:21:06,27.71,84.0,1009.56,20.97,34.91,6.18
2026-05-03 13:31:06,28.0,84.22,1012.6,21.23,35.87,6.19
2026-05-03 13:41:06,27.74,84.0,1013.02,21.39,35.13,6.2
2026-05-03 13:51:06,27.63,84.0,1013.69,21.6,35.23,6.18
2026-05-03 14:01:06,28.0,85.32,1010.98,21.23,34.36,6.15
2026-05-03 14:11:06,28.0,84.0,1011.77,21.76,36.16,6.19
2026-05-03 14:21:06,28.0,84.0,1013.37,21.44,36.07,6.21
2026-05-03 14:31:06,27.87,84.0,1012.89,21.3,34.89,6.19
2026-05-03 14:41:06,27.94,84.0,1010.74,21.67,35.84,6.2
2026-05-03 14:51:06,28.0,84.24,1010.9,22.12,34.44,6.2
2026-05-03 15:01:06,28.0,84.38,1011.64,22.1,35.53,6.22
2026-05-03 15:11:06,27.82,84.0,1012.33,22.29,34.85,6.22
2026-05-03 15:21:06,27.97,84.0,1012.66,21.92,35.34,6.19
2026-05-03 15:31:06,28.0,84.0,1011.59,22.03,35.73,6.2
2026-05-03 15:41:06,27.57,84.1,1010.85,22.07,35.39,6.18
2026-05-03 15:51:06,27.83,84.0,1010.93,21.72,36.18,6.22
2026-05-03 16:01:06,27.61,84.26,1010.15,21.73,34.8,6.14
2026-05-03 16:11:06,27.15,84.46,1013.07,21.87,35.64,6.19
2026-05-03 16:21:06,27.6,84.0,1011.21,21.98,35.23,6.2
2026-05-03 16:31:06,27.4,85.26,1012.02,21.76,35.41,6.19
2026-05-03 16:41:06,27.19,84.16,1011.75,21.54,35.41,6.19
2026-05-03 16:51:06,27.69,84.33,1011.88,21.79,34.78,6.17
2026-05-03 17:01:06,26.88,84.14,1009.61,22.04,35.71,6.17
2026-05-03 17:11:06,26.75,85.03,1012.85,21.57,35.53,6.18
2026-05-03 17:21:06,26.5,85.13,1013.08,21.89,35.34,6.21
2026-05-03 17:31:06,26.51,85.16,1012.0,21.66,34.4,6.21
2026-05-03 17:41:06,26.88,85.14,1011.51,21.38,35.33,6.19
2026-05-03 17:51:06,25.96,85.43,1009.92,21.55,35.05,6.21
2026-05-03 18:01:06,25.98,86.58,1013.09,21.59,35.98,6.23
2026-05-03 18:11:06,26.19,85.32,1013.22,21.43,35.18,6.18
2026-05-03 18:21:06,25.91,85.79,1012.96,21.15,35.78,6.23
2026-05-03 18:31:06,25.52,85.79,1009.68,21.08,34.6,6.24
2026-05-03 18:41:06,26.08,86.02,1015.2,21.26,35.44,6.19
2026-05-03 18:51:06,25.32,86.33,1013.39,21.03,35.54,6.16
2026-05-03 19:01:06,25.46,85.27,1012.74,20.61,36.15,6.22
2026-05-03 19:11:06,24.93,85.66,1011.24,20.65,35.58,6.24
2026-05-03 19:21:06,25.45,86.62,1014.47,20.36,34.77,6.18
2026-05-03 19:31:06,24.87,86.28,1012.12,20.16,34.77,6.19
2026-05-03 19:41:06,24.72,85.94,1010.9,20.21,34.18,6.24
2026-05-03 19:51:06,24.6,87.88,1014.92,20.23,35.51,6.18
2026-05-03 20:01:06,24.09,86.91,1014.1,19.58,35.24,6.21
2026-05-03 20:11:06,24.55,87.01,1013.19,19.88,36.0,6.22
2026-05-03 20:21:06,24.17,88.29,1010.71,19.79,34.97,6.24
2026-05-03 20:31:06,24.39,87.84,1009.33,19.53,35.34,6.15
2026-05-03 20:41:06,23.86,87.1,1012.66,19.35,35.3,6.2
2026-05-03 20:51:06,23.74,87.54,1014.55,19.21,34.5,6.21
2026-05-03 21:01:06,24.09,87.65,1009.54,18.84,34.49,6.19
2026-05-03 21:11:06,23.16,87.54,1014.93,18.88,35.09,6.21
2026-05-03 21:21:06,23.38,88.03,1013.7,18.67,35.63,6.21
2026-05-03 21:31:06,22.79,88.63,1013.42,18.53,34.95,6.16
2026-05-03 21:41:06,23.41,87.97,1010.56,18.48,35.07,6.21
2026-05-03 21:51:06,22.72,88.97,1014.2,18.24,35.37,6.19
2026-05-03 22:01:06,22.8,88.7,1013.24,18.02,34.65,6.23
2026-05-03 22:11:06,22.3,89.02,1011.28,17.67,35.07,6.18
2026-05-03 22:21:06,22.33,87.76,1010.3,17.61,35.06,6.2
2026-05-03 22:31:06,21.83,88.94,1013.71,17.39,34.58,6.22
2026-05-03 22:41:06,22.31,88.87,1010.21,17.27,34.63,6.21
2026-05-03 22:51:06,22.01,88.32,1014.1,17.31,35.03,6.19
2026-05-03 23:01:06,22.52,89.5,1011.39,16.91,34.74,6.15
2026-05-03 23:11:06,21.94,89.73,1010.22,16.59,35.72,6.19
2026-05-03 23:21:06,21.34,88.43,1013.33,16.63,35.8,6.22
2026-05-03 23:31:06,22.53,89.94,1012.38,16.55,35.75,6.19
2026-05-03 23:41:06,21.31,89.09,1013.56,16.05,35.12,6.2
2026-05-03 23:51:06,21.09,89.53,1010.13,16.14,39.62,6.2
2026-05-04 00:01:06,21.27,89.31,1013.08,15.79,39.21,6.2
2026-05-04 00:11:06,21.31,88.68,1011.41,15.83,39.64,6.22
2026-05-04 00:21:06,21.78,89.48,1015.29,15.93,41.0,6.18
2026-05-04 00:31:06,21.67,89.43,1012.24,15.64,39.98,6.22
2026-05-04 00:41:06,21.0,89.91,1011.91,15.45,39.82,6.2
2026-05-04 00:51:06,21.0,90.0,1013.74,15.06,39.81,6.23
2026-05-04 01:01:06,21.0,89.78,1012.77,15.01,38.63,6.23
2026-05-04 01:11:06,21.41,90.0,1011.88,15.07,39.32,6.21
2026-05-04 01:21:06,21.0,90.0,1012.96,14.86,40.33,6.17
2026-05-04 01:31:06,21.0,90.0,1011.83,14.82,39.6,6.19
2026-05-04 01:41:06,21.07,90.0,1010.27,14.82,40.35,6.2
2026-05-04 01:51:06,21.14,90.0,1012.9,14.48,39.81,6.21
2026-05-04 02:01:06,21.0,89.81,1013.13,14.53,39.26,6.21
2026-05-04 02:11:06,21.14,90.0,1010.59,14.48,39.99,6.21
2026-05-04 02:21:06,21.0,88.95,1012.34,14.31,38.79,6.23
2026-05-04 02:31:06,21.29,90.0,1011.65,14.18,40.37,6.2
2026-05-04 02:41:06,21.0,89.93,1011.09,14.39,39.96,6.21
2026-05-04 02:51:06,21.03,89.81,1009.15,14.01,40.39,6.2
2026-05-04 03:01:06,21.0,89.28,1010.28,14.02,39.42,6.2
2026-05-04 03:11:06,21.0,90.0,1012.48,13.83,39.37,6.21
2026-05-04 03:21:06,21.01,89.65,1010.23,14.09,40.45,6.16
2026-05-04 03:31:06,21.51,89.92,1012.93,13.61,39.54,6.23
2026-05-04 03:41:06,21.46,90.0,1011.09,14.08,39.82,6.23
2026-05-04 03:51:06,21.2,89.2,1012.7,13.95,39.45,6.21
2026-05-04 04:01:06,21.11,90.0,1013.52,13.95,39.76,6.18
2026-05-04 04:11:06,21.35,89.71,1011.58,14.04,39.34,6.21
2026-05-04 04:21:06,21.88,89.52,1012.16,13.97,39.85,6.2
2026-05-04 04:31:06,21.22,89.56,1011.6,13.97,40.15,6.19
2026-05-04 04:41:06,22.02,88.92,1012.97,14.04,39.72,6.22
2026-05-04 04:51:06,22.23,89.17,1010.67,14.58,39.46,6.21
2026-05-04 05:01:06,21.82,89.02,1012.19,14.07,39.2,6.22
2026-05-04 05:11:06,21.92,89.33,1010.73,13.97,40.8,6.22
2026-05-04 05:21:06,22.17,88.9,1014.06,14.45,40.09,6.18
2026-05-04 05:31:06,22.43,89.38,1011.34,14.33,40.78,6.21
2026-05-04 05:41:06,22.67,88.53,1011.46,14.43,39.71,6.23
2026-05-04 05:51:06,22.77,88.31,1012.12,14.44,39.69,6.19
2026-05-04 06:01:06,22.53,89.44,1009.99,14.59,40.18,6.22
2026-05-04 06:11:06,22.58,87.94,1009.96,14.71,40.36,6.19
2026-05-04 06:21:06,23.17,88.8,1013.96,14.79,39.74,6.22
2026-05-04 06:31:06,23.04,88.42,1014.27,14.91,39.7,6.19
2026-05-04 06:41:06,22.94,87.51,1012.99,14.93,39.85,6.21
2026-05-04 06:51:06,23.46,87.35,1010.49,15.1,39.89,6.21
2026-05-04 07:01:06,23.32,87.09,1009.14,14.55,39.27,6.16
2026-05-04 07:11:06,23.31,87.93,1013.0,15.45,40.0,6.19
2026-05-04 07:21:06,24.49,87.57,1015.76,15.31,39.54,6.22
2026-05-04 07:31:06,24.33,87.17,1012.84,15.48,40.32,6.2
2026-05-04 07:41:06,24.4,87.63,1013.53,15.81,39.69,6.21
2026-05-04 07:51:06,24.77,87.47,1010.5,15.55,39.44,6.23
2026-05-04 08:01:06,24.79,87.33,1011.31,16.18,39.71,6.2
2026-05-04 08:11:06,25.04,86.5,1009.8,16.01,39.57,6.18
2026-05-04 08:21:06,25.04,87.41,1013.57,16.19,40.1,6.19
2026-05-04 08:31:06,24.74,85.98,1010.66,16.53,38.94,6.22
2026-05-04 08:41:06,25.6,86.68,1009.05,16.63,39.88,6.19
2026-05-04 08:51:06,25.22,85.71,1012.59,16.66,40.23,6.21
2026-05-04 09:01:06,25.46,86.25,1011.64,16.67,39.95,6.21
2026-05-04 09:11:06,25.79,85.21,1010.6,17.16,40.23,6.19
2026-05-04 09:21:06,25.84,86.49,1014.56,17.33,40.23,6.2
2026-05-04 09:31:06,25.65,86.64,1011.59,17.77,39.98,6.21
2026-05-04 09:41:06,25.88,86.65,1014.2,17.53,38.81,6.22
2026-05-04 09:51:06,25.71,86.29,1010.12,17.81,40.5,6.19
2026-05-04 10:01:06,26.4,85.83,1011.87,17.99,40.05,6.25
2026-05-04 10:11:06,26.26,84.79,1008.99,18.63,40.01,6.22
2026-05-04 10:21:06,26.67,85.66,1010.68,18.04,39.2,6.22
2026-05-04 10:31:06,26.84,86.52,1010.89,18.36,39.3,6.18
2026-05-04 10:41:06,26.81,85.14,1009.96,18.96,40.31,6.2
2026-05-04 10:51:06,26.8,84.8,1010.49,18.82,39.91,6.19
2026-05-04 11:01:06,26.89,85.19,1009.94,19.3,39.56,6.22
2026-05-04 11:11:06,26.96,84.0,1015.97,19.33,38.29,6.2
2026-05-04 11:21:06,27.29,85.08,1014.47,19.64,39.49,6.2
2026-05-04 11:31:06,26.84,84.88,1010.41,19.56,40.25,6.23
2026-05-04 11:41:06,27.44,84.69,1012.7,19.9,40.11,6.19
2026-05-04 11:51:06,27.64,85.19,1010.17,19.7,39.18,6.2
2026-05-04 12:01:06,27.53,84.09,1012.92,20.32,40.03,6.21
2026-05-04 12:11:06,27.63,85.06,1014.96,19.98,38.97,6.19
2026-05-04 12:21:06,27.85,84.2,1008.7,20.07,38.73,6.22
2026-05-04 12:31:06,27.63,84.8,1013.2,20.22,39.24,6.21
2026-05-04 12:41:06,27.81,84.0,1012.42,20.46,40.54,6.23
2026-05-04 12:51:06,27.81,84.67,1010.86,20.75,40.22,6.2
2026-05-04 13:01:06,27.83,84.0,1012.61,20.91,39.51,6.2
2026-05-04 13:11:06,27.79,84.12,1010.02,21.11,40.46,6.23
2026-05-04 13:21:06,27.64,84.11,1010.58,21.08,40.1,6.21
2026-05-04 13:31:06,27.58,84.54,1010.43,21.42,39.59,6.23
2026-05-04 13:41:06,28.0,84.46,1014.63,21.3,39.63,6.17
2026-05-04 13:51:06,28.0,84.52,1012.95,21.18,38.46,6.22
2026-05-04 14:01:06,27.33,85.06,1011.69,21.19,39.66,6.18
2026-05-04 14:11:06,28.0,84.0,1011.69,21.53,39.47,6.19
2026-05-04 14:21:06,27.76,84.0,1010.88,21.6,39.19,6.21
2026-05-04 14:31:06,28.0,84.0,1009.69,21.59,39.58,6.19
2026-05-04 14:41:06,28.0,84.06,1010.64,22.07,38.84,6.19
2026-05-04 14:51:06,27.93,84.0,1013.86,22.13,40.06,6.23
2026-05-04 15:01:06,27.82,84.38,1011.04,21.63,39.6,6.21
2026-05-04 15:11:06,27.6,84.26,1013.3,21.5,38.9,6.2
2026-05-04 15:21:06,27.53,84.0,1013.0,21.96,39.56,6.19
2026-05-04 15:31:06,27.4,84.0,1013.53,22.17,40.26,6.24
2026-05-04 15:41:06,27.68,84.14,1011.04,21.91,40.2,6.2
2026-05-04 15:51:06,27.64,84.0,1010.9,21.83,39.46,6.2
2026-05-04 16:01:06,27.16,84.0,1016.88,21.93,39.71,6.23
2026-05-04 16:11:06,27.1,84.56,1009.92,21.92,40.05,6.18
2026-05-04 16:21:06,26.79,84.59,1011.33,21.86,39.15,6.2
2026-05-04 16:31:06,27.53,84.58,1011.56,22.23,39.37,6.19
2026-05-04 16:41:06,27.45,84.0,1012.5,22.21,38.89,6.19
2026-05-04 16:51:06,27.0,85.0,1013.68,22.25,39.38,6.2
2026-05-04 17:01:06,27.22,84.1,1012.61,21.71,39.38,6.2
2026-05-04 17:11:06,26.93,85.38,1013.12,21.54,38.7,6.2
2026-05-04 17:21:06,26.36,84.59,1012.97,21.61,40.28,6.21
2026-05-04 17:31:06,26.49,84.52,1012.54,21.57,40.2,6.19
2026-05-04 17:41:06,26.09,84.35,1012.39,21.23,39.25,6.16
2026-05-04 17:51:06,26.06,85.81,1013.66,21.35,40.02,6.2
2026-05-04 18:01:06,26.47,85.64,1012.63,21.51,39.39,6.19
2026-05-04 18:11:06,26.38,85.93,1011.86,21.41,39.46,6.19
2026-05-04 18:21:06,25.67,85.52,1013.81,20.88,38.84,6.18
2026-05-04 18:31:06,25.13,85.37,1011.45,21.25,39.64,6.18
2026-05-04 18:41:06,25.48,85.71,1012.38,20.95,39.68,6.19
2026-05-04 18:51:06,25.35,85.56,1012.57,20.66,40.08,6.2
2026-05-04 19:01:06,25.27,86.42,1017.58,20.63,38.97,6.22
2026-05-04 19:11:06,25.12,85.41,1010.52,20.49,39.46,6.18
2026-05-04 19:21:06,25.44,86.96,1013.27,20.72,38.97,6.23
2026-05-04 19:31:06,24.58,86.54,1012.08,20.13,38.69,6.2
2026-05-04 19:41:06,24.9,87.28,1012.53,20.46,39.68,6.21
2026-05-04 19:51:06,24.51,87.24,1010.36,20.02,39.94,6.17
2026-05-04 20:01:06,24.81,86.88,1011.22,19.87,38.97,6.21
2026-05-04 20:11:06,24.72,87.58,1011.19,19.8,38.35,6.19
2026-05-04 20:21:06,23.9,87.49,1012.94,19.53,39.51,6.19
2026-05-04 20:31:06,23.71,86.98,1010.23,19.22,40.39,6.19
2026-05-04 20:41:06,24.07,87.54,1012.41,19.15,38.8,6.17
2026-05-04 20:51:06,24.18,87.61,1011.23,19.61,39.0,6.18
2026-05-04 21:01:06,23.19,87.69,1013.15,19.17,39.0,6.17
2026-05-04 21:11:06,23.19,87.97,1013.18,19.19,39.65,6.18
2026-05-04 21:21:06,22.41,87.95,1010.66,18.72,38.88,6.2
2026-05-04 21:31:06,23.61,87.63,1013.96,18.32,38.87,6.2
2026-05-04 21:41:06,23.14,89.34,1012.17,18.24,39.95,6.19
2026-05-04 21:51:06,22.44,87.17,1011.55,18.31,40.1,6.21
2026-05-04 22:01:06,22.94,87.8,1013.05,18.04,39.49,6.22
2026-05-04 22:11:06,22.73,88.97,1008.97,17.76,39.09,6.21
2026-05-04 22:21:06,22.39,89.69,1011.79,17.14,39.88,6.17
2026-05-04 22:31:06,22.83,89.0,1013.39,17.67,40.12,6.22
2026-05-04 22:41:06,21.95,89.38,1010.48,17.41,39.45,6.19
2026-05-04 22:51:06,21.98,88.71,1014.37,17.32,39.9,6.23
2026-05-04 23:01:06,21.63,88.58,1012.64,17.17,38.48,6.2
2026-05-04 23:11:06,22.36,88.23,1014.55,17.01,39.37,6.21
2026-05-04 23:21:06,22.15,89.2,1013.65,16.71,39.18,6.17
2026-05-04 23:31:06,22.18,89.62,1013.56,16.22,38.81,6.18
2026-05-04 23:41:06,21.91,89.55,1011.78,16.03,39.26,6.19
2026-05-04 23:51:06,21.53,89.08,1012.93,15.93,38.74,6.22
2026-05-05 00:01:06,21.06,89.28,1012.54,15.98,39.41,6.18
2026-05-05 00:11:06,21.47,88.36,1014.01,15.85,40.2,6.2
2026-05-05 00:21:06,21.23,88.83,1014.26,15.93,39.19,6.22
2026-05-05 00:31:06,21.38,89.02,1011.0,15.71,38.53,6.18
2026-05-05 00:41:06,21.34,89.71,1011.43,15.48,39.15,6.2
2026-05-05 00:51:06,21.42,90.0,1012.85,15.26,39.82,6.18
2026-05-05 01:01:06,21.12,90.0,1009.1,15.31,39.21,6.2
2026-05-05 01:11:06,21.0,90.0,1010.8,15.2,38.98,6.19
2026-05-05 01:21:06,21.89,89.87,1010.47,14.93,38.54,6.19
2026-05-05 01:31:06,21.0,90.0,1012.24,14.97,39.3,6.22
2026-05-05 01:41:06,21.32,90.0,1012.31,14.57,39.92,6.22
2026-05-05 01:51:06,21.08,89.15,1012.42,14.72,39.6,6.2
2026-05-05 02:01:06,21.0,89.43,1014.57,14.2,39.85,6.18
2026-05-05 02:11:06,21.0,89.43,1012.07,14.35,39.9,6.21
2026-05-05 02:21:06,21.03,90.0,1012.63,14.21,39.42,6.19
2026-05-05 02:31:06,21.33,90.0,1012.88,13.99,39.46,6.2
2026-05-05 02:41:06,21.27,89.72,1009.98,14.33,39.4,6.19
2026-05-05 02:51:06,21.0,90.0,1014.68,14.19,38.37,6.19
2026-05-05 03:01:06,21.07,89.81,1013.43,14.63,39.64,6.21
2026-05-05 03:11:06,21.33,89.55,1014.23,13.99,39.44,6.21
2026-05-05 03:21:06,21.03,89.81,1013.17,14.13,39.43,6.21
2026-05-05 03:31:06,21.53,89.96,1012.9,13.98,39.09,6.22
2026-05-05 03:41:06,21.0,89.45,1013.89,14.0,39.04,6.16
2026-05-05 03:51:06,21.38,89.67,1013.36,13.95,38.37,6.17
2026-05-05 04:01:06,21.6,88.94,1013.97,14.02,39.34,6.17
2026-05-05 04:11:06,21.78,89.39,1013.97,14.05,38.87,6.23
2026-05-05 04:21:06,21.39,89.99,1010.48,14.01,39.12,6.17
2026-05-05 04:31:06,21.74,90.0,1012.34,14.06,38.62,6.21
2026-05-05 04:41:06,21.63,89.36,1011.55,14.07,38.91,6.21
2026-05-05 04:51:06,21.41,89.78,1011.45,13.98,38.78,6.17
2026-05-05 05:01:06,22.06,89.21,1010.83,14.12,38.75,6.19
2026-05-05 05:11:06,21.78,89.27,1013.99,14.69,39.15,6.2
2026-05-05 05:21:06,21.86,88.47,1012.22,14.5,39.8,6.22
2026-05-05 05:31:06,22.18,89.48,1013.33,14.43,39.19,6.2
2026-05-05 05:41:06,22.08,89.42,1012.35,14.46,39.71,6.2
2026-05-05 05:51:06,22.4,88.69,1011.11,14.61,40.18,6.22
2026-05-05 06:01:06,22.45,89.21,1012.9,14.39,39.29,6.21
2026-05-05 06:11:06,22.54,87.87,1014.17,14.77,39.28,6.18
2026-05-05 06:21:06,22.56,87.86,1011.5,14.72,39.47,6.21
2026-05-05 06:31:06,23.13,87.78,1011.57,14.95,39.48,6.2
2026-05-05 06:41:06,23.08,87.53,1011.32,14.8,39.23,6.21
2026-05-05 06:51:06,23.23,87.91,1012.81,14.88,38.89,6.24
2026-05-05 07:01:06,23.75,87.05,1009.9,15.42,38.7,6.19
2026-05-05 07:11:06,23.74,87.09,1010.37,15.39,39.09,6.19
2026-05-05 07:21:06,24.01,87.34,1010.77,15.57,39.22,6.23
2026-05-05 07:31:06,24.41,88.29,1012.72,15.56,39.94,6.21
2026-05-05 07:41:06,23.7,86.02,1011.06,15.49,38.41,6.2
2026-05-05 07:51:06,24.49,87.73,1011.58,16.29,39.43,6.21
2026-05-05 08:01:06,24.56,87.71,1011.88,15.7,38.77,6.19
2026-05-05 08:11:06,24.72,86.99,1012.68,16.36,39.44,6.2
2026-05-05 08:21:06,25.02,86.88,1009.92,16.28,38.88,6.21
2026-05-05 08:31:06,24.96,87.06,1011.27,16.66,38.78,6.19
2026-05-05 08:41:06,25.91,86.66,1011.46,16.52,38.88,6.17
2026-05-05 08:51:06,25.39,85.87,1009.78,16.94,38.42,6.2
2026-05-05 09:01:06,26.02,86.21,1011.55,17.01,39.12,6.21
2026-05-05 09:11:06,24.97,86.24,1013.6,16.94,38.82,6.19
2026-05-05 09:21:06,25.62,85.24,1014.39,17.08,39.2,6.21
2026-05-05 09:31:06,25.46,85.38,1013.63,17.24,40.34,6.18
2026-05-05 09:41:06,25.68,85.74,1012.08,17.49,38.37,6.19
2026-05-05 09:51:06,26.34,85.65,1013.5,17.96,38.66,6.21
2026-05-05 10:01:06,25.92,85.76,1012.74,17.92,38.28,6.16
2026-05-05 10:11:06,26.21,86.31,1010.89,18.11,39.54,6.16
2026-05-05 10:21:06,26.75,85.04,1014.45,18.65,38.82,6.19
2026-05-05 10:31:06,26.51,85.43,1010.99,18.69,38.24,6.2
2026-05-05 10:41:06,26.65,84.93,1014.06,18.81,39.17,6.21
2026-05-05 10:51:06,27.16,85.05,1009.42,19.02,39.38,6.22
2026-05-05 11:01:06,26.82,84.47,1012.97,18.98,39.4,6.22
2026-05-05 11:11:06,27.17,84.33,1011.49,19.23,38.85,6.23
2026-05-05 11:21:06,27.73,84.0,1014.85,19.52,38.61,6.21
2026-05-05 11:31:06,27.3,85.14,1012.8,19.55,38.83,6.17
2026-05-05 11:41:06,27.27,84.5,1011.35,19.5,38.41,6.2
2026-05-05 11:51:06,27.71,84.25,1011.34,19.7,39.55,6.2
2026-05-05 12:01:06,27.49,84.06,1011.28,20.13,39.29,6.2
2026-05-05 12:11:06,27.4,85.13,1011.49,20.25,38.88,6.21
2026-05-05 12:21:06,27.82,84.6,1013.17,20.81,39.45,6.16
2026-05-05 12:31:06,27.51,84.28,1011.49,20.62,39.36,6.2
2026-05-05 12:41:06,27.62,84.0,1013.22,20.27,38.38,6.23
2026-05-05 12:51:06,28.0,84.0,1011.8,20.66,38.52,6.19
2026-05-05 13:01:06,27.8,84.0,1013.0,21.02,39.66,6.23
2026-05-05 13:11:06,28.0,84.24,1010.87,20.79,39.48,6.16
2026-05-05 13:21:06,28.0,84.32,1013.47,21.46,38.06,6.18
2026-05-05 13:31:06,27.94,84.64,1011.65,20.81,39.04,6.18
2026-05-05 13:41:06,27.6,84.39,1010.46,21.21,38.47,6.16
2026-05-05 13:51:06,27.99,84.82,1013.35,21.21,39.63,6.2
2026-05-05 14:01:06,28.0,84.88,1011.75,21.86,38.98,6.19
2026-05-05 14:11:06,28.0,84.0,1013.38,21.65,38.65,6.2
2026-05-05 14:21:06,28.0,84.37,1012.43,21.84,39.45,6.2
2026-05-05 14:31:06,28.0,84.0,1012.85,21.86,39.06,6.2
2026-05-05 14:41:06,27.69,84.0,1009.39,22.22,38.72,6.13
2026-05-05 14:51:06,27.64,84.01,1008.6,21.97,38.99,6.21
2026-05-05 15:01:06,27.48,84.62,1012.7,22.37,38.85,6.22
2026-05-05 15:11:06,27.68,84.12,1013.49,21.75,38.84,6.21
2026-05-05 15:21:06,27.85,84.0,1012.25,22.06,38.13,6.22
2026-05-05 15:31:06,27.55,84.94,1011.99,21.94,38.47,6.18
2026-05-05 15:41:06,27.73,84.85,1012.74,21.92,39.29,6.24
2026-05-05 15:51:06,27.65,84.07,1012.95,21.95,39.22,6.2
2026-05-05 16:01:06,27.5,84.54,1011.89,22.27,38.93,6.22
2026-05-05 16:11:06,27.07,85.06,1014.41,21.98,38.45,6.18
2026-05-05 16:21:06,27.37,84.56,1011.27,22.11,39.08,6.18
2026-05-05 16:31:06,27.17,84.59,1012.69,21.75,38.39,6.2
2026-05-05 16:41:06,27.39,85.31,1013.17,22.03,39.4,6.2
2026-05-05 16:51:06,26.64,84.95,1011.51,22.25,38.61,6.21
2026-05-05 17:01:06,27.2,84.81,1013.35,21.9,38.95,6.18
2026-05-05 17:11:06,27.43,84.83,1012.65,21.6,39.94,6.21
2026-05-05 17:21:06,26.54,85.37,1010.56,21.68,38.6,6.18
2026-05-05 17:31:06,26.01,85.46,1014.01,21.5,38.81,6.18
2026-05-05 17:41:06,25.97,84.2,1011.0,21.87,38.92,6.2
2026-05-05 17:51:06,26.06,85.45,1008.24,21.43,38.52,6.2
2026-05-05 18:01:06,26.21,85.45,1013.29,21.73,39.47,6.2
2026-05-05 18:11:06,26.15,85.23,1012.15,21.41,38.37,6.2
2026-05-05 18:21:06,25.9,85.65,1014.81,21.08,38.98,6.2
2026-05-05 18:31:06,26.08,86.5,1012.24,21.38,38.28,6.22
2026-05-05 18:41:06,25.92,85.8,1014.44,20.97,38.58,6.22
2026-05-05 18:51:06,25.55,86.27,1010.88,20.94,38.33,6.24
2026-05-05 19:01:06,25.37,85.64,1011.29,20.79,38.68,6.19
2026-05-05 19:11:06,25.2,86.38,1010.95,20.86,38.99,6.17
2026-05-05 19:21:06,25.36,86.43,1013.06,20.88,38.31,6.17
2026-05-05 19:31:06,25.24,86.53,1010.77,20.26,38.65,6.2
2026-05-05 19:41:06,24.96,86.84,1010.52,20.03,39.3,6.2
2026-05-05 19:51:06,24.25,86.57,1011.54,20.01,38.78,6.16
2026-05-05 20:01:06,24.63,87.33,1011.41,20.18,37.93,6.19
2026-05-05 20:11:06,24.24,86.92,1014.03,19.83,38.83,6.21
2026-05-05 20:21:06,24.79,87.45,1012.12,19.86,39.15,6.24
2026-05-05 20:31:06,24.27,87.9,1011.24,19.64,39.46,6.25
2026-05-05 20:41:06,23.8,87.96,1009.83,19.49,38.47,6.21
2026-05-05 20:51:06,23.66,88.39,1009.86,19.09,38.17,6.21
2026-05-05 21:01:06,23.26,87.39,1012.72,18.95,38.34,6.21
2026-05-05 21:11:06,23.43,87.57,1011.3,18.56,38.96,6.2
2026-05-05 21:21:06,23.62,87.66,1013.76,18.57,38.36,6.21
2026-05-05 21:31:06,22.97,87.69,1010.67,18.8,39.27,6.21
2026-05-05 21:41:06,22.61,88.57,1013.66,18.1,38.58,6.18
2026-05-05 21:51:06,23.13,88.8,1012.45,17.96,37.94,6.2
2026-05-05 22:01:06,22.65,89.14,1016.2,18.02,39.49,6.19
2026-05-05 22:11:06,22.15,89.54,1010.93,17.96,38.37,6.22
2026-05-05 22:21:06,22.88,88.91,1011.79,17.64,37.73,6.19
2026-05-05 22:31:06,22.43,88.85,1012.97,17.4,38.98,6.2
2026-05-05 22:41:06,21.99,88.58,1012.68,17.46,38.5,6.2
2026-05-05 22:51:06,22.05,89.01,1010.55,17.37,38.49,6.19
2026-05-05 23:01:06,21.9,89.37,1012.77,16.83,38.0,6.2
2026-05-05 23:11:06,22.22,88.46,1011.99,16.76,38.79,6.18
2026-05-05 23:21:06,21.73,90.0,1012.39,16.54,38.56,6.21
2026-05-05 23:31:06,21.79,89.22,1013.07,16.61,37.88,6.19
2026-05-05 23:41:06,21.71,90.0,1012.17,16.62,38.98,6.19
2026-05-05 23:51:06,21.8,89.98,1010.51,16.32,39.08,6.19
2026-05-06 00:01:06,21.28,89.18,1011.18,15.83,38.34,6.19
2026-05-06 00:11:06,21.63,90.0,1012.51,15.64,38.76,6.21
2026-05-06 00:21:06,21.46,89.47,1010.03,15.25,38.29,6.2
2026-05-06 00:31:06,21.79,89.49,1010.08,15.16,38.07,6.2
2026-05-06 00:41:06,21.34,89.87,1013.09,15.13,38.76,6.22
2026-05-06 00:51:06,21.49,89.81,1016.15,15.46,37.99,6.21
2026-05-06 01:01:06,21.0,89.2,1009.42,15.27,37.38,6.2
2026-05-06 01:11:06,21.22,90.0,1010.9,14.75,37.82,6.19
2026-05-06 01:21:06,21.32,89.72,1013.49,14.91,38.0,6.2
2026-05-06 01:31:06,21.0,89.91,1014.0,14.57,38.5,6.19
2026-05-06 01:41:06,21.0,90.0,1012.88,14.82,37.8,6.21
2026-05-06 01:51:06,21.0,90.0,1012.6,14.34,37.65,6.17
2026-05-06 02:01:06,21.0,89.98,1012.12,14.63,38.2,6.2
2026-05-06 02:11:06,21.04,90.0,1010.02,14.35,38.13,6.19
2026-05-06 02:21:06,21.08,90.0,1013.46,14.17,37.83,6.2
2026-05-06 02:31:06,21.46,89.64,1013.89,14.23,38.7,6.15
2026-05-06 02:41:06,21.44,87.93,1011.69,14.39,38.47,6.18
2026-05-06 02:51:06,21.44,89.92,1011.64,14.31,39.02,6.17
2026-05-06 03:01:06,21.27,90.0,1011.78,14.22,39.6,6.17
2026-05-06 03:11:06,21.26,89.27,1009.59,14.1,38.36,6.2
2026-05-06 03:21:06,21.29,89.61,1013.93,14.24,38.69,6.18
2026-05-06 03:31:06,21.2,90.0,1013.47,14.15,38.71,6.18
2026-05-06 03:41:06,21.09,89.98,1012.14,13.93,37.99,6.19
2026-05-06 03:51:06,21.35,89.29,1012.9,13.95,38.61,6.16
2026-05-06 04:01:06,21.44,89.78,1012.04,13.91,37.79,6.19
2026-05-06 04:11:06,21.5,90.0,1010.92,14.12,37.92,6.2
2026-05-06 04:21:06,21.9,90.0,1012.95,14.08,38.32,6.23
2026-05-06 04:31:06,21.61,89.55,1014.72,14.25,38.16,6.21
2026-05-06 04:41:06,21.73,89.14,1012.8,14.26,38.72,6.23
2026-05-06 04:51:06,21.83,89.29,1012.36,14.08,38.54,6.2
2026-05-06 05:01:06,22.34,88.69,1011.93,13.64,38.98,6.21
2026-05-06 05:11:06,21.73,89.43,1011.82,14.22,39.01,6.21
2026-05-06 05:21:06,22.25,89.4,1011.58,14.11,36.99,6.23
2026-05-06 05:31:06,22.09,88.08,1010.23,14.37,38.25,6.19
2026-05-06 05:41:06,22.03,88.79,1009.8,14.07,39.01,6.22
2026-05-06 05:51:06,22.7,89.03,1010.14,14.44,37.96,6.22
2026-05-06 06:01:06,22.79,89.16,1014.16,14.75,38.75,6.19
2026-05-06 06:11:06,22.88,88.6,1013.18,14.76,38.6,6.23
2026-05-06 06:21:06,23.48,88.28,1011.35,14.7,38.73,6.21
2026-05-06 06:31:06,23.44,86.89,1009.66,14.49,38.91,6.24
2026-05-06 06:41:06,23.16,87.74,1012.26,15.01,38.78,6.21
2026-05-06 06:51:06,24.06,87.76,1008.85,15.53,39.54,6.19
2026-05-06 07:01:06,23.78,87.15,1011.86,15.06,38.36,6.22
2026-05-06 07:11:06,23.88,87.48,1013.35,15.47,38.18,6.25
2026-05-06 07:21:06,24.65,87.71,1011.64,15.35,38.93,6.2
2026-05-06 07:31:06,23.58,86.98,1013.18,15.68,37.93,6.15
2026-05-06 07:41:06,23.98,87.35,1012.99,15.22,37.98,6.2
2026-05-06 07:51:06,24.31,88.11,1015.3,15.5,37.79,6.22
2026-05-06 08:01:06,24.42,87.1,1009.42,15.92,38.98,6.21
2026-05-06 08:11:06,24.45,86.7,1015.95,16.03,37.5,6.18
2026-05-06 08:21:06,25.2,86.04,1014.23,16.41,37.6,6.2
2026-05-06 08:31:06,25.1,87.14,1012.82,16.29,38.64,6.19
2026-05-06 08:41:06,25.02,86.3,1012.6,16.98,38.57,6.24
2026-05-06 08:51:06,25.14,86.42,1011.52,16.73,37.78,6.19
2026-05-06 09:01:06,25.4,86.58,1009.83,16.63,38.93,6.23
2026-05-06 09:11:06,24.89,86.15,1011.44,16.95,37.72,6.2
2026-05-06 09:21:06,26.15,86.67,1010.66,16.96,37.67,6.19
2026-05-06 09:31:06,25.38,85.49,1010.84,17.55,38.35,6.19
2026-05-06 09:41:06,25.66,85.03,1012.46,17.31,38.11,6.18
2026-05-06 09:51:06,26.59,85.91,1013.36,17.72,38.09,6.22
2026-05-06 10:01:06,26.02,85.3,1010.4,18.07,38.92,6.22
2026-05-06 10:11:06,26.54,85.89,1011.27,17.92,38.68,6.21
2026-05-06 10:21:06,25.99,85.4,1011.67,18.37,38.29,6.2
2026-05-06 10:31:06,26.69,84.69,1012.96,18.24,38.22,6.21
2026-05-06 10:41:06,26.91,84.4,1011.36,18.31,38.57,6.2
2026-05-06 10:51:06,27.11,85.06,1012.4,18.95,37.64,6.24
2026-05-06 11:01:06,26.79,84.69,1011.83,18.96,38.25,6.2
2026-05-06 11:11:06,26.97,84.96,1012.57,19.24,38.05,6.21
2026-05-06 11:21:06,27.36,84.83,1015.3,19.36,37.48,6.17
2026-05-06 11:31:06,27.28,84.25,1014.31,19.47,38.28,6.16
2026-05-06 11:41:06,26.97,84.35,1011.36,19.82,38.55,6.2
2026-05-06 11:51:06,27.62,84.41,1012.62,19.78,38.44,6.19
2026-05-06 12:01:06,27.8,85.1,1010.73,20.42,38.96,6.18
2026-05-06 12:11:06,27.38,84.18,1011.8,20.57,38.29,6.19
2026-05-06 12:21:06,27.73,84.94,1009.52,20.33,37.28,6.21
2026-05-06 12:31:06,27.53,84.39,1011.45,20.47,37.48,6.18
2026-05-06 12:41:06,27.35,84.69,1011.78,20.75,38.38,6.19
2026-05-06 12:51:06,27.12,84.39,1011.36,20.8,38.56,6.24
2026-05-06 13:01:06,27.99,84.0,1010.9,20.62,37.17,6.2
2026-05-06 13:11:06,28.0,84.65,1011.68,20.72,38.81,6.21
2026-05-06 13:21:06,28.0,84.6,1010.28,20.89,37.72,6.19
2026-05-06 13:31:06,27.97,84.04,1015.55,20.87,38.88,6.2
2026-05-06 13:41:06,28.0,84.91,1013.19,21.51,37.44,6.21
2026-05-06 13:51:06,27.96,84.36,1011.94,21.41,38.24,6.22
2026-05-06 14:01:06,28.0,84.0,1012.41,21.62,38.19,6.24
2026-05-06 14:11:06,28.0,84.19,1010.35,21.27,38.21,6.2
2026-05-06 14:21:06,28.0,84.24,1012.91,21.83,37.87,6.21
2026-05-06 14:31:06,28.0,85.01,1011.38,21.49,37.91,6.22
2026-05-06 14:41:06,28.0,84.0,1010.64,21.79,37.7,6.16
2026-05-06 14:51:06,28.0,84.05,1011.19,21.66,37.67,6.21
2026-05-06 15:01:06,28.0,84.35,1014.98,21.83,38.21,6.17
2026-05-06 15:11:06,28.0,84.73,1010.68,21.9,37.65,6.19
2026-05-06 15:21:06,27.5,84.0,1012.41,22.1,38.71,6.21
2026-05-06 15:31:06,27.93,84.04,1011.61,22.17,37.77,6.2
2026-05-06 15:41:06,27.85,84.04,1011.96,22.21,37.99,6.21
2026-05-06 15:51:06,27.61,84.0,1011.06,22.14,37.58,6.17
2026-05-06 16:01:06,26.98,84.79,1010.56,22.08,38.92,6.24
2026-05-06 16:11:06,27.73,84.08,1012.58,21.45,37.48,6.24
2026-05-06 16:21:06,27.31,84.58,1011.04,21.9,37.88,6.19
2026-05-06 16:31:06,27.26,84.44,1010.97,22.03,38.58,6.22
2026-05-06 16:41:06,27.44,84.55,1012.47,22.28,38.46,6.2
2026-05-06 16:51:06,27.3,84.36,1011.93,21.8,37.9,6.21
2026-05-06 17:01:06,26.67,85.2,1011.76,21.92,38.43,6.19
2026-05-06 17:11:06,26.75,85.12,1010.76,21.5,37.88,6.18
2026-05-06 17:21:06,26.62,85.3,1011.48,21.96,38.5,6.21
2026-05-06 17:31:06,26.62,85.33,1012.35,22.11,38.1,6.23
2026-05-06 17:41:06,26.62,84.56,1010.69,21.91,38.11,6.17
2026-05-06 17:51:06,26.47,85.35,1011.43,22.0,38.44,6.19
2026-05-06 18:01:06,26.36,85.3,1012.77,21.37,37.01,6.23
2026-05-06 18:11:06,26.31,85.69,1011.96,21.61,38.14,6.18
2026-05-06 18:21:06,26.22,86.16,1013.08,21.47,37.75,6.22
2026-05-06 18:31:06,25.6,86.28,1012.35,21.36,38.35,6.19
2026-05-06 18:41:06,25.19,86.45,1012.55,20.68,37.85,6.18
2026-05-06 18:51:06,25.35,85.72,1011.74,20.63,37.79,6.23
2026-05-06 19:01:06,25.26,85.09,1011.52,20.84,38.71,6.2
2026-05-06 19:11:06,25.17,86.25,1012.21,21.04,37.6,6.21
2026-05-06 19:21:06,24.81,86.35,1010.67,20.66,38.28,6.25
2026-05-06 19:31:06,25.2,87.68,1011.15,20.33,38.93,6.2
2026-05-06 19:41:06,24.95,86.87,1012.56,20.51,37.88,6.22
2026-05-06 19:51:06,24.29,86.73,1012.55,20.16,38.47,6.2
2026-05-06 20:01:06,24.13,87.11,1010.51,20.14,37.76,6.25
2026-05-06 20:11:06,24.73,86.73,1011.1,19.84,37.14,6.22
2026-05-06 20:21:06,23.84,87.36,1014.4,19.66,38.22,6.21
2026-05-06 20:31:06,24.14,87.22,1011.35,19.62,37.5,6.2
2026-05-06 20:41:06,23.83,87.57,1014.25,19.21,37.09,6.22
2026-05-06 20:51:06,23.57,87.46,1011.3,19.0,37.77,6.2
2026-05-06 21:01:06,23.25,87.69,1013.22,19.06,38.3,6.15
2026-05-06 21:11:06,23.29,87.84,1014.79,19.29,37.12,6.19
2026-05-06 21:21:06,23.35,88.16,1010.94,18.72,37.62,6.23
2026-05-06 21:31:06,23.37,87.95,1013.22,18.3,37.4,6.22
2026-05-06 21:41:06,22.87,88.23,1012.1,18.64,37.98,6.2
2026-05-06 21:51:06,23.14,87.9,1009.7,18.17,38.12,6.17
2026-05-06 22:01:06,22.31,88.2,1010.28,17.89,38.27,6.19
2026-05-06 22:11:06,22.36,88.92,1014.29,18.0,37.66,6.19
2026-05-06 22:21:06,22.58,88.29,1013.54,17.4,37.45,6.21
2026-05-06 22:31:06,21.93,89.3,1013.14,17.67,38.05,6.21
2026-05-06 22:41:06,21.89,89.02,1013.08,17.04,37.45,6.2
2026-05-06 22:51:06,21.97,89.13,1016.95,17.33,38.32,6.2
2026-05-06 23:01:06,22.23,89.22,1013.57,17.11,38.45,6.18
2026-05-06 23:11:06,22.15,89.96,1012.41,16.55,38.37,6.22
2026-05-06 23:21:06,22.03,89.77,1011.95,16.51,38.36,6.2
2026-05-06 23:31:06,21.49,89.79,1013.08,16.58,37.41,6.21
2026-05-06 23:41:06,21.53,89.1,1011.67,16.26,37.65,6.21
2026-05-06 23:51:06,21.59,90.0,1012.95,16.03,37.71,6.18
2026-05-07 00:01:06,21.69,89.97,1010.16,16.24,38.48,6.23
2026-05-07 00:11:06,21.04,89.7,1013.82,15.6,37.76,6.19
2026-05-07 00:21:06,21.51,89.78,1010.5,15.5,37.77,6.2
2026-05-07 00:31:06,21.25,89.82,1009.96,15.56,36.82,6.19
2026-05-07 00:41:06,21.0,89.76,1011.63,15.37,37.28,6.15
2026-05-07 00:51:06,21.18,90.0,1014.51,15.26,37.68,6.23
2026-05-07 01:01:06,21.75,90.0,1012.85,15.16,37.18,6.2
2026-05-07 01:11:06,21.35,89.64,1011.96,15.17,38.4,6.21
2026-05-07 01:21:06,21.0,90.0,1013.55,14.66,38.13,6.21
2026-05-07 01:31:06,21.0,90.0,1015.81,15.07,37.53,6.22
2026-05-07 01:41:06,21.0,89.7,1013.31,14.64,38.25,6.2
2026-05-07 01:51:06,21.0,89.78,1012.91,14.68,37.49,6.17
2026-05-07 02:01:06,21.03,90.0,1009.79,14.41,36.86,6.2
2026-05-07 02:11:06,21.0,89.13,1013.58,14.26,38.05,6.18
2026-05-07 02:21:06,21.22,90.0,1015.02,14.34,37.32,6.22
2026-05-07 02:31:06,21.0,89.94,1010.84,13.96,37.3,6.24
2026-05-07 02:41:06,21.18,90.0,1011.09,14.37,37.43,6.17
2026-05-07 02:51:06,21.59,90.0,1010.73,13.82,37.94,6.18
2026-05-07 03:01:06,21.06,89.45,1012.85,14.24,37.94,6.18
2026-05-07 03:11:06,21.54,90.0,1010.67,14.25,37.67,6.2
2026-05-07 03:21:06,21.18,90.0,1012.05,14.27,37.78,6.21
2026-05-07 03:31:06,21.43,89.54,1010.02,14.29,37.49,6.19
2026-05-07 03:41:06,21.51,90.0,1010.04,14.01,38.28,6.21
2026-05-07 03:51:06,21.19,89.24,1010.64,13.71,36.86,6.22
2026-05-07 04:01:06,21.35,89.71,1012.63,13.9,38.12,6.19
2026-05-07 04:11:06,21.41,89.95,1010.29,13.96,38.87,6.18
2026-05-07 04:21:06,21.2,89.24,1013.71,13.56,37.6,6.2
2026-05-07 04:31:06,21.9,90.0,1015.65,13.78,37.17,6.21
2026-05-07 04:41:06,22.07,89.25,1012.41,14.08,37.39,6.2
2026-05-07 04:51:06,21.74,89.6,1011.49,13.88,38.73,6.19
2026-05-07 05:01:06,21.67,88.29,1012.78,13.73,38.31,6.2
2026-05-07 05:11:06,21.88,89.98,1012.09,14.37,37.58,6.2
2026-05-07 05:21:06,22.49,88.55,1012.69,13.91,37.74,6.19
2026-05-07 05:31:06,22.02,88.86,1012.8,14.34,37.72,6.19
2026-05-07 05:41:06,22.09,88.55,1013.86,14.28,37.81,6.18
2026-05-07 05:51:06,22.87,87.17,1012.14,14.4,37.29,6.21
2026-05-07 06:01:06,22.97,88.12,1010.83,14.47,38.15,6.19
2026-05-07 06:11:06,23.03,87.9,1010.36,14.26,37.92,6.2
2026-05-07 06:21:06,23.53,88.39,1013.6,15.2,37.34,6.16
2026-05-07 06:31:06,22.47,87.58,1010.45,15.05,38.09,6.17
2026-05-07 06:41:06,23.87,87.14,1011.24,15.04,37.27,6.17
2026-05-07 06:51:06,23.21,88.24,1014.66,14.78,37.07,6.2
2026-05-07 07:01:06,23.63,87.33,1012.22,15.23,37.41,6.17
2026-05-07 07:11:06,23.24,87.1,1011.2,15.56,37.13,6.19
2026-05-07 07:21:06,24.29,87.12,1012.16,15.39,36.99,6.19
2026-05-07 07:31:06,23.98,87.97,1010.52,15.51,37.82,6.16
2026-05-07 07:41:06,24.2,87.0,1012.9,15.58,37.02,6.21
2026-05-07 07:51:06,24.3,87.32,1013.69,15.69,37.57,6.25
2026-05-07 08:01:06,24.31,87.8,1010.64,16.24,37.72,6.22
2026-05-07 08:11:06,25.08,87.69,1011.87,16.19,37.44,6.19
2026-05-07 08:21:06,23.91,86.51,1012.57,16.34,37.17,6.21
2026-05-07 08:31:06,24.99,86.97,1012.84,16.39,37.62,6.23
2026-05-07 08:41:06,25.88,86.51,1011.49,16.9,37.83,6.2
2026-05-07 08:51:06,25.06,86.87,1011.59,17.24,37.69,6.2
2026-05-07 09:01:06,25.73,86.53,1010.03,17.2,37.88,6.18
2026-05-07 09:11:06,25.52,85.92,1011.5,16.97,37.16,6.23
2026-05-07 09:21:06,25.86,85.64,1010.27,17.61,37.41,6.2
2026-05-07 09:31:06,26.11,85.72,1010.71,17.95,37.74,6.19
2026-05-07 09:41:06,26.49,84.98,1011.44,17.79,38.55,6.18
2026-05-07 09:51:06,25.83,85.14,1010.24,17.92,37.56,6.21
2026-05-07 10:01:06,26.45,84.84,1013.11,18.03,37.66,6.18
2026-05-07 10:11:06,26.16,85.7,1012.27,18.25,37.69,6.25
2026-05-07 10:21:06,26.57,85.15,1012.46,18.46,37.66,6.19
2026-05-07 10:31:06,26.29,84.86,1011.45,18.43,37.84,6.2
2026-05-07 10:41:06,27.04,84.81,1011.19,18.47,37.73,6.2
2026-05-07 10:51:06,26.73,85.62,1012.37,18.88,37.38,6.19
2026-05-07 11:01:06,27.06,85.19,1012.31,19.21,37.33,6.22
2026-05-07 11:11:06,27.15,84.0,1012.8,19.25,36.93,6.18
2026-05-07 11:21:06,27.33,84.94,1011.75,19.53,36.99,6.2
2026-05-07 11:31:06,27.4,84.29,1009.65,19.38,37.01,6.2
2026-05-07 11:41:06,27.43,84.0,1010.83,19.7,36.88,6.19
2026-05-07 11:51:06,27.47,84.85,1013.71,19.85,37.12,6.19
2026-05-07 12:01:06,27.36,84.28,1011.3,20.47,36.76,6.2
2026-05-07 12:11:06,27.59,84.49,1012.43,20.43,37.54,6.18
2026-05-07 12:21:06,27.54,85.16,1011.04,20.1,37.67,6.23
2026-05-07 12:31:06,28.0,85.49,1009.64,20.42,37.58,6.19
2026-05-07 12:41:06,27.73,84.0,1011.56,20.33,37.47,6.23
2026-05-07 12:51:06,27.66,84.0,1013.38,20.52,37.0,6.21
2026-05-07 13:01:06,28.0,84.11,1014.77,21.01,37.05,6.22
2026-05-07 13:11:06,27.34,84.28,1008.86,21.19,37.66,6.19
2026-05-07 13:21:06,28.0,84.0,1011.53,21.03,37.38,6.2
2026-05-07 13:31:06,27.81,84.28,1012.07,21.26,37.78,6.17
2026-05-07 13:41:06,27.68,84.0,1014.09,21.12,37.63,6.2
2026-05-07 13:51:06,28.0,84.0,1012.45,21.2,37.57,6.22
2026-05-07 14:01:06,28.0,84.0,1013.51,21.54,37.81,6.2
2026-05-07 14:11:06,27.92,84.84,1012.18,21.57,36.77,6.21
2026-05-07 14:21:06,28.0,84.7,1012.2,21.68,37.03,6.2
2026-05-07 14:31:06,28.0,84.0,1015.61,21.42,37.85,6.25
2026-05-07 14:41:06,27.89,84.0,1008.89,21.56,36.85,6.2
2026-05-07 14:51:06,27.81,84.0,1010.96,21.74,38.16,6.19
2026-05-07 15:01:06,27.47,84.62,1012.41,21.83,38.09,6.2
2026-05-07 15:11:06,28.0,84.0,1012.05,22.06,37.89,6.19
2026-05-07 15:21:06,27.16,84.19,1010.1,22.04,37.37,6.21
2026-05-07 15:31:06,27.75,84.0,1013.44,22.14,37.65,6.19
2026-05-07 15:41:06,27.36,84.1,1011.65,21.86,38.36,6.16
2026-05-07 15:51:06,27.56,84.42,1010.45,21.99,37.63,6.17
2026-05-07 16:01:06,27.81,84.07,1011.99,22.03,36.75,6.15
2026-05-07 16:11:06,27.45,84.0,1011.29,22.3,37.36,6.21
2026-05-07 16:21:06,26.92,84.49,1011.53,22.19,37.32,6.19
2026-05-07 16:31:06,27.02,84.56,1011.8,22.39,37.91,6.24
2026-05-07 16:41:06,27.65,85.36,1011.06,21.68,36.31,6.18
2026-05-07 16:51:06,26.97,85.31,1013.09,21.69,36.9,6.17
2026-05-07 17:01:06,26.74,85.22,1013.51,21.96,37.48,6.19
2026-05-07 17:11:06,26.53,84.19,1012.78,21.96,36.43,6.21
2026-05-07 17:21:06,27.0,85.54,1013.52,22.01,38.14,6.21
2026-05-07 17:31:06,26.79,85.35,1010.61,21.66,36.67,6.16
2026-05-07 17:41:06,26.6,85.33,1012.59,21.61,37.19,6.2
2026-05-07 17:51:06,26.16,85.06,1011.46,21.92,37.42,6.23
2026-05-07 18:01:06,26.59,86.03,1012.56,21.2,37.73,6.22
2026-05-07 18:11:06,26.11,85.66,1014.08,21.45,36.02,6.19
2026-05-07 18:21:06,25.83,86.17,1014.06,21.44,37.77,6.2
2026-05-07 18:31:06,25.77,85.41,1010.39,21.51,37.15,6.22
2026-05-07 18:41:06,25.69,86.33,1013.0,21.17,37.27,6.21
2026-05-07 18:51:06,25.41,86.52,1011.12,21.28,37.75,6.2
2026-05-07 19:01:06,25.33,87.1,1012.3,21.09,37.41,6.19
2026-05-07 19:11:06,25.2,86.35,1010.89,20.63,37.25,6.2
2026-05-07 19:21:06,24.79,86.69,1011.87,20.71,36.97,6.19
2026-05-07 19:31:06,24.71,86.74,1013.02,20.46,37.59,6.16
2026-05-07 19:41:06,24.13,87.28,1012.55,20.17,37.07,6.2
2026-05-07 19:51:06,24.96,87.23,1013.72,20.33,38.73,6.21
2026-05-07 20:01:06,23.69,86.49,1009.91,19.79,37.23,6.22
2026-05-07 20:11:06,24.07,86.72,1014.98,19.52,37.19,6.19
2026-05-07 20:21:06,24.19,86.66,1012.65,19.72,38.33,6.17
2026-05-07 20:31:06,23.49,88.04,1011.43,19.46,37.17,6.19
2026-05-07 20:41:06,23.69,87.76,1014.36,19.53,37.58,6.21
2026-05-07 20:51:06,23.96,87.62,1012.32,19.59,37.22,6.21
2026-05-07 21:01:06,23.76,88.38,1013.81,18.94,36.6,6.2
2026-05-07 21:11:06,23.64,87.89,1010.2,19.23,37.14,6.18
2026-05-07 21:21:06,23.46,88.42,1015.12,18.69,37.16,6.17
2026-05-07 21:31:06,22.84,87.46,1011.27,18.37,36.91,6.19
2026-05-07 21:41:06,23.24,88.15,1010.45,18.23,36.76,6.22
2026-05-07 21:51:06,22.89,88.08,1010.14,18.34,36.84,6.18
2026-05-07 22:01:06,23.51,89.11,1012.56,18.28,37.32,6.21
2026-05-07 22:11:06,22.45,88.77,1012.75,17.5,35.78,6.2
2026-05-07 22:21:06,22.73,89.03,1012.72,17.85,37.07,6.2
2026-05-07 22:31:06,22.47,88.91,1012.19,17.62,36.09,6.2
2026-05-07 22:41:06,21.91,88.53,1010.49,17.12,37.47,6.19
2026-05-07 22:51:06,22.15,89.4,1012.1,17.31,36.85,6.18
2026-05-07 23:01:06,21.82,88.99,1014.0,16.56,37.3,6.23
2026-05-07 23:11:06,21.61,89.36,1011.85,17.13,36.97,6.25
2026-05-07 23:21:06,21.84,89.56,1014.36,16.72,36.85,6.23
2026-05-07 23:31:06,21.75,88.55,1013.61,16.21,36.72,6.22
2026-05-07 23:41:06,21.73,89.22,1012.26,16.06,36.99,6.23
2026-05-07 23:51:06,21.53,89.89,1010.33,16.17,37.12,6.2
2026-05-08 00:01:06,21.0,89.19,1011.32,15.92,37.21,6.19
2026-05-08 00:11:06,21.28,89.73,1011.31,16.05,36.77,6.2
2026-05-08 00:21:06,21.35,89.2,1013.84,15.65,37.63,6.21
2026-05-08 00:31:06,21.01,89.76,1012.96,15.37,36.9,6.22
2026-05-08 00:41:06,21.0,89.69,1011.23,15.29,37.52,6.18
2026-05-08 00:51:06,21.41,90.0,1008.62,15.17,37.24,6.2
2026-05-08 01:01:06,21.0,90.0,1013.41,14.93,36.65,6.2
2026-05-08 01:11:06,21.17,90.0,1013.84,14.82,36.54,6.22
2026-05-08 01:21:06,21.37,90.0,1013.33,15.0,37.28,6.16
2026-05-08 01:31:06,21.13,89.55,1014.24,14.92,37.82,6.23
2026-05-08 01:41:06,21.21,90.0,1008.97,14.8,36.93,6.23
2026-05-08 01:51:06,21.07,90.0,1012.58,14.86,37.17,6.22
2026-05-08 02:01:06,21.55,90.0,1013.74,14.48,37.11,6.22
2026-05-08 02:11:06,21.0,90.0,1011.3,14.21,36.84,6.21
2026-05-08 02:21:06,21.49,89.86,1014.13,14.13,36.89,6.17
2026-05-08 02:31:06,21.07,90.0,1011.97,14.46,36.4,6.2
2026-05-08 02:41:06,21.49,90.0,1010.51,14.24,36.39,6.2
2026-05-08 02:51:06,21.33,89.92,1011.76,14.09,36.72,6.19
2026-05-08 03:01:06,21.19,90.0,1010.06,13.99,36.67,6.2
2026-05-08 03:11:06,21.28,90.0,1009.7,14.22,37.29,6.19
2026-05-08 03:21:06,21.26,89.77,1014.03,13.98,36.8,6.2
2026-05-08 03:31:06,21.69,89.99,1012.43,14.01,36.54,6.19
2026-05-08 03:41:06,21.55,89.38,1012.08,13.83,36.77,6.22
2026-05-08 03:51:06,21.49,89.39,1011.94,14.13,37.65,6.2
2026-05-08 04:01:06,21.27,89.22,1010.09,14.12,36.92,6.2
2026-05-08 04:11:06,21.36,90.0,1011.75,13.75,35.94,6.19
2026-05-08 04:21:06,21.24,88.83,1011.62,13.84,36.69,6.17
2026-05-08 04:31:06,21.34,90.0,1011.93,14.06,37.22,6.17
2026-05-08 04:41:06,22.2,87.89,1010.8,13.74,36.56,6.21
2026-05-08 04:51:06,21.35,89.11,1012.54,14.18,36.27,6.16
2026-05-08 05:01:06,21.67,89.01,1011.96,14.24,36.79,6.23
2026-05-08 05:11:06,22.14,89.7,1012.05,14.22,36.62,6.21
2026-05-08 05:21:06,22.48,88.74,1011.96,14.14,36.77,6.21
2026-05-08 05:31:06,22.56,89.36,1011.15,14.18,37.42,6.2
2026-05-08 05:41:06,22.6,88.48,1013.0,14.44,36.28,6.22
2026-05-08 05:51:06,22.49,89.11,1011.94,14.47,37.64,6.21
2026-05-08 06:01:06,22.23,87.86,1013.48,14.52,36.67,6.18
2026-05-08 06:11:06,23.15,87.82,1012.06,14.77,36.03,6.2
2026-05-08 06:21:06,22.68,88.05,1012.55,14.89,37.23,6.18
2026-05-08 06:31:06,23.55,87.99,1012.62,14.62,37.26,6.2
2026-05-08 06:41:06,24.06,87.63,1012.49,15.25,36.54,6.18
2026-05-08 06:51:06,23.59,88.57,1011.89,14.83,37.12,6.2
2026-05-08 07:01:06,23.62,87.65,1012.58,15.25,37.58,6.17
2026-05-08 07:11:06,24.04,87.16,1013.82,15.21,36.72,6.18
2026-05-08 07:21:06,24.32,86.89,1012.34,15.68,37.02,6.21
2026-05-08 07:31:06,23.94,87.69,1011.35,15.6,37.27,6.21
2026-05-08 07:41:06,24.45,88.21,1011.48,15.33,37.46,6.2
2026-05-08 07:51:06,24.0,85.99,1010.6,16.02,37.27,6.21
2026-05-08 08:01:06,24.77,86.57,1010.6,15.94,37.55,6.15
2026-05-08 08:11:06,24.67,87.16,1012.1,15.97,37.39,6.17
2026-05-08 08:21:06,24.71,86.14,1012.53,16.05,36.19,6.19
2026-05-08 08:31:06,24.74,86.84,1010.62,16.73,36.25,6.21
2026-05-08 08:41:06,24.93,86.77,1014.34,16.56,36.56,6.22
2026-05-08 08:51:06,25.27,86.75,1011.02,16.63,35.88,6.2
2026-05-08 09:01:06,26.01,86.23,1011.51,16.97,36.03,6.22
2026-05-08 09:11:06,25.19,87.14,1010.28,16.97,37.03,6.21
2026-05-08 09:21:06,25.9,86.41,1009.22,17.51,36.45,6.19
2026-05-08 09:31:06,25.71,86.01,1012.3,17.85,36.54,6.19
2026-05-08 09:41:06,26.35,85.87,1007.69,17.57,36.77,6.21
2026-05-08 09:51:06,25.94,85.77,1012.93,17.97,37.14,6.19
2026-05-08 10:01:06,26.42,85.08,1011.42,18.0,36.47,6.21
2026-05-08 10:11:06,26.48,84.82,1011.66,18.16,36.6,6.2
2026-05-08 10:21:06,26.36,84.75,1014.26,18.52,37.68,6.19
2026-05-08 10:31:06,26.27,85.54,1012.94,18.91,35.85,6.2
2026-05-08 10:41:06,27.05,85.18,1013.16,18.4,37.18,6.19
2026-05-08 10:51:06,26.71,84.65,1011.54,18.99,36.41,6.22
2026-05-08 11:01:06,27.25,84.37,1013.18,19.25,37.93,6.2
2026-05-08 11:11:06,27.24,85.41,1012.98,19.04,37.28,6.21
2026-05-08 11:21:06,27.01,84.58,1012.8,19.73,36.72,6.21
2026-05-08 11:31:06,27.78,85.04,1014.2,19.31,36.7,6.21
2026-05-08 11:41:06,27.47,84.0,1011.14,19.73,36.4,6.22
2026-05-08 11:51:06,27.04,84.65,1012.23,19.79,37.61,6.23
2026-05-08 12:01:06,27.57,84.72,1013.08,20.02,36.65,6.22
2026-05-08 12:11:06,27.29,84.6,1012.76,20.16,35.94,6.2
2026-05-08 12:21:06,27.36,84.5,1010.6,20.51,37.26,6.18
2026-05-08 12:31:06,27.23,84.21,1012.86,20.67,36.46,6.19
2026-05-08 12:41:06,28.0,84.64,1010.94,20.89,36.35,6.2
2026-05-08 12:51:06,27.73,84.0,1015.02,20.74,37.74,6.16
2026-05-08 13:01:06,27.83,84.38,1011.42,21.43,37.3,6.16
2026-05-08 13:11:06,28.0,84.17,1011.66,20.77,36.82,6.19
2026-05-08 13:21:06,28.0,84.94,1012.59,21.3,36.62,6.19
2026-05-08 13:31:06,27.73,84.2,1010.19,20.83,35.43,6.21
2026-05-08 13:41:06,28.0,84.0,1012.81,20.96,37.87,6.19
2026-05-08 13:51:06,27.07,84.0,1010.46,21.54,36.37,6.19
2026-05-08 14:01:06,27.68,84.33,1012.07,21.09,37.65,6.19
2026-05-08 14:11:06,27.97,84.0,1012.5,21.68,37.03,6.2
2026-05-08 14:21:06,28.0,84.74,1013.62,21.75,36.41,6.2
2026-05-08 14:31:06,28.0,84.95,1013.83,21.48,36.8,6.21
2026-05-08 14:41:06,27.74,84.0,1011.17,21.66,36.65,6.2
2026-05-08 14:51:06,28.0,84.41,1012.9,21.84,36.63,6.22
2026-05-08 15:01:06,27.61,84.59,1012.07,21.94,36.49,6.2
2026-05-08 15:11:06,28.0,84.52,1012.93,21.96,37.0,6.23
2026-05-08 15:21:06,27.83,84.03,1013.15,21.94,36.97,6.21
2026-05-08 15:31:06,27.4,84.67,1013.43,21.97,36.55,6.23
2026-05-08 15:41:06,27.29,84.0,1013.74,21.91,36.36,6.19
2026-05-08 15:51:06,26.78,84.51,1013.37,22.17,36.86,6.17
2026-05-08 16:01:06,27.38,84.0,1011.55,22.15,36.39,6.21
2026-05-08 16:11:06,27.35,84.0,1009.74,22.12,36.83,6.21
2026-05-08 16:21:06,27.91,84.41,1011.72,22.02,36.98,6.22
2026-05-08 16:31:06,27.6,84.91,1010.16,21.91,36.83,6.19
2026-05-08 16:41:06,27.24,84.0,1013.41,21.87,36.17,6.19
2026-05-08 16:51:06,27.26,85.41,1012.16,21.95,37.04,6.21
2026-05-08 17:01:06,27.29,85.42,1012.55,21.94,37.15,6.23
2026-05-08 17:11:06,27.23,84.76,1010.55,21.57,36.73,6.2
2026-05-08 17:21:06,26.88,84.97,1011.03,21.44,36.56,6.15
2026-05-08 17:31:06,26.53,84.99,1012.65,21.59,37.37,6.18
2026-05-08 17:41:06,26.54,85.78,1010.02,21.21,36.28,6.23
2026-05-08 17:51:06,26.18,85.2,1013.42,21.12,36.77,6.2
2026-05-08 18:01:06,26.1,85.16,1014.65,21.05,37.27,6.15
2026-05-08 18:11:06,26.62,85.21,1011.6,21.26,35.83,6.17
2026-05-08 18:21:06,25.95,86.88,1011.47,21.49,36.4,6.21
2026-05-08 18:31:06,26.08,86.14,1010.38,21.24,37.16,6.2
2026-05-08 18:41:06,26.76,85.78,1011.42,21.41,36.46,6.18
2026-05-08 18:51:06,25.41,86.48,1014.92,20.83,36.62,6.19
2026-05-08 19:01:06,25.9,86.39,1010.9,20.74,36.3,6.19
2026-05-08 19:11:06,25.06,86.02,1011.61,20.68,37.21,6.2
2026-05-08 19:21:06,25.01,85.86,1012.04,20.72,35.92,6.22
2026-05-08 19:31:06,25.04,86.44,1012.66,20.58,36.32,6.2
2026-05-08 19:41:06,25.02,86.93,1012.63,20.24,36.28,6.17
2026-05-08 19:51:06,24.79,86.27,1011.52,20.23,36.09,6.22
2026-05-08 20:01:06,25.03,86.55,1011.36,19.87,37.05,6.23
2026-05-08 20:11:06,23.85,86.55,1012.8,19.87,36.08,6.18
2026-05-08 20:21:06,24.11,88.12,1012.03,19.86,36.82,6.24
2026-05-08 20:31:06,24.03,87.13,1013.2,19.36,36.25,6.2
2026-05-08 20:41:06,23.77,87.44,1011.46,19.5,36.64,6.19
2026-05-08 20:51:06,23.7,88.01,1011.04,18.94,36.12,6.2
2026-05-08 21:01:06,23.38,87.68,1012.31,18.96,35.95,6.23
2026-05-08 21:11:06,23.62,88.45,1009.41,18.61,36.39,6.21
2026-05-08 21:21:06,23.49,88.84,1011.46,18.65,36.9,6.18
2026-05-08 21:31:06,23.25,89.02,1011.49,18.25,36.16,6.16
2026-05-08 21:41:06,23.45,88.5,1012.33,18.49,36.95,6.19
2026-05-08 21:51:06,22.55,87.91,1012.87,18.02,35.33,6.23
2026-05-08 22:01:06,22.69,88.45,1010.29,18.08,35.85,6.23
2026-05-08 22:11:06,22.23,88.77,1010.98,17.71,36.36,6.22
2026-05-08 22:21:06,22.53,88.91,1012.31,17.27,35.82,6.22
2026-05-08 22:31:06,22.49,89.17,1012.72,17.59,36.22,6.19
2026-05-08 22:41:06,22.48,88.94,1011.8,17.19,36.2,6.18
2026-05-08 22:51:06,22.13,88.83,1010.78,17.47,35.65,6.18
2026-05-08 23:01:06,22.12,89.8,1014.52,17.33,36.95,6.21
2026-05-08 23:11:06,21.75,89.07,1011.48,16.96,36.77,6.19
2026-05-08 23:21:06,21.99,89.07,1010.63,16.56,37.01,6.23
2026-05-08 23:31:06,21.91,89.55,1012.03,16.41,36.6,6.18
2026-05-08 23:41:06,22.02,88.91,1010.74,16.35,36.48,6.23
2026-05-08 23:51:06,21.41,89.56,1010.16,15.7,35.46,6.21
2026-05-09 00:01:06,21.07,89.02,1010.81,16.16,35.59,6.17
2026-05-09 00:11:06,21.69,90.0,1014.52,15.65,36.83,6.22
2026-05-09 00:21:06,21.66,89.75,1013.45,15.7,36.38,6.19
2026-05-09 00:31:06,21.2,89.9,1013.23,15.26,36.9,6.17
2026-05-09 00:41:06,21.49,89.63,1011.79,15.69,35.51,6.19
2026-05-09 00:51:06,21.28,89.85,1014.01,15.6,36.19,6.19
2026-05-09 01:01:06,21.11,89.5,1010.72,15.1,35.74,6.17
2026-05-09 01:11:06,21.01,89.44,1012.02,15.32,36.55,6.22
2026-05-09 01:21:06,21.39,89.63,1009.66,15.15,35.73,6.21
2026-05-09 01:31:06,21.0,90.0,1012.47,14.88,36.58,6.19
2026-05-09 01:41:06,21.0,90.0,1010.74,14.53,36.42,6.15
2026-05-09 01:51:06,21.02,90.0,1010.43,14.99,36.5,6.2
2026-05-09 02:01:06,21.03,90.0,1009.21,14.58,36.04,6.21
2026-05-09 02:11:06,21.0,89.27,1011.78,14.28,36.25,6.18
2026-05-09 02:21:06,21.89,89.56,1009.81,14.58,36.48,6.22
2026-05-09 02:31:06,21.29,90.0,1014.09,14.2,35.84,6.21
2026-05-09 02:41:06,21.0,89.9,1011.07,14.16,35.97,6.22
2026-05-09 02:51:06,21.9,89.77,1010.16,14.47,35.88,6.19
2026-05-09 03:01:06,21.0,90.0,1012.11,14.08,36.14,6.24
2026-05-09 03:11:06,21.0,89.6,1011.57,14.22,37.16,6.19
2026-05-09 03:21:06,21.06,89.15,1010.21,14.11,36.13,6.17
2026-05-09 03:31:06,21.0,88.66,1014.3,13.88,36.76,6.21
2026-05-09 03:41:06,21.18,89.67,1012.42,13.88,36.98,6.21
2026-05-09 03:51:06,21.27,90.0,1012.65,14.06,36.74,6.21
2026-05-09 04:01:06,21.42,90.0,1011.6,14.5,35.99,6.24
2026-05-09 04:11:06,21.0,89.78,1012.04,13.66,36.07,6.21
2026-05-09 04:21:06,21.64,89.66,1013.76,14.1,36.08,6.19
2026-05-09 04:31:06,21.57,89.47,1013.78,14.31,36.01,6.2
2026-05-09 04:41:06,21.98,88.52,1010.17,14.27,37.37,6.21
2026-05-09 04:51:06,21.37,89.67,1013.33,14.34,36.75,6.23
2026-05-09 05:01:06,22.18,88.86,1012.1,13.96,35.78,6.19
2026-05-09 05:11:06,22.2,88.73,1012.11,13.98,36.26,6.21
2026-05-09 05:21:06,22.18,89.09,1009.79,14.3,35.62,6.2
2026-05-09 05:31:06,22.7,89.86,1010.01,14.38,36.43,6.18
2026-05-09 05:41:06,22.99,88.33,1011.75,14.64,36.39,6.24
2026-05-09 05:51:06,23.09,88.81,1010.82,14.59,36.07,6.19
2026-05-09 06:01:06,23.22,89.06,1013.3,14.24,36.7,6.2
2026-05-09 06:11:06,23.4,88.17,1011.11,14.72,36.07,6.2
2026-05-09 06:21:06,22.5,88.16,1011.02,14.7,36.37,6.19
2026-05-09 06:31:06,23.12,88.09,1011.76,14.49,35.44,6.23
2026-05-09 06:41:06,23.09,87.68,1010.52,14.94,36.47,6.19
2026-05-09 06:51:06,23.22,88.22,1010.04,15.25,36.58,6.23
2026-05-09 07:01:06,23.57,87.87,1012.66,15.5,36.39,6.21
2026-05-09 07:11:06,23.68,87.06,1011.72,15.28,36.75,6.2
2026-05-09 07:21:06,23.79,88.22,1011.71,15.29,36.65,6.19
2026-05-09 07:31:06,24.08,87.7,1011.27,15.63,36.69,6.2
2026-05-09 07:41:06,24.34,86.99,1011.36,16.2,35.54,6.17
2026-05-09 07:51:06,23.85,86.32,1011.03,15.92,35.3,6.19
2026-05-09 08:01:06,24.52,86.38,1013.33,16.04,36.13,6.18
2026-05-09 08:11:06,24.24,86.48,1011.85,15.96,35.87,6.17
2026-05-09 08:21:06,24.75,86.22,1015.38,16.56,36.15,6.2
2026-05-09 08:31:06,24.99,85.81,1012.43,16.59,35.81,6.2
2026-05-09 08:41:06,24.71,86.67,1010.92,16.72,36.29,6.21
2026-05-09 08:51:06,25.54,86.59,1013.4,16.54,36.41,6.23
2026-05-09 09:01:06,25.09,86.41,1012.3,16.77,36.32,6.25
2026-05-09 09:11:06,25.71,85.68,1010.98,17.25,36.39,6.21
2026-05-09 09:21:06,25.99,85.23,1010.82,17.07,35.59,6.2
2026-05-09 09:31:06,26.02,84.77,1010.01,17.48,36.3,6.19
2026-05-09 09:41:06,26.25,86.26,1010.91,17.27,37.14,6.21
2026-05-09 09:51:06,26.4,85.63,1013.54,17.64,35.89,6.21
2026-05-09 10:01:06,26.48,84.64,1012.3,17.93,36.59,6.21
2026-05-09 10:11:06,26.45,84.88,1013.78,18.2,35.84,6.18
2026-05-09 10:21:06,26.17,86.19,1012.35,18.58,35.46,6.21
2026-05-09 10:31:06,26.59,85.35,1012.56,18.72,35.74,6.17
2026-05-09 10:41:06,26.44,85.01,1012.36,18.89,36.81,6.18
2026-05-09 10:51:06,26.83,84.78,1013.67,18.74,36.05,6.17
2026-05-09 11:01:06,26.54,84.85,1011.96,19.3,35.82,6.18
2026-05-09 11:11:06,27.44,84.26,1010.56,19.21,35.16,6.19
2026-05-09 11:21:06,27.27,84.54,1010.53,19.4,36.34,6.18
2026-05-09 11:31:06,27.66,84.0,1013.03,19.65,35.52,6.17
2026-05-09 11:41:06,27.46,84.84,1010.78,19.35,36.91,6.19
2026-05-09 11:51:06,27.41,84.0,1011.22,20.08,35.47,6.19
2026-05-09 12:01:06,27.65,85.02,1012.22,19.83,35.14,6.21
2026-05-09 12:11:06,27.49,85.2,1012.52,19.94,36.35,6.2
2026-05-09 12:21:06,27.86,84.33,1009.5,20.11,36.34,6.24
2026-05-09 12:31:06,27.55,84.28,1009.87,20.56,35.16,6.2
2026-05-09 12:41:06,28.0,84.25,1013.97,20.81,36.06,6.18
2026-05-09 12:51:06,27.52,84.0,1013.9,20.88,36.18,6.18
2026-05-09 13:01:06,27.97,84.0,1012.24,21.25,36.38,6.16
2026-05-09 13:11:06,27.87,84.92,1012.57,20.96,35.02,6.2
2026-05-09 13:21:06,28.0,84.0,1012.81,21.18,35.08,6.2
2026-05-09 13:31:06,27.22,84.0,1012.09,21.25,36.15,6.22
2026-05-09 13:41:06,28.0,84.17,1013.21,21.08,36.77,6.16
2026-05-09 13:51:06,28.0,84.0,1012.09,21.38,36.56,6.2
2026-05-09 14:01:06,28.0,84.24,1011.94,21.85,36.05,6.22
2026-05-09 14:11:06,28.0,84.51,1013.59,21.43,36.77,6.2
2026-05-09 14:21:06,28.0,84.0,1012.4,21.27,35.91,6.21
2026-05-09 14:31:06,28.0,84.74,1011.36,21.61,36.35,6.2
2026-05-09 14:41:06,27.55,84.47,1010.64,21.84,35.72,6.2
2026-05-09 14:51:06,27.47,84.0,1012.15,21.85,36.03,6.17
2026-05-09 15:01:06,27.53,84.71,1012.32,22.0,36.26,6.21
2026-05-09 15:11:06,27.74,84.15,1012.23,22.15,35.4,6.23
2026-05-09 15:21:06,27.63,84.29,1011.98,21.93,35.18,6.2
2026-05-09 15:31:06,28.0,84.0,1013.15,21.8,35.94,6.19
2026-05-09 15:41:06,27.66,84.41,1015.27,21.89,35.49,6.2
2026-05-09 15:51:06,27.5,84.64,1011.83,22.02,35.84,6.17
2026-05-09 16:01:06,28.0,84.0,1011.98,21.87,35.54,6.19
2026-05-09 16:11:06,27.39,84.54,1012.94,22.29,35.65,6.22
2026-05-09 16:21:06,27.65,84.5,1010.98,21.99,35.79,6.17
2026-05-09 16:31:06,27.42,85.14,1012.34,21.96,36.07,6.21
2026-05-09 16:41:06,26.76,84.01,1014.06,21.96,36.73,6.21
2026-05-09 16:51:06,27.19,85.15,1009.09,21.79,35.59,6.2
2026-05-09 17:01:06,27.33,84.97,1013.21,21.67,35.91,6.19
2026-05-09 17:11:06,26.67,84.91,1010.46,22.06,35.77,6.22
2026-05-09 17:21:06,26.59,85.34,1012.85,21.39,36.28,6.19
2026-05-09 17:31:06,26.47,85.17,1011.93,21.93,35.68,6.2
2026-05-09 17:41:06,26.1,85.12,1012.4,21.69,35.24,6.21
2026-05-09 17:51:06,26.61,84.9,1012.37,21.5,35.74,6.21
2026-05-09 18:01:06,26.0,86.07,1012.85,21.56,36.26,6.17
2026-05-09 18:11:06,25.96,85.49,1013.56,21.67,35.12,6.2
2026-05-09 18:21:06,26.74,85.82,1012.23,21.26,36.23,6.18
2026-05-09 18:31:06,25.52,86.06,1013.05,21.1,36.02,6.21
2026-05-09 18:41:06,25.71,86.33,1011.49,20.7,36.33,6.19
2026-05-09 18:51:06,25.8,86.37,1011.83,20.95,35.84,6.22
2026-05-09 19:01:06,25.42,86.49,1012.28,21.16,35.73,6.19
2026-05-09 19:11:06,25.03,85.64,1013.15,20.67,35.11,6.21
2026-05-09 19:21:06,25.28,86.15,1010.75,20.51,35.75,6.2
2026-05-09 19:31:06,24.26,86.49,1012.22,20.25,35.94,6.17
2026-05-09 19:41:06,25.04,86.26,1011.93,20.49,35.94,6.2
2026-05-09 19:51:06,24.82,87.33,1011.16,20.09,36.43,6.22
2026-05-09 20:01:06,24.6,87.79,1014.23,20.06,35.71,6.22
2026-05-09 20:11:06,24.65,87.03,1015.87,20.05,36.4,6.17
2026-05-09 20:21:06,24.33,87.28,1011.42,19.56,36.45,6.18
2026-05-09 20:31:06,23.89,88.09,1012.7,19.27,35.39,6.19
2026-05-09 20:41:06,23.92,87.93,1010.81,19.57,35.46,6.17
2026-05-09 20:51:06,23.81,87.4,1012.61,19.3,35.16,6.2
2026-05-09 21:01:06,23.8,88.18,1012.58,18.8,36.22,6.22
2026-05-09 21:11:06,23.31,86.95,1012.26,18.9,34.73,6.17
2026-05-09 21:21:06,23.18,87.1,1013.5,18.51,35.55,6.2
2026-05-09 21:31:06,23.4,88.16,1011.89,18.39,34.95,6.19
2026-05-09 21:41:06,22.53,88.34,1014.08,18.42,35.5,6.2
2026-05-09 21:51:06,23.1,89.36,1012.04,17.85,35.6,6.21
2026-05-09 22:01:06,22.53,88.91,1011.58,18.32,36.1,6.21
2026-05-09 22:11:06,23.21,88.3,1009.84,17.58,34.65,6.19
2026-05-09 22:21:06,22.33,88.55,1011.5,18.12,36.38,6.19
2026-05-09 22:31:06,22.47,88.82,1012.02,17.5,35.63,6.21
2026-05-09 22:41:06,22.23,88.82,1012.41,17.05,35.56,6.21
2026-05-09 22:51:06,22.16,89.18,1011.38,16.84,36.02,6.17
2026-05-09 23:01:06,21.91,89.58,1012.01,16.81,35.07,6.19
2026-05-09 23:11:06,22.31,89.24,1011.75,16.9,35.65,6.22
2026-05-09 23:21:06,21.91,88.64,1013.06,16.63,35.44,6.2
2026-05-09 23:31:06,21.42,89.23,1013.32,16.79,34.79,6.19
2026-05-09 23:41:06,22.07,89.57,1011.84,16.35,35.45,6.18
2026-05-09 23:51:06,21.15,89.12,1016.04,16.23,36.15,6.23
2026-05-10 00:01:06,21.53,89.61,1012.24,15.61,34.85,6.18
2026-05-10 00:11:06,21.28,89.15,1012.16,15.64,35.85,6.23
2026-05-10 00:21:06,21.3,89.92,1015.13,15.72,35.98,6.18
2026-05-10 00:31:06,21.0,89.93,1014.49,15.51,34.68,6.22
2026-05-10 00:41:06,21.03,89.5,1012.14,15.07,36.23,6.21
2026-05-10 00:51:06,21.26,89.73,1012.64,15.39,35.66,6.17
2026-05-10 01:01:06,21.11,90.0,1014.07,15.41,35.12,6.2
2026-05-10 01:11:06,21.0,90.0,1011.03,15.12,35.88,6.21
2026-05-10 01:21:06,21.0,90.0,1012.81,14.98,35.3,6.22
2026-05-10 01:31:06,21.0,90.0,1011.79,15.04,34.93,6.18
2026-05-10 01:41:06,21.1,89.56,1013.01,14.74,35.36,6.17
2026-05-10 01:51:06,21.0,90.0,1014.62,14.66,35.63,6.21
2026-05-10 02:01:06,21.0,89.85,1013.4,14.65,34.97,6.21
2026-05-10 02:11:06,21.0,89.68,1011.45,14.53,35.53,6.21
2026-05-10 02:21:06,21.1,89.81,1012.62,14.78,35.2,6.21
2026-05-10 02:31:06,21.22,89.23,1013.62,14.44,34.35,6.2
2026-05-10 02:41:06,21.19,90.0,1013.52,14.18,36.23,6.19
2026-05-10 02:51:06,21.38,90.0,1010.82,13.9,35.34,6.18
2026-05-10 03:01:06,21.03,90.0,1012.29,14.07,35.95,6.22
2026-05-10 03:11:06,21.78,89.53,1011.76,13.99,36.32,6.19
2026-05-10 03:21:06,21.0,89.83,1010.79,14.21,35.81,6.2
2026-05-10 03:31:06,21.39,89.9,1011.54,13.83,35.36,6.2
2026-05-10 03:41:06,21.7,89.4,1013.38,14.27,35.44,6.22
2026-05-10 03:51:06,21.15,89.05,1013.42,13.96,35.43,6.24
2026-05-10 04:01:06,21.02,88.79,1012.53,14.15,35.7,6.2
2026-05-10 04:11:06,21.33,89.28,1013.73,13.95,35.0,6.22
2026-05-10 04:21:06,21.6,89.59,1012.71,14.16,34.42,6.17
2026-05-10 04:31:06,21.65,89.92,1013.95,13.97,35.38,6.22
2026-05-10 04:41:06,21.43,89.96,1009.75,14.05,35.54,6.23
2026-05-10 04:51:06,22.2,88.8,1013.96,13.85,34.88,6.18
2026-05-10 05:01:06,21.99,89.01,1013.24,14.4,35.65,6.19
2026-05-10 05:11:06,22.13,89.03,1010.3,14.27,35.95,6.19
2026-05-10 05:21:06,21.88,89.7,1012.54,14.28,35.64,6.18
2026-05-10 05:31:06,22.4,88.53,1012.43,14.34,35.85,6.21
2026-05-10 05:41:06,22.9,89.61,1011.56,14.58,36.45,6.22
2026-05-10 05:51:06,22.55,87.93,1013.16,14.36,35.03,6.22
2026-05-10 06:01:06,22.54,88.75,1013.78,14.56,35.4,6.22
2026-05-10 06:11:06,22.73,87.39,1014.6,14.84,36.0,6.18
2026-05-10 06:21:06,22.77,88.28,1012.07,14.79,34.7,6.18
2026-05-10 06:31:06,23.13,87.25,1009.37,14.89,35.25,6.21
2026-05-10 06:41:06,23.11,87.2,1012.92,14.62,35.74,6.2
2026-05-10 06:51:06,23.0,88.19,1010.37,14.84,35.64,6.2
2026-05-10 07:01:06,23.54,88.31,1012.85,15.13,35.55,6.17
2026-05-10 07:11:06,23.95,87.63,1010.94,15.34,36.41,6.2
2026-05-10 07:21:06,24.02,87.55,1013.04,15.61,35.71,6.24
2026-05-10 07:31:06,24.01,87.74,1009.25,15.79,36.04,6.19
2026-05-10 07:41:06,24.06,87.12,1011.4,15.71,35.16,6.22
2026-05-10 07:51:06,23.94,87.74,1013.05,15.93,35.57,6.16
2026-05-10 08:01:06,24.18,87.68,1011.47,16.24,35.62,6.2
2026-05-10 08:11:06,24.55,85.35,1011.08,16.21,35.28,6.22
2026-05-10 08:21:06,24.05,87.81,1012.25,16.37,35.19,6.24
2026-05-10 08:31:06,24.93,86.21,1011.19,16.16,35.49,6.2
2026-05-10 08:41:06,24.79,86.78,1011.29,16.39,36.28,6.24
2026-05-10 08:51:06,24.79,86.1,1012.54,16.85,34.86,6.2
2026-05-10 09:01:06,26.31,86.13,1012.17,16.9,35.09,6.21
2026-05-10 09:11:06,25.48,86.02,1012.07,17.16,35.72,6.22
2026-05-10 09:21:06,26.02,85.96,1011.11,17.53,35.41,6.18
2026-05-10 09:31:06,26.15,84.92,1013.72,17.65,35.63,6.21
2026-05-10 09:41:06,25.79,84.62,1012.0,18.0,34.8,6.18
2026-05-10 09:51:06,26.72,85.34,1013.76,17.84,35.03,6.22
2026-05-10 10:01:06,26.09,86.59,1011.88,18.29,35.89,6.17
2026-05-10 10:11:06,26.68,85.23,1010.97,18.33,35.68,6.2
2026-05-10 10:21:06,26.32,85.11,1012.74,18.32,34.64,6.21
2026-05-10 10:31:06,26.54,84.44,1012.57,18.9,35.06,6.2
2026-05-10 10:41:06,27.34,85.07,1011.95,18.91,35.96,6.21
2026-05-10 10:51:06,27.23,84.36,1011.32,19.01,35.55,6.2
2026-05-10 11:01:06,27.07,84.26,1013.08,19.1,35.81,6.2
2026-05-10 11:11:06,27.03,84.21,1009.71,19.58,35.14,6.2
2026-05-10 11:21:06,27.63,85.43,1013.32,19.12,34.59,6.21
2026-05-10 11:31:06,27.48,84.57,1013.62,19.76,34.36,6.2
2026-05-10 11:41:06,27.41,84.55,1012.81,19.45,36.15,6.2
2026-05-10 11:51:06,27.75,84.9,1012.54,19.98,35.17,6.2
2026-05-10 12:01:06,27.86,84.61,1010.5,20.5,35.55,6.19
2026-05-10 12:11:06,27.86,84.7,1013.75,20.24,35.77,6.21
2026-05-10 12:21:06,27.93,84.21,1010.92,20.22,36.0,6.19
2026-05-10 12:31:06,27.99,84.0,1011.31,20.66,34.62,6.21
2026-05-10 12:41:06,27.65,84.0,1013.09,20.61,36.17,6.2
2026-05-10 12:51:06,27.68,84.0,1009.94,20.6,35.38,6.2
2026-05-10 13:01:06,27.88,84.37,1011.78,20.73,35.34,6.18
2026-05-10 13:11:06,28.0,84.35,1011.5,20.98,34.81,6.22
2026-05-10 13:21:06,28.0,84.19,1011.29,20.84,35.36,6.2
2026-05-10 13:31:06,28.0,84.11,1014.39,21.31,34.85,6.19
2026-05-10 13:41:06,28.0,84.0,1012.63,21.4,35.31,6.21
2026-05-10 13:51:06,27.84,84.82,1011.29,21.33,35.53,6.2
2026-05-10 14:01:06,27.43,84.0,1012.75,21.24,35.76,6.2
2026-05-10 14:11:06,28.0,84.0,1011.44,21.52,35.27,6.18
2026-05-10 14:21:06,27.99,84.22,1014.17,21.49,36.14,6.17
2026-05-10 14:31:06,28.0,84.0,1013.23,21.52,34.76,6.18
2026-05-10 14:41:06,27.55,84.0,1012.03,21.48,35.22,6.22
2026-05-10 14:51:06,27.86,84.0,1011.79,21.61,34.9,6.2
2026-05-10 15:01:06,28.0,84.28,1012.03,21.63,35.76,6.17
2026-05-10 15:11:06,28.0,84.36,1009.18,22.07,35.32,6.24
2026-05-10 15:21:06,28.0,84.0,1009.69,22.13,34.72,6.18
2026-05-10 15:31:06,27.96,84.58,1013.74,21.61,36.03,6.16
2026-05-10 15:41:06,27.9,84.8,1012.58,22.28,34.81,6.22
2026-05-10 15:51:06,27.9,85.53,1011.95,22.08,35.59,6.17
2026-05-10 16:01:06,27.07,85.42,1013.04,22.11,35.49,6.18
2026-05-10 16:11:06,27.51,84.41,1013.36,21.92,34.86,6.23
2026-05-10 16:21:06,27.79,84.72,1011.37,21.83,35.76,6.18
2026-05-10 16:31:06,27.39,84.03,1012.77,21.91,35.43,6.22
2026-05-10 16:41:06,27.82,84.11,1013.2,21.82,34.91,6.19
2026-05-10 16:51:06,26.69,84.01,1014.93,21.88,33.99,6.24
2026-05-10 17:01:06,26.88,85.06,1011.03,21.84,34.86,6.2
2026-05-10 17:11:06,26.88,86.4,1009.69,21.91,35.75,6.22
2026-05-10 17:21:06,26.62,84.49,1011.97,21.95,34.77,6.18
2026-05-10 17:31:06,26.39,84.29,1013.8,21.93,35.87,6.21
2026-05-10 17:41:06,26.71,84.95,1011.97,21.82,34.34,6.16
2026-05-10 17:51:06,26.15,84.96,1012.28,21.7,35.69,6.24
2026-05-10 18:01:06,26.23,85.61,1010.72,21.23,35.95,6.19
2026-05-10 18:11:06,25.94,85.46,1012.03,21.23,34.93,6.18
2026-05-10 18:21:06,25.7,86.73,1014.58,21.28,35.74,6.21
2026-05-10 18:31:06,25.29,86.08,1011.62,21.51,34.82,6.16
2026-05-10 18:41:06,26.04,86.78,1012.32,21.03,35.95,6.18
2026-05-10 18:51:06,25.41,86.19,1009.44,20.83,34.88,6.17
2026-05-10 19:01:06,24.9,85.54,1015.39,20.75,35.61,6.18
2026-05-10 19:11:06,25.52,86.31,1011.83,20.76,34.39,6.24
2026-05-10 19:21:06,25.17,86.47,1012.74,20.53,35.44,6.22
2026-05-10 19:31:06,24.72,86.51,1013.28,20.56,34.32,6.2
2026-05-10 19:41:06,24.66,87.16,1014.5,20.35,35.45,6.19
2026-05-10 19:51:06,24.75,86.96,1013.05,20.02,35.14,6.19
2026-05-10 20:01:06,24.42,86.32,1011.25,20.05,34.88,6.2
2026-05-10 20:11:06,24.57,86.5,1011.86,19.73,35.89,6.19
2026-05-10 20:21:06,24.37,87.48,1010.97,19.45,35.05,6.18
2026-05-10 20:31:06,24.43,87.21,1013.39,19.19,35.84,6.18
2026-05-10 20:41:06,24.01,87.7,1010.82,18.98,34.7,6.17
2026-05-10 20:51:06,23.47,87.32,1011.79,19.23,35.99,6.18
2026-05-10 21:01:06,23.83,87.69,1012.01,18.84,35.09,6.21
2026-05-10 21:11:06,24.15,88.55,1012.4,18.88,35.18,6.21
2026-05-10 21:21:06,23.64,88.31,1011.41,18.64,34.97,6.24
2026-05-10 21:31:06,23.17,88.51,1012.66,18.8,35.56,6.21
2026-05-10 21:41:06,22.78,88.07,1012.56,18.1,35.51,6.2
2026-05-10 21:51:06,22.37,88.58,1011.92,18.04,34.71,6.21
2026-05-10 22:01:06,23.31,88.91,1011.13,17.94,34.69,6.19
2026-05-10 22:11:06,22.9,88.67,1012.04,18.07,34.14,6.19
2026-05-10 22:21:06,22.38,89.01,1012.57,17.92,34.2,6.25
2026-05-10 22:31:06,22.57,87.23,1013.98,17.84,34.53,6.23
2026-05-10 22:41:06,22.63,88.72,1012.39,17.32,34.44,6.18
2026-05-10 22:51:06,21.8,88.9,1011.66,17.52,34.22,6.21
2026-05-10 23:01:06,21.85,88.99,1009.98,16.9,35.49,6.21
2026-05-10 23:11:06,22.09,89.85,1010.27,16.72,35.35,6.22
2026-05-10 23:21:06,21.78,89.37,1012.31,16.89,34.16,6.22
2026-05-10 23:31:06,21.45,90.0,1013.76,16.77,34.63,6.24
2026-05-10 23:41:06,21.35,89.5,1010.47,16.4,35.49,6.2
2026-05-10 23:51:06,21.52,89.33,1010.24,16.33,40.57,6.19
2026-05-11 00:01:06,21.41,89.22,1013.89,15.89,39.89,6.19
2026-05-11 00:11:06,21.57,89.83,1014.22,16.07,39.15,6.2
2026-05-11 00:21:06,21.39,89.48,1015.36,15.61,39.78,6.16
2026-05-11 00:31:06,21.7,89.66,1011.58,15.31,39.47,6.18
2026-05-11 00:41:06,21.43,90.0,1013.16,15.4,40.58,6.22
2026-05-11 00:51:06,21.36,90.0,1011.46,15.25,39.92,6.2
2026-05-11 01:01:06,21.77,89.66,1012.54,15.25,40.02,6.22
2026-05-11 01:11:06,21.05,90.0,1011.47,15.26,39.89,6.21
2026-05-11 01:21:06,21.01,89.97,1013.21,14.69,39.67,6.2
2026-05-11 01:31:06,21.44,90.0,1012.21,14.51,40.78,6.21
2026-05-11 01:41:06,21.0,89.81,1011.77,14.74,39.6,6.21
2026-05-11 01:51:06,21.0,90.0,1009.72,14.52,40.03,6.21
2026-05-11 02:01:06,21.17,90.0,1011.21,14.75,39.63,6.19
2026-05-11 02:11:06,21.18,90.0,1011.69,14.69,39.55,6.15
2026-05-11 02:21:06,21.0,89.02,1010.51,14.6,39.58,6.23
2026-05-11 02:31:06,21.0,89.16,1012.86,14.46,39.76,6.22
2026-05-11 02:41:06,21.18,90.0,1011.57,14.4,41.24,6.18
2026-05-11 02:51:06,21.25,90.0,1012.63,14.24,40.58,6.17
2026-05-11 03:01:06,21.0,89.95,1011.64,14.07,40.07,6.19
2026-05-11 03:11:06,21.0,90.0,1010.85,14.03,40.93,6.18
2026-05-11 03:21:06,21.29,90.0,1010.13,14.27,40.64,6.21
2026-05-11 03:31:06,21.0,90.0,1010.01,13.86,39.83,6.25
2026-05-11 03:41:06,21.46,90.0,1011.32,14.36,39.73,6.19
2026-05-11 03:51:06,21.38,88.05,1012.53,14.46,40.0,6.19
2026-05-11 04:01:06,21.91,89.55,1011.58,13.98,39.44,6.21
2026-05-11 04:11:06,22.27,90.0,1009.78,13.88,39.34,6.19
2026-05-11 04:21:06,21.92,89.79,1014.71,14.06,39.97,6.2
2026-05-11 04:31:06,21.19,89.45,1012.94,13.88,40.21,6.2
2026-05-11 04:41:06,21.55,89.49,1012.95,14.14,40.51,6.19
2026-05-11 04:51:06,21.45,89.5,1011.33,13.63,40.79,6.18
2026-05-11 05:01:06,21.95,89.06,1013.37,14.03,40.98,6.19
2026-05-11 05:11:06,22.41,90.0,1008.77,14.2,38.98,6.18
2026-05-11 05:21:06,22.18,89.44,1011.69,14.28,40.05,6.18
2026-05-11 05:31:06,22.93,88.75,1015.2,14.15,40.22,6.19
2026-05-11 05:41:06,22.31,88.52,1013.71,14.5,40.01,6.21
2026-05-11 05:51:06,22.65,88.54,1013.82,14.86,39.3,6.21
2026-05-11 06:01:06,23.03,88.56,1010.35,14.4,39.22,6.18
2026-05-11 06:11:06,22.87,88.45,1015.48,14.73,40.28,6.19
2026-05-11 06:21:06,22.86,88.35,1014.3,14.66,40.11,6.23
2026-05-11 06:31:06,23.06,87.72,1012.07,15.02,39.46,6.22
2026-05-11 06:41:06,23.09,87.88,1013.28,14.87,39.64,6.23
2026-05-11 06:51:06,23.47,88.27,1013.72,14.94,40.5,6.18
2026-05-11 07:01:06,23.76,86.97,1011.78,15.64,39.89,6.18
2026-05-11 07:11:06,23.95,88.29,1011.29,14.98,40.3,6.21
2026-05-11 07:21:06,23.67,87.48,1011.71,15.34,39.05,6.19
2026-05-11 07:31:06,23.86,86.83,1012.51,15.75,39.81,6.22
2026-05-11 07:41:06,23.97,87.61,1011.1,15.79,39.62,6.2
2026-05-11 07:51:06,24.23,87.49,1011.4,15.8,39.94,6.17
2026-05-11 08:01:06,24.75,87.4,1012.24,16.51,40.01,6.19
2026-05-11 08:11:06,24.74,86.22,1009.35,16.42,39.47,6.22
2026-05-11 08:21:06,25.01,85.94,1013.0,16.15,39.42,6.23
2026-05-11 08:31:06,24.32,86.17,1011.46,16.73,39.5,6.15
2026-05-11 08:41:06,25.45,86.4,1011.74,16.53,39.97,6.21
2026-05-11 08:51:06,25.09,86.47,1010.78,16.78,38.92,6.17
2026-05-11 09:01:06,24.82,86.97,1012.98,17.14,39.65,6.2
2026-05-11 09:11:06,26.27,86.98,1011.18,17.04,39.73,6.22
2026-05-11 09:21:06,25.93,84.9,1010.34,17.59,40.32,6.2
2026-05-11 09:31:06,25.83,85.04,1011.47,17.54,39.54,6.19
2026-05-11 09:41:06,25.76,85.69,1011.94,17.95,39.56,6.16
2026-05-11 09:51:06,25.4,85.38,1011.68,17.97,40.53,6.24
2026-05-11 10:01:06,26.32,85.83,1010.79,17.9,39.43,6.19
2026-05-11 10:11:06,26.77,85.06,1013.01,18.13,38.86,6.22
2026-05-11 10:21:06,26.42,84.57,1011.34,18.32,39.5,6.2
2026-05-11 10:31:06,26.08,84.9,1015.19,18.57,40.22,6.18
2026-05-11 10:41:06,26.86,84.87,1011.4,18.75,39.96,6.22
2026-05-11 10:51:06,26.77,85.78,1009.93,18.71,39.85,6.25
2026-05-11 11:01:06,27.3,85.01,1011.01,18.9,39.46,6.23
2026-05-11 11:11:06,27.35,86.17,1014.61,19.07,39.41,6.19
2026-05-11 11:21:06,27.0,84.68,1013.06,19.39,39.62,6.22
2026-05-11 11:31:06,27.59,84.67,1011.32,19.49,39.78,6.21
2026-05-11 11:41:06,27.2,84.62,1011.5,19.98,39.31,6.23
2026-05-11 11:51:06,27.67,84.71,1010.25,19.66,40.04,6.2
2026-05-11 12:01:06,27.04,84.29,1011.13,19.98,38.85,6.22
2026-05-11 12:11:06,26.99,84.19,1014.1,20.6,40.01,6.2
2026-05-11 12:21:06,27.3,84.45,1011.31,20.48,39.63,6.16
2026-05-11 12:31:06,27.44,84.7,1011.48,20.69,39.02,6.22
2026-05-11 12:41:06,28.0,84.0,1010.23,20.38,38.85,6.22
2026-05-11 12:51:06,27.84,84.09,1010.35,20.62,39.44,6.21
2026-05-11 13:01:06,28.0,84.32,1011.86,20.89,39.92,6.23
2026-05-11 13:11:06,27.41,84.0,1013.84,20.66,39.95,6.22
2026-05-11 13:21:06,27.95,84.36,1015.47,21.14,39.01,6.19
2026-05-11 13:31:06,27.85,84.59,1012.69,21.04,39.7,6.19
2026-05-11 13:41:06,27.92,84.34,1014.32,21.24,38.8,6.22
2026-05-11 13:51:06,27.6,84.0,1011.78,21.45,39.93,6.22
2026-05-11 14:01:06,27.81,84.55,1013.71,21.4,39.59,6.18
2026-05-11 14:11:06,27.91,84.63,1009.88,21.48,39.34,6.21
2026-05-11 14:21:06,27.53,84.09,1012.32,21.87,40.29,6.2
2026-05-11 14:31:06,27.96,84.48,1010.2,21.74,38.99,6.17
2026-05-11 14:41:06,27.48,84.31,1013.8,21.32,39.87,6.19
2026-05-11 14:51:06,27.71,84.09,1011.96,22.05,39.46,6.21
2026-05-11 15:01:06,27.99,84.0,1013.05,21.93,39.2,6.21
2026-05-11 15:11:06,27.57,84.74,1013.07,21.72,39.62,6.15
2026-05-11 15:21:06,28.0,84.0,1012.18,21.67,39.31,6.19
2026-05-11 15:31:06,28.0,84.0,1010.36,22.2,39.34,6.17
2026-05-11 15:41:06,27.96,84.0,1009.53,22.16,39.52,6.18
2026-05-11 15:51:06,28.0,85.13,1011.55,22.04,38.45,6.22
2026-05-11 16:01:06,27.51,84.0,1012.16,21.89,40.25,6.18
2026-05-11 16:11:06,27.15,84.91,1014.17,22.11,39.53,6.22
2026-05-11 16:21:06,27.21,84.36,1013.71,21.74,39.47,6.24
2026-05-11 16:31:06,27.48,85.86,1011.49,21.79,39.45,6.22
2026-05-11 16:41:06,27.32,84.52,1011.75,22.04,39.35,6.21
2026-05-11 16:51:06,27.18,84.02,1009.62,21.92,39.29,6.17
2026-05-11 17:01:06,26.94,85.18,1014.22,22.0,39.46,6.2
2026-05-11 17:11:06,26.34,84.66,1010.79,21.74,39.21,6.2
2026-05-11 17:21:06,26.3,84.58,1013.2,22.0,40.0,6.19
2026-05-11 17:31:06,26.09,84.63,1009.88,21.74,38.97,6.19
2026-05-11 17:41:06,26.6,85.0,1010.84,21.28,39.31,6.18
2026-05-11 17:51:06,26.23,85.44,1010.97,21.64,40.05,6.21
2026-05-11 18:01:06,26.15,86.68,1013.13,21.36,38.87,6.19
2026-05-11 18:11:06,26.11,85.23,1011.43,21.58,39.08,6.17
2026-05-11 18:21:06,25.89,84.98,1013.77,21.32,39.85,6.19
2026-05-11 18:31:06,26.07,85.83,1012.27,21.06,39.91,6.17
2026-05-11 18:41:06,25.82,85.69,1012.23,21.04,39.62,6.2
2026-05-11 18:51:06,25.19,86.13,1014.23,21.0,39.68,6.19
2026-05-11 19:01:06,25.52,86.19,1011.51,20.62,39.7,6.23
2026-05-11 19:11:06,25.38,85.34,1012.3,20.81,39.82,6.22
2026-05-11 19:21:06,25.03,86.38,1012.99,20.49,39.5,6.23
2026-05-11 19:31:06,25.18,86.07,1012.65,20.33,39.55,6.17
2026-05-11 19:41:06,25.27,86.82,1012.72,20.22,39.94,6.22
2026-05-11 19:51:06,24.39,86.64,1012.12,19.93,39.24,6.22
2026-05-11 20:01:06,24.54,87.33,1014.56,20.5,39.58,6.24
2026-05-11 20:11:06,24.19,86.89,1015.33,19.81,39.15,6.18
2026-05-11 20:21:06,24.13,87.51,1014.19,19.38,38.91,6.2
2026-05-11 20:31:06,24.23,87.44,1010.25,19.27,40.13,6.2
2026-05-11 20:41:06,23.36,87.65,1012.34,19.38,40.16,6.22
2026-05-11 20:51:06,23.2,87.39,1012.25,19.1,39.78,6.21
2026-05-11 21:01:06,24.21,87.83,1011.32,19.12,38.58,6.23
2026-05-11 21:11:06,23.33,88.05,1013.39,18.81,40.31,6.19
2026-05-11 21:21:06,24.17,88.72,1011.92,18.61,38.87,6.19
2026-05-11 21:31:06,22.99,87.59,1014.77,18.39,40.04,6.21
2026-05-11 21:41:06,22.86,88.59,1012.22,18.0,40.34,6.2
2026-05-11 21:51:06,22.78,88.8,1011.29,17.92,38.2,6.21
2026-05-11 22:01:06,22.75,88.37,1010.59,17.59,39.42,6.16
2026-05-11 22:11:06,22.55,88.0,1009.13,17.57,38.3,6.23
2026-05-11 22:21:06,22.41,88.49,1011.56,17.69,39.45,6.19
2026-05-11 22:31:06,22.15,89.42,1009.34,17.37,39.02,6.2
2026-05-11 22:41:06,22.1,88.72,1011.54,17.36,39.78,6.21
2026-05-11 22:51:06,22.68,88.92,1009.06,17.01,40.22,6.21
2026-05-11 23:01:06,22.01,89.1,1014.13,17.04,39.39,6.17
2026-05-11 23:11:06,22.22,88.83,1012.51,17.28,38.86,6.22
2026-05-11 23:21:06,22.07,89.01,1016.0,16.52,39.16,6.22
2026-05-11 23:31:06,21.63,89.33,1010.83,16.33,39.12,6.2
2026-05-11 23:41:06,21.23,89.06,1013.04,16.07,38.83,6.18
2026-05-11 23:51:06,21.04,89.42,1010.64,16.0,39.43,6.19
2026-05-12 00:01:06,21.73,89.41,1013.08,15.97,38.46,6.21
2026-05-12 00:11:06,21.26,89.46,1014.01,15.31,39.61,6.2
2026-05-12 00:21:06,21.35,89.94,1012.92,15.7,38.99,6.17
2026-05-12 00:31:06,21.54,89.46,1010.16,15.55,39.14,6.19
2026-05-12 00:41:06,21.26,89.84,1012.98,15.49,39.74,6.18
2026-05-12 00:51:06,21.0,89.9,1011.0,15.53,39.32,6.18
2026-05-12 01:01:06,21.06,90.0,1013.39,15.16,39.21,6.2
2026-05-12 01:11:06,21.0,89.65,1014.18,14.84,39.48,6.21
2026-05-12 01:21:06,21.08,90.0,1012.15,14.87,39.66,6.17
2026-05-12 01:31:06,21.21,89.82,1010.35,14.96,38.8,6.22
2026-05-12 01:41:06,21.19,90.0,1013.73,14.98,38.87,6.23
2026-05-12 01:51:06,21.0,90.0,1011.19,14.5,39.88,6.17
2026-05-12 02:01:06,21.12,89.82,1011.76,14.49,39.75,6.17
2026-05-12 02:11:06,21.36,89.79,1011.86,14.48,38.98,6.15
2026-05-12 02:21:06,21.0,89.04,1013.97,14.86,39.4,6.23
2026-05-12 02:31:06,21.0,90.0,1013.53,14.13,38.99,6.18
2026-05-12 02:41:06,21.13,90.0,1014.41,14.2,38.42,6.2
2026-05-12 02:51:06,21.26,90.0,1012.9,14.38,38.79,6.21
2026-05-12 03:01:06,21.0,89.69,1010.19,14.16,39.27,6.22
2026-05-12 03:11:06,21.0,89.54,1012.52,14.36,38.38,6.19
2026-05-12 03:21:06,21.0,89.03,1011.21,14.16,39.95,6.19
2026-05-12 03:31:06,21.0,88.9,1014.95,13.84,39.66,6.19
2026-05-12 03:41:06,21.25,88.97,1010.63,14.25,39.34,6.19
2026-05-12 03:51:06,21.72,89.71,1011.83,13.94,39.25,6.22
2026-05-12 04:01:06,21.93,89.89,1008.34,13.98,40.29,6.19
2026-05-12 04:11:06,21.89,89.28,1011.49,14.14,39.59,6.19
2026-05-12 04:21:06,21.28,89.04,1010.99,13.74,39.19,6.2
2026-05-12 04:31:06,21.75,89.94,1012.49,13.94,39.03,6.2
2026-05-12 04:41:06,21.61,89.0,1011.35,13.98,38.36,6.25
2026-05-12 04:51:06,22.16,89.1,1011.37,14.3,38.99,6.18
2026-05-12 05:01:06,22.12,89.05,1009.49,14.11,40.04,6.2
2026-05-12 05:11:06,22.4,88.77,1011.28,14.08,39.17,6.2
2026-05-12 05:21:06,22.32,88.35,1010.45,14.22,39.01,6.18
2026-05-12 05:31:06,22.09,89.21,1010.57,14.42,39.38,6.2
2026-05-12 05:41:06,22.47,87.99,1011.19,14.53,39.0,6.21
2026-05-12 05:51:06,22.57,89.21,1009.58,14.51,38.35,6.2
2026-05-12 06:01:06,22.99,89.29,1010.95,14.24,39.31,6.19
2026-05-12 06:11:06,22.8,88.5,1011.59,14.5,39.28,6.19
2026-05-12 06:21:06,22.91,88.2,1012.66,13.95,39.69,6.19
2026-05-12 06:31:06,23.22,87.99,1011.32,14.88,38.55,6.21
2026-05-12 06:41:06,23.59,86.97,1013.34,14.88,38.44,6.2
2026-05-12 06:51:06,23.71,88.3,1012.19,14.87,39.59,6.19
2026-05-12 07:01:06,23.17,87.8,1013.99,15.21,39.57,6.18
2026-05-12 07:11:06,23.84,87.74,1009.25,15.02,37.91,6.21
2026-05-12 07:21:06,23.67,88.04,1012.35,15.63,39.36,6.21
2026-05-12 07:31:06,23.74,87.71,1010.56,15.49,38.01,6.18
2026-05-12 07:41:06,23.85,86.81,1011.05,15.89,37.59,6.19
2026-05-12 07:51:06,24.46,87.27,1010.17,15.99,39.01,6.18
2026-05-12 08:01:06,24.11,86.63,1011.09,15.94,37.44,6.19
2026-05-12 08:11:06,24.89,87.11,1011.73,15.8,38.82,6.17
2026-05-12 08:21:06,24.81,86.05,1011.78,16.44,39.38,6.2
2026-05-12 08:31:06,25.18,86.78,1011.16,16.52,39.59,6.2
2026-05-12 08:41:06,25.0,85.66,1012.15,17.04,39.27,6.18
2026-05-12 08:51:06,25.74,87.47,1012.14,17.0,37.72,6.18
2026-05-12 09:01:06,25.0,86.01,1013.69,16.95,39.19,6.2
2026-05-12 09:11:06,25.26,86.58,1013.3,16.99,38.78,6.21
2026-05-12 09:21:06,25.98,85.48,1011.23,17.43,38.85,6.2
2026-05-12 09:31:06,25.75,85.3,1010.75,17.17,39.28,6.17
2026-05-12 09:41:06,26.16,86.33,1012.28,17.76,39.13,6.21
2026-05-12 09:51:06,25.87,85.34,1009.24,17.77,38.74,6.17
2026-05-12 10:01:06,26.57,85.58,1013.74,18.17,38.88,6.18
2026-05-12 10:11:06,26.44,85.67,1012.16,18.3,40.01,6.18
2026-05-12 10:21:06,26.6,85.4,1011.73,18.58,38.46,6.23
2026-05-12 10:31:06,26.27,84.5,1011.86,18.43,38.15,6.17
2026-05-12 10:41:06,27.22,84.0,1013.21,18.85,39.24,6.22
2026-05-12 10:51:06,26.75,86.08,1012.65,18.92,39.1,6.23
2026-05-12 11:01:06,26.95,84.14,1011.88,18.97,39.39,6.19
2026-05-12 11:11:06,26.82,84.88,1010.86,18.96,39.33,6.23
2026-05-12 11:21:06,26.75,85.4,1012.7,19.49,39.89,6.21
2026-05-12 11:31:06,27.32,84.0,1012.85,19.71,39.2,6.2
2026-05-12 11:41:06,27.43,84.93,1013.96,19.63,39.02,6.21
2026-05-12 11:51:06,27.26,84.0,1013.71,19.81,39.07,6.24
2026-05-12 12:01:06,27.75,84.51,1010.58,19.81,39.43,6.22
2026-05-12 12:11:06,27.64,84.86,1009.01,20.19,39.47,6.22
2026-05-12 12:21:06,27.31,84.51,1012.41,20.09,40.16,6.2
2026-05-12 12:31:06,27.85,84.7,1011.45,20.43,39.06,6.16
2026-05-12 12:41:06,28.0,84.68,1014.11,20.55,39.46,6.2
2026-05-12 12:51:06,27.53,84.33,1011.77,20.55,38.28,6.17
2026-05-12 13:01:06,28.0,84.76,1013.83,20.61,38.58,6.2
2026-05-12 13:11:06,27.27,84.0,1011.97,20.97,38.79,6.21
2026-05-12 13:21:06,28.0,84.0,1010.25,21.07,38.86,6.2
2026-05-12 13:31:06,28.0,84.0,1011.07,21.21,38.7,6.19
2026-05-12 13:41:06,28.0,84.24,1008.92,21.32,38.35,6.19
2026-05-12 13:51:06,27.87,84.0,1011.09,21.05,39.11,6.2
2026-05-12 14:01:06,27.63,84.0,1013.0,21.43,38.27,6.19
2026-05-12 14:11:06,28.0,84.29,1013.75,21.63,38.17,6.21
2026-05-12 14:21:06,27.92,84.0,1010.99,21.49,39.07,6.22
2026-05-12 14:31:06,28.0,84.0,1011.74,21.72,38.83,6.16
2026-05-12 14:41:06,28.0,84.0,1012.51,21.76,38.25,6.19
2026-05-12 14:51:06,28.0,84.0,1010.36,21.92,37.99,6.21
2026-05-12 15:01:06,27.92,84.0,1012.06,22.02,39.54,6.19
2026-05-12 15:11:06,28.0,84.27,1012.0,21.83,39.16,6.19
2026-05-12 15:21:06,27.65,84.0,1013.13,22.14,38.4,6.19
2026-05-12 15:31:06,27.63,84.0,1009.57,22.06,38.2,6.2
2026-05-12 15:41:06,27.91,84.0,1011.36,21.63,38.76,6.19
2026-05-12 15:51:06,27.68,84.03,1013.87,21.92,38.7,6.2
2026-05-12 16:01:06,27.9,84.13,1010.68,21.79,38.54,6.2
2026-05-12 16:11:06,26.96,84.37,1011.53,22.12,38.85,6.19
2026-05-12 16:21:06,27.37,85.03,1013.02,21.88,38.25,6.23
2026-05-12 16:31:06,26.82,84.63,1011.21,22.27,38.5,6.21
2026-05-12 16:41:06,27.21,84.48,1011.07,22.11,38.57,6.23
2026-05-12 16:51:06,27.41,84.78,1010.86,21.55,39.09,6.21
2026-05-12 17:01:06,27.26,84.23,1012.74,21.42,38.07,6.19
2026-05-12 17:11:06,26.41,84.6,1009.13,21.55,39.06,6.22
2026-05-12 17:21:06,26.33,85.19,1010.19,21.91,39.07,6.22
2026-05-12 17:31:06,26.8,84.59,1013.69,21.57,38.88,6.18
2026-05-12 17:41:06,26.13,84.31,1012.59,21.98,38.67,6.22
2026-05-12 17:51:06,26.04,85.57,1011.56,21.54,38.54,6.18
2026-05-12 18:01:06,26.01,85.7,1013.09,21.31,39.11,6.2
2026-05-12 18:11:06,25.48,86.08,1012.21,21.48,38.82,6.15
2026-05-12 18:21:06,25.56,85.99,1013.07,21.27,38.68,6.23
2026-05-12 18:31:06,26.14,85.71,1011.82,20.88,38.3,6.23
2026-05-12 18:41:06,25.18,85.17,1011.94,21.23,39.66,6.18
2026-05-12 18:51:06,25.71,86.47,1010.93,21.15,37.69,6.23
2026-05-12 19:01:06,25.05,86.63,1013.78,20.49,39.33,6.21
2026-05-12 19:11:06,24.94,86.61,1011.43,20.74,38.29,6.19
2026-05-12 19:21:06,24.84,87.04,1011.93,20.71,38.45,6.2
2026-05-12 19:31:06,25.34,87.21,1013.55,20.25,39.27,6.22
2026-05-12 19:41:06,24.88,87.09,1014.05,20.34,39.12,6.19
2026-05-12 19:51:06,24.9,87.21,1012.68,19.97,39.48,6.19
2026-05-12 20:01:06,24.6,86.45,1010.53,20.44,39.91,6.21
2026-05-12 20:11:06,24.06,87.45,1008.55,19.73,39.07,6.19
2026-05-12 20:21:06,24.26,86.68,1012.66,19.81,38.77,6.2
2026-05-12 20:31:06,24.14,86.86,1011.8,19.4,38.06,6.19
2026-05-12 20:41:06,23.91,87.36,1012.27,18.85,38.16,6.17
2026-05-12 20:51:06,23.69,86.74,1012.61,19.28,38.09,6.19
2026-05-12 21:01:06,23.65,88.31,1011.71,19.15,38.13,6.24
2026-05-12 21:11:06,22.78,88.49,1013.12,18.71,38.44,6.23
2026-05-12 21:21:06,23.5,87.82,1011.3,18.83,39.69,6.18
2026-05-12 21:31:06,23.1,88.82,1012.17,19.06,38.55,6.19
2026-05-12 21:41:06,22.66,88.31,1010.77,18.37,38.85,6.2
2026-05-12 21:51:06,22.67,89.15,1012.8,18.23,38.92,6.21
2026-05-12 22:01:06,23.1,88.69,1012.2,18.09,39.18,6.19
2026-05-12 22:11:06,22.26,88.43,1011.74,17.74,38.46,6.18
2026-05-12 22:21:06,22.48,88.63,1013.55,17.42,38.52,6.21
2026-05-12 22:31:06,22.6,88.7,1012.98,17.61,37.86,6.22
2026-05-12 22:41:06,22.29,89.07,1011.01,17.14,39.39,6.18
2026-05-12 22:51:06,22.28,87.87,1012.55,16.83,38.82,6.2
2026-05-12 23:01:06,21.74,89.5,1008.66,17.0,39.33,6.23
2026-05-12 23:11:06,22.29,87.93,1014.23,16.85,38.45,6.22
2026-05-12 23:21:06,22.31,89.63,1010.64,16.59,37.8,6.18
2026-05-12 23:31:06,21.59,89.03,1013.45,16.19,38.2,6.18
2026-05-12 23:41:06,21.91,90.0,1012.62,16.24,37.6,6.2
2026-05-12 23:51:06,21.37,88.35,1012.3,15.97,37.99,6.22
2026-05-13 00:01:06,21.78,89.79,1012.48,16.04,38.84,6.16
2026-05-13 00:11:06,21.17,89.6,1013.11,15.79,37.87,6.18
2026-05-13 00:21:06,21.0,89.65,1012.56,15.48,38.64,6.21
2026-05-13 00:31:06,21.22,89.56,1015.14,15.64,39.2,6.23
2026-05-13 00:41:06,21.01,89.73,1014.14,15.61,38.69,6.17
2026-05-13 00:51:06,21.55,89.34,1011.49,15.01,38.18,6.17
2026-05-13 01:01:06,21.11,89.26,1011.86,14.87,37.88,6.17
2026-05-13 01:11:06,21.11,90.0,1009.72,15.06,39.12,6.21
2026-05-13 01:21:06,21.15,89.41,1015.04,15.03,38.22,6.22
2026-05-13 01:31:06,21.27,89.89,1008.49,14.45,38.22,6.21
2026-05-13 01:41:06,21.03,89.66,1012.17,14.34,38.27,6.21
2026-05-13 01:51:06,21.0,89.94,1014.39,14.22,38.07,6.2
2026-05-13 02:01:06,21.0,89.47,1012.25,14.64,38.65,6.22
2026-05-13 02:11:06,21.09,90.0,1012.93,14.21,38.66,6.22
2026-05-13 02:21:06,21.0,89.86,1013.02,14.47,38.5,6.22
2026-05-13 02:31:06,21.0,89.01,1013.58,14.28,38.53,6.23
2026-05-13 02:41:06,21.0,90.0,1013.71,14.45,37.75,6.21
2026-05-13 02:51:06,21.0,89.24,1011.59,14.62,38.8,6.19
2026-05-13 03:01:06,21.05,89.81,1014.66,14.26,38.89,6.21
2026-05-13 03:11:06,21.16,89.45,1012.06,14.21,38.6,6.22
2026-05-13 03:21:06,21.04,89.92,1010.42,14.13,37.55,6.21
2026-05-13 03:31:06,21.16,89.63,1010.8,14.08,38.45,6.19
2026-05-13 03:41:06,21.15,89.41,1012.66,13.71,38.52,6.19
2026-05-13 03:51:06,21.4,89.43,1013.01,13.74,38.43,6.23
2026-05-13 04:01:06,21.33,89.94,1012.02,13.93,39.01,6.17
2026-05-13 04:11:06,21.43,89.7,1013.39,13.96,39.16,6.21
2026-05-13 04:21:06,21.68,88.91,1013.62,13.6,38.07,6.21
2026-05-13 04:31:06,21.74,89.61,1014.03,13.94,38.35,6.19
2026-05-13 04:41:06,21.72,88.76,1012.51,14.13,38.59,6.17
2026-05-13 04:51:06,22.23,89.67,1012.51,14.04,38.31,6.22
2026-05-13 05:01:06,22.28,88.67,1013.49,14.27,38.31,6.19
2026-05-13 05:11:06,22.23,89.03,1011.37,14.27,38.37,6.2
2026-05-13 05:21:06,22.08,89.02,1014.05,14.32,38.17,6.19
2026-05-13 05:31:06,22.17,89.74,1010.05,14.0,38.76,6.21
2026-05-13 05:41:06,22.61,88.97,1013.72,14.23,38.1,6.24
2026-05-13 05:51:06,22.98,88.29,1012.58,14.56,38.58,6.17
2026-05-13 06:01:06,23.05,88.48,1012.91,14.53,39.12,6.21
2026-05-13 06:11:06,23.14,87.74,1013.35,14.77,38.39,6.19
2026-05-13 06:21:06,22.67,87.52,1012.27,14.55,37.52,6.2
2026-05-13 06:31:06,23.17,87.51,1009.58,14.44,37.79,6.19
2026-05-13 06:41:06,23.77,87.05,1011.77,14.91,37.95,6.15
2026-05-13 06:51:06,23.02,87.16,1011.96,15.03,38.66,6.19
2026-05-13 07:01:06,23.43,87.31,1011.11,14.87,37.59,6.2
2026-05-13 07:11:06,23.71,87.86,1011.85,15.45,38.83,6.19
2026-05-13 07:21:06,23.73,87.36,1011.96,15.72,38.85,6.19
2026-05-13 07:31:06,23.55,87.17,1015.37,15.53,38.57,6.22
2026-05-13 07:41:06,24.7,87.24,1010.55,15.69,38.53,6.21
2026-05-13 07:51:06,24.4,88.26,1010.88,15.88,38.58,6.2
2026-05-13 08:01:06,24.5,86.67,1010.88,16.27,37.42,6.2
2026-05-13 08:11:06,24.44,86.72,1014.04,15.98,38.05,6.21
2026-05-13 08:21:06,24.73,86.4,1012.98,16.22,38.3,6.19
2026-05-13 08:31:06,25.17,86.93,1010.42,16.26,37.45,6.22
2026-05-13 08:41:06,25.02,85.54,1013.78,16.65,37.94,6.18
2026-05-13 08:51:06,24.91,86.78,1012.82,16.83,37.86,6.22
2026-05-13 09:01:06,25.73,86.04,1014.87,16.79,38.27,6.22
2026-05-13 09:11:06,25.08,85.39,1010.8,16.91,38.54,6.19
2026-05-13 09:21:06,25.62,85.52,1012.48,17.51,38.59,6.19
2026-05-13 09:31:06,26.05,85.56,1013.32,17.55,38.06,6.18
2026-05-13 09:41:06,25.7,86.18,1010.43,17.45,39.08,6.19
2026-05-13 09:51:06,25.93,86.37,1012.73,17.7,38.72,6.19
2026-05-13 10:01:06,26.25,85.93,1009.5,17.61,38.3,6.18
2026-05-13 10:11:06,26.6,85.97,1011.5,18.11,37.68,6.16
2026-05-13 10:21:06,26.44,84.58,1010.87,18.22,36.95,6.2
2026-05-13 10:31:06,26.8,85.29,1011.87,18.36,38.63,6.17
2026-05-13 10:41:06,26.79,86.16,1012.33,18.46,38.92,6.16
2026-05-13 10:51:06,26.74,85.13,1011.36,18.86,37.23,6.22
2026-05-13 11:01:06,27.17,84.43,1010.08,19.15,37.43,6.17
2026-05-13 11:11:06,27.08,84.42,1011.59,19.37,38.1,6.18
2026-05-13 11:21:06,26.94,84.64,1012.05,19.28,38.46,6.17
2026-05-13 11:31:06,27.53,84.56,1011.0,19.52,38.21,6.18
2026-05-13 11:41:06,27.45,84.42,1011.87,19.48,38.77,6.19
2026-05-13 11:51:06,27.39,84.57,1008.72,19.73,38.73,6.19
2026-05-13 12:01:06,27.81,84.0,1011.59,19.8,37.67,6.21
2026-05-13 12:11:06,27.37,84.84,1010.1,20.12,37.81,6.19
2026-05-13 12:21:06,27.91,84.13,1011.9,20.41,38.78,6.21
2026-05-13 12:31:06,28.0,84.98,1011.85,20.46,38.06,6.21
2026-05-13 12:41:06,27.78,85.18,1012.71,20.72,37.73,6.22
2026-05-13 12:51:06,27.72,84.0,1014.28,20.47,38.09,6.21
2026-05-13 13:01:06,27.89,84.25,1011.92,20.86,38.59,6.21
2026-05-13 13:11:06,27.7,84.34,1011.96,21.04,37.92,6.2
2026-05-13 13:21:06,27.36,84.0,1011.22,21.16,38.37,6.2
2026-05-13 13:31:06,27.91,84.09,1011.42,21.06,38.7,6.2
2026-05-13 13:41:06,28.0,84.08,1012.5,20.85,38.95,6.19
2026-05-13 13:51:06,28.0,84.0,1011.36,21.29,38.08,6.21
2026-05-13 14:01:06,27.34,84.0,1012.04,21.54,38.61,6.19
2026-05-13 14:11:06,28.0,84.0,1015.9,21.71,38.07,6.19
2026-05-13 14:21:06,27.99,84.23,1012.49,21.27,38.4,6.19
2026-05-13 14:31:06,27.57,84.0,1010.59,21.55,38.33,6.21
2026-05-13 14:41:06,28.0,84.0,1012.24,21.82,37.83,6.21
2026-05-13 14:51:06,27.29,84.0,1011.38,21.65,38.0,6.2
2026-05-13 15:01:06,27.91,84.0,1011.33,22.11,38.42,6.18
2026-05-13 15:11:06,28.0,84.07,1011.99,21.72,37.21,6.18
2026-05-13 15:21:06,27.89,84.0,1013.1,22.21,39.02,6.16
2026-05-13 15:31:06,28.0,84.0,1011.95,22.18,39.23,6.19
2026-05-13 15:41:06,27.27,84.66,1012.24,21.96,37.34,6.19
2026-05-13 15:51:06,27.64,85.44,1013.55,21.69,37.71,6.19
2026-05-13 16:01:06,27.71,84.28,1012.56,21.93,37.87,6.18
2026-05-13 16:11:06,27.36,84.64,1013.27,21.81,38.41,6.17
2026-05-13 16:21:06,27.57,84.02,1012.08,21.91,37.87,6.18
2026-05-13 16:31:06,27.84,85.13,1014.29,22.02,38.04,6.18
2026-05-13 16:41:06,27.1,84.35,1012.63,21.79,38.6,6.18
2026-05-13 16:51:06,26.8,84.68,1010.73,21.82,37.21,6.23
2026-05-13 17:01:06,26.88,84.11,1012.51,21.44,37.73,6.2
2026-05-13 17:11:06,26.75,85.21,1010.19,21.9,38.53,6.21
2026-05-13 17:21:06,26.52,85.63,1013.25,21.33,37.08,6.18
2026-05-13 17:31:06,26.86,85.41,1014.4,21.89,37.64,6.2
2026-05-13 17:41:06,26.78,84.62,1011.03,21.66,37.66,6.2
2026-05-13 17:51:06,26.33,84.52,1011.43,21.31,37.85,6.18
2026-05-13 18:01:06,26.54,85.73,1013.01,21.6,37.55,6.18
2026-05-13 18:11:06,25.49,85.57,1010.98,21.48,37.78,6.23
2026-05-13 18:21:06,26.25,85.51,1011.67,21.32,37.96,6.21
2026-05-13 18:31:06,26.18,86.14,1010.18,21.21,38.05,6.23
2026-05-13 18:41:06,26.17,86.19,1012.35,20.95,38.12,6.21
2026-05-13 18:51:06,25.32,86.64,1014.27,20.79,36.61,6.18
2026-05-13 19:01:06,25.51,87.11,1013.14,21.09,37.08,6.21
2026-05-13 19:11:06,25.38,86.16,1013.38,20.52,37.62,6.22
2026-05-13 19:21:06,24.95,86.12,1013.09,20.45,38.36,6.22
2026-05-13 19:31:06,24.91,86.82,1012.38,20.56,37.65,6.19
2026-05-13 19:41:06,24.07,87.09,1010.4,20.49,38.24,6.18
2026-05-13 19:51:06,24.9,88.05,1012.81,20.08,37.96,6.2
2026-05-13 20:01:06,24.57,86.86,1011.18,20.08,38.02,6.19
2026-05-13 20:11:06,24.83,87.83,1012.48,20.1,37.58,6.19
2026-05-13 20:21:06,23.83,87.26,1011.49,19.51,38.17,6.22
2026-05-13 20:31:06,24.21,87.79,1008.28,19.49,38.63,6.18
2026-05-13 20:41:06,24.04,88.3,1012.96,19.38,37.92,6.23
2026-05-13 20:51:06,23.49,88.05,1011.69,19.32,37.77,6.2
2026-05-13 21:01:06,23.8,87.48,1011.51,19.14,38.17,6.2
2026-05-13 21:11:06,23.74,87.93,1013.08,19.35,38.17,6.18
2026-05-13 21:21:06,23.4,87.72,1010.64,18.58,38.14,6.23
2026-05-13 21:31:06,22.85,87.9,1013.87,18.11,38.27,6.22
2026-05-13 21:41:06,22.79,88.38,1009.43,18.49,37.71,6.23
2026-05-13 21:51:06,22.96,88.77,1013.71,18.14,38.38,6.18
2026-05-13 22:01:06,23.32,88.91,1011.66,17.92,38.9,6.2
2026-05-13 22:11:06,22.26,89.15,1013.36,17.67,38.3,6.21
2026-05-13 22:21:06,22.32,89.05,1012.53,17.92,37.19,6.19
2026-05-13 22:31:06,22.69,89.49,1009.39,17.48,37.4,6.21
2026-05-13 22:41:06,22.31,88.92,1012.87,17.34,37.5,6.18
2026-05-13 22:51:06,22.34,90.0,1012.93,17.06,37.24,6.22
2026-05-13 23:01:06,22.09,89.18,1013.11,16.78,37.15,6.14
2026-05-13 23:11:06,22.21,89.49,1011.09,16.67,37.39,6.2
2026-05-13 23:21:06,21.83,89.18,1011.67,16.55,37.23,6.2
2026-05-13 23:31:06,21.0,90.0,1012.15,16.34,38.21,6.18
2026-05-13 23:41:06,21.64,89.34,1011.17,16.52,38.43,6.19
2026-05-13 23:51:06,21.34,89.85,1014.73,15.94,37.8,6.19
2026-05-14 00:01:06,21.62,89.91,1011.72,16.32,37.41,6.18
2026-05-14 00:11:06,21.21,90.0,1012.01,15.71,37.83,6.2
2026-05-14 00:21:06,21.22,89.03,1011.49,15.5,37.81,6.22
2026-05-14 00:31:06,21.79,89.42,1011.72,15.2,37.45,6.22
2026-05-14 00:41:06,21.23,89.55,1013.45,15.46,38.6,6.22
2026-05-14 00:51:06,21.59,90.0,1012.04,15.1,37.85,6.19
2026-05-14 01:01:06,21.45,89.59,1013.34,15.21,37.96,6.21
2026-05-14 01:11:06,21.78,90.0,1013.29,15.09,38.19,6.22
2026-05-14 01:21:06,21.0,89.6,1013.45,14.59,37.71,6.22
2026-05-14 01:31:06,21.0,89.1,1010.85,14.76,37.0,6.24
2026-05-14 01:41:06,21.11,90.0,1012.2,14.78,37.84,6.23
2026-05-14 01:51:06,21.0,89.28,1008.89,14.7,38.08,6.23
2026-05-14 02:01:06,21.09,90.0,1012.77,14.77,38.07,6.17
2026-05-14 02:11:06,21.11,89.31,1016.53,14.65,36.72,6.2
2026-05-14 02:21:06,21.39,89.82,1013.0,14.19,37.95,6.23
2026-05-14 02:31:06,21.24,90.0,1011.62,14.46,37.59,6.22
2026-05-14 02:41:06,21.46,90.0,1013.68,14.37,38.32,6.18
2026-05-14 02:51:06,21.66,89.82,1010.7,13.83,38.11,6.21
2026-05-14 03:01:06,21.33,89.72,1012.44,14.11,37.94,6.18
2026-05-14 03:11:06,21.0,90.0,1012.44,14.22,37.84,6.2
2026-05-14 03:21:06,21.41,89.84,1010.83,13.77,36.73,6.22
2026-05-14 03:31:06,21.68,89.47,1014.3,14.28,38.33,6.23
2026-05-14 03:41:06,21.28,89.6,1011.93,13.88,38.65,6.22
2026-05-14 03:51:06,22.01,88.43,1013.4,14.25,37.16,6.2
2026-05-14 04:01:06,22.52,90.0,1011.48,13.8,37.64,6.21
2026-05-14 04:11:06,21.9,89.06,1011.52,13.91,37.64,6.18
2026-05-14 04:21:06,21.53,88.64,1012.92,13.88,37.6,6.17
2026-05-14 04:31:06,21.83,89.77,1012.38,13.86,37.1,6.18
2026-05-14 04:41:06,21.77,89.58,1011.86,13.98,37.76,6.21
2026-05-14 04:51:06,21.97,88.2,1012.89,14.04,37.75,6.18
2026-05-14 05:01:06,22.3,88.38,1011.55,14.28,37.05,6.19
2026-05-14 05:11:06,22.15,88.89,1011.25,14.24,37.64,6.22
2026-05-14 05:21:06,22.96,88.36,1010.7,13.71,37.24,6.18
2026-05-14 05:31:06,22.55,88.24,1013.71,14.35,37.41,6.18
2026-05-14 05:41:06,22.49,89.58,1010.84,14.4,37.67,6.18
2026-05-14 05:51:06,22.36,89.1,1012.11,14.53,37.75,6.18
2026-05-14 06:01:06,22.77,87.97,1011.69,14.51,38.07,6.19
2026-05-14 06:11:06,23.3,88.47,1010.41,14.26,38.03,6.17
2026-05-14 06:21:06,22.84,87.64,1010.82,14.63,37.41,6.17
2026-05-14 06:31:06,23.53,88.03,1011.07,15.01,37.45,6.2
2026-05-14 06:41:06,23.66,87.45,1011.18,14.68,38.1,6.22
2026-05-14 06:51:06,23.63,87.81,1012.09,15.29,38.27,6.22
2026-05-14 07:01:06,23.19,87.85,1013.49,14.97,36.6,6.2
2026-05-14 07:11:06,23.47,87.45,1009.54,15.59,37.13,6.22
2026-05-14 07:21:06,23.75,88.35,1009.52,15.57,37.6,6.21
2026-05-14 07:31:06,24.4,88.21,1015.44,15.61,37.56,6.21
2026-05-14 07:41:06,24.28,87.92,1013.06,15.39,37.21,6.17
2026-05-14 07:51:06,24.22,86.78,1010.35,15.54,37.35,6.19
2026-05-14 08:01:06,24.9,87.19,1013.3,15.89,37.97,6.19
2026-05-14 08:11:06,24.52,86.69,1012.66,16.37,37.7,6.22
2026-05-14 08:21:06,24.63,86.81,1012.58,16.33,37.37,6.18
2026-05-14 08:31:06,25.12,87.16,1012.13,16.63,36.69,6.2
2026-05-14 08:41:06,25.42,86.88,1011.9,16.39,37.4,6.22
2026-05-14 08:51:06,24.96,87.26,1012.27,16.76,37.4,6.19
2026-05-14 09:01:06,25.04,85.91,1011.25,17.3,36.84,6.2
2026-05-14 09:11:06,25.63,86.16,1010.55,17.1,38.1,6.2
2026-05-14 09:21:06,25.89,85.76,1010.89,17.16,36.7,6.21
2026-05-14 09:31:06,25.8,86.38,1014.8,17.17,37.17,6.21
2026-05-14 09:41:06,25.66,84.93,1013.36,17.65,37.49,6.21
2026-05-14 09:51:06,26.05,86.5,1009.04,18.05,36.99,6.21
2026-05-14 10:01:06,26.43,86.31,1010.79,18.07,37.42,6.2
2026-05-14 10:11:06,26.05,85.11,1011.02,18.2,37.39,6.21
2026-05-14 10:21:06,26.53,85.39,1010.35,18.18,37.25,6.18
2026-05-14 10:31:06,26.29,86.25,1012.6,18.59,37.33,6.21
2026-05-14 10:41:06,26.73,85.45,1010.33,18.77,37.64,6.23
2026-05-14 10:51:06,26.73,84.85,1011.52,18.98,37.82,6.2
2026-05-14 11:01:06,26.71,84.97,1010.37,18.86,37.78,6.22
2026-05-14 11:11:06,27.3,84.65,1010.88,19.31,36.85,6.21
2026-05-14 11:21:06,27.11,84.66,1010.14,19.3,37.02,6.2
2026-05-14 11:31:06,26.73,84.09,1011.54,19.7,37.22,6.19
2026-05-14 11:41:06,27.9,84.29,1013.94,19.76,37.86,6.22
2026-05-14 11:51:06,27.13,84.32,1011.99,19.69,37.06,6.2
2026-05-14 12:01:06,27.67,84.11,1013.13,20.27,37.69,6.24
2026-05-14 12:11:06,27.73,85.32,1012.74,20.0,38.23,6.23
2026-05-14 12:21:06,27.84,84.0,1012.01,20.7,37.4,6.19
2026-05-14 12:31:06,27.82,84.92,1012.88,20.16,36.95,6.21
2026-05-14 12:41:06,27.46,84.22,1011.64,20.34,36.99,6.21
2026-05-14 12:51:06,27.81,84.93,1010.92,20.41,37.73,6.19
2026-05-14 13:01:06,27.81,84.15,1013.38,20.82,37.08,6.21
2026-05-14 13:11:06,28.0,84.0,1013.7,20.96,38.43,6.18
2026-05-14 13:21:06,27.64,84.67,1013.07,20.95,38.02,6.21
2026-05-14 13:31:06,28.0,84.0,1012.98,20.9,37.61,6.17
2026-05-14 13:41:06,28.0,84.24,1011.74,21.33,38.18,6.2
2026-05-14 13:51:06,28.0,84.52,1012.03,21.34,37.33,6.2
2026-05-14 14:01:06,27.89,84.02,1010.21,21.61,37.16,6.25
2026-05-14 14:11:06,28.0,84.0,1011.04,21.39,37.48,6.18
2026-05-14 14:21:06,28.0,84.34,1014.54,21.4,37.87,6.17
2026-05-14 14:31:06,28.0,84.0,1012.14,21.82,37.06,6.21
2026-05-14 14:41:06,28.0,84.0,1013.75,21.63,37.3,6.22
2026-05-14 14:51:06,27.78,84.36,1010.25,21.77,37.43,6.17
2026-05-14 15:01:06,28.0,84.3,1011.58,21.85,36.61,6.19
2026-05-14 15:11:06,27.65,84.0,1012.4,21.99,37.61,6.19
2026-05-14 15:21:06,28.0,84.64,1013.28,22.36,38.12,6.21
2026-05-14 15:31:06,27.85,84.99,1014.11,21.7,37.94,6.2
2026-05-14 15:41:06,27.4,84.75,1011.45,21.96,37.58,6.22
2026-05-14 15:51:06,26.91,84.0,1014.1,21.91,37.8,6.21
2026-05-14 16:01:06,26.95,84.32,1013.61,22.22,37.67,6.2
2026-05-14 16:11:06,27.82,84.02,1010.77,22.06,38.44,6.21
2026-05-14 16:21:06,27.55,84.51,1012.68,22.03,37.68,6.17
2026-05-14 16:31:06,27.32,85.08,1011.71,21.69,37.94,6.19
2026-05-14 16:41:06,27.24,84.58,1010.26,21.77,36.59,6.19
2026-05-14 16:51:06,27.07,84.22,1014.42,21.89,37.82,6.22
2026-05-14 17:01:06,27.66,84.91,1013.9,21.73,37.49,6.21
2026-05-14 17:11:06,26.55,86.01,1011.05,21.74,37.41,6.18
2026-05-14 17:21:06,26.68,84.73,1012.24,21.63,37.47,6.21
2026-05-14 17:31:06,26.68,86.32,1011.02,21.59,37.32,6.19
2026-05-14 17:41:06,25.76,85.33,1011.97,21.44,38.47,6.2
2026-05-14 17:51:06,26.21,85.64,1012.04,21.43,38.48,6.19
2026-05-14 18:01:06,26.9,85.52,1011.49,21.46,37.34,6.21
2026-05-14 18:11:06,25.9,85.26,1012.49,21.77,37.4,6.21
2026-05-14 18:21:06,26.18,85.83,1010.18,21.64,37.18,6.2
2026-05-14 18:31:06,25.72,84.85,1010.36,21.15,37.68,6.19
2026-05-14 18:41:06,25.55,86.22,1012.27,21.19,37.19,6.23
2026-05-14 18:51:06,25.86,86.2,1014.54,21.07,37.15,6.19
2026-05-14 19:01:06,25.37,86.28,1009.8,20.77,36.62,6.18
2026-05-14 19:11:06,25.47,86.68,1013.37,20.65,36.73,6.2
2026-05-14 19:21:06,24.93,86.49,1013.67,20.84,36.35,6.22
2026-05-14 19:31:06,25.1,86.83,1013.17,20.42,37.05,6.22
2026-05-14 19:41:06,25.3,85.95,1010.37,20.4,37.03,6.21
2026-05-14 19:51:06,24.8,87.23,1013.58,20.01,37.75,6.18
2026-05-14 20:01:06,24.48,87.77,1014.22,19.85,37.36,6.22
2026-05-14 20:11:06,24.43,87.13,1013.47,19.69,37.4,6.17
2026-05-14 20:21:06,24.39,87.69,1011.53,19.94,37.28,6.2
2026-05-14 20:31:06,23.8,87.92,1012.23,19.23,36.85,6.19
2026-05-14 20:41:06,24.11,87.35,1009.59,19.56,36.87,6.2
2026-05-14 20:51:06,23.67,87.4,1013.35,19.24,36.56,6.2
2026-05-14 21:01:06,23.48,87.02,1012.06,18.71,37.2,6.21
2026-05-14 21:11:06,23.19,87.55,1013.06,18.84,37.7,6.22
2026-05-14 21:21:06,23.69,88.29,1011.83,18.44,37.87,6.22
2026-05-14 21:31:06,23.57,88.24,1010.78,18.39,36.65,6.24
2026-05-14 21:41:06,23.02,87.04,1012.92,18.31,37.29,6.23
2026-05-14 21:51:06,23.17,88.4,1012.51,18.18,37.33,6.18
2026-05-14 22:01:06,22.54,88.23,1010.38,17.85,37.39,6.21
2026-05-14 22:11:06,22.18,88.91,1012.28,17.9,37.47,6.2
2026-05-14 22:21:06,21.7,88.27,1011.09,17.83,37.33,6.18
2026-05-14 22:31:06,22.52,89.36,1011.09,17.37,37.8,6.2
2026-05-14 22:41:06,22.19,88.41,1010.96,17.23,36.48,6.19
2026-05-14 22:51:06,22.07,88.67,1014.39,17.06,37.17,6.23
2026-05-14 23:01:06,21.99,88.96,1014.31,16.43,37.15,6.2
2026-05-14 23:11:06,21.96,90.0,1011.7,16.88,36.63,6.21
2026-05-14 23:21:06,21.27,89.1,1011.62,16.49,38.02,6.21
2026-05-14 23:31:06,21.44,89.12,1014.33,16.93,37.11,6.17
2026-05-14 23:41:06,21.47,90.0,1011.06,16.37,37.86,6.19
2026-05-14 23:51:06,21.04,90.0,1014.29,16.13,37.48,6.19
2026-05-15 00:01:06,21.03,90.0,1010.37,15.83,37.03,6.19
2026-05-15 00:11:06,21.6,88.62,1011.91,15.61,37.47,6.19
2026-05-15 00:21:06,21.0,89.57,1012.79,15.93,37.78,6.21
2026-05-15 00:31:06,21.41,90.0,1013.53,15.77,37.36,6.19
2026-05-15 00:41:06,21.0,89.14,1012.47,15.36,36.22,6.21
2026-05-15 00:51:06,21.29,90.0,1010.13,15.14,37.82,6.2
2026-05-15 01:01:06,21.0,89.64,1013.11,14.82,37.69,6.2
2026-05-15 01:11:06,21.0,90.0,1011.01,15.25,36.99,6.18
2026-05-15 01:21:06,21.0,89.22,1012.03,15.11,36.45,6.18
2026-05-15 01:31:06,21.54,90.0,1008.96,14.76,36.93,6.19
2026-05-15 01:41:06,21.0,90.0,1010.56,14.37,37.49,6.2
2026-05-15 01:51:06,21.14,90.0,1011.67,14.04,36.74,6.18
2026-05-15 02:01:06,21.0,90.0,1011.38,14.55,37.57,6.2
2026-05-15 02:11:06,21.05,89.84,1011.66,14.36,36.68,6.21
2026-05-15 02:21:06,21.0,90.0,1014.97,14.61,37.39,6.16
2026-05-15 02:31:06,21.4,90.0,1012.35,14.43,37.41,6.17
2026-05-15 02:41:06,21.59,89.61,1010.28,14.11,37.55,6.24
2026-05-15 02:51:06,21.0,90.0,1009.3,14.04,36.9,6.18
2026-05-15 03:01:06,21.22,89.85,1012.31,14.06,37.14,6.19
2026-05-15 03:11:06,21.15,90.0,1011.14,14.21,36.55,6.18
2026-05-15 03:21:06,21.41,89.31,1009.18,13.94,36.88,6.2
2026-05-15 03:31:06,21.51,89.63,1012.87,14.38,36.67,6.2
2026-05-15 03:41:06,21.22,89.82,1010.45,13.65,37.58,6.17
2026-05-15 03:51:06,21.0,89.46,1014.23,13.9,37.16,6.19
2026-05-15 04:01:06,21.57,89.09,1011.94,13.69,37.26,6.18
2026-05-15 04:11:06,21.4,88.86,1012.35,14.33,37.66,6.21
2026-05-15 04:21:06,21.29,89.5,1011.09,13.87,37.57,6.18
2026-05-15 04:31:06,22.03,89.81,1013.09,13.75,36.6,6.21
2026-05-15 04:41:06,21.63,89.17,1011.08,14.33,36.17,6.17
2026-05-15 04:51:06,22.3,89.36,1012.75,14.08,36.75,6.2
2026-05-15 05:01:06,21.66,89.11,1012.01,13.81,36.65,6.2
2026-05-15 05:11:06,22.56,89.23,1011.21,14.13,36.18,6.16
2026-05-15 05:21:06,21.93,88.08,1012.48,14.48,37.34,6.22
2026-05-15 05:31:06,22.21,88.89,1011.85,14.65,36.98,6.18
2026-05-15 05:41:06,22.36,88.64,1012.11,14.4,37.26,6.21
2026-05-15 05:51:06,22.34,88.69,1010.91,14.37,37.53,6.22
2026-05-15 06:01:06,22.72,88.44,1012.89,14.62,37.13,6.22
2026-05-15 06:11:06,22.72,88.4,1012.56,14.44,36.94,6.25
2026-05-15 06:21:06,23.15,88.07,1012.65,14.3,36.25,6.16
2026-05-15 06:31:06,22.48,88.72,1013.35,15.02,37.31,6.19
2026-05-15 06:41:06,22.76,88.2,1014.08,15.18,36.75,6.17
2026-05-15 06:51:06,23.98,88.13,1006.78,15.17,36.7,6.23
2026-05-15 07:01:06,23.59,88.09,1013.23,14.85,37.28,6.18
2026-05-15 07:11:06,24.04,87.05,1013.75,15.16,36.59,6.22
2026-05-15 07:21:06,24.21,87.89,1012.18,15.55,37.85,6.21
2026-05-15 07:31:06,24.16,87.65,1013.79,15.73,37.4,6.2
2026-05-15 07:41:06,24.03,87.81,1011.23,15.53,36.44,6.2
2026-05-15 07:51:06,23.98,86.47,1011.71,16.13,37.59,6.2
2026-05-15 08:01:06,24.83,86.8,1013.31,15.72,37.84,6.21
2026-05-15 08:11:06,24.65,87.24,1013.41,16.29,36.69,6.24
2026-05-15 08:21:06,25.13,86.28,1010.14,16.58,37.31,6.2
2026-05-15 08:31:06,25.03,87.04,1011.82,16.43,36.91,6.19
2026-05-15 08:41:06,25.39,86.05,1012.95,16.85,36.39,6.2
2026-05-15 08:51:06,25.43,86.84,1012.81,16.93,36.62,6.2
2026-05-15 09:01:06,25.6,86.33,1010.87,16.93,37.47,6.19
2026-05-15 09:11:06,25.56,86.22,1014.22,16.79,36.85,6.21
2026-05-15 09:21:06,25.74,86.66,1013.52,17.56,36.41,6.25
2026-05-15 09:31:06,25.92,85.92,1011.16,17.46,37.41,6.19
2026-05-15 09:41:06,26.31,86.44,1009.93,17.47,36.27,6.19
2026-05-15 09:51:06,26.2,86.19,1010.19,17.88,36.47,6.2
2026-05-15 10:01:06,26.56,85.1,1012.29,17.96,37.66,6.2
2026-05-15 10:11:06,26.65,86.47,1012.42,18.16,36.7,6.22
2026-05-15 10:21:06,26.55,86.77,1011.68,18.09,37.49,6.2
2026-05-15 10:31:06,26.43,85.61,1013.45,18.31,36.11,6.21
2026-05-15 10:41:06,26.8,84.75,1012.01,18.53,36.57,6.21
2026-05-15 10:51:06,27.81,84.91,1011.42,18.98,37.46,6.2
2026-05-15 11:01:06,27.13,85.41,1012.57,18.56,37.23,6.19
2026-05-15 11:11:06,27.06,84.67,1013.67,19.28,35.86,6.19
2026-05-15 11:21:06,27.18,85.35,1012.13,19.44,36.83,6.22
2026-05-15 11:31:06,27.71,85.01,1009.24,19.85,35.76,6.17
2026-05-15 11:41:06,27.13,84.0,1010.77,20.05,36.94,6.23
2026-05-15 11:51:06,27.58,84.33,1010.43,19.56,35.76,6.22
2026-05-15 12:01:06,26.92,84.0,1012.92,20.32,36.56,6.19
2026-05-15 12:11:06,27.6,84.04,1010.99,20.01,37.23,6.19
2026-05-15 12:21:06,27.69,84.93,1010.3,20.49,36.52,6.2
2026-05-15 12:31:06,27.68,84.47,1014.44,20.69,36.39,6.22
2026-05-15 12:41:06,27.95,84.0,1010.46,20.34,36.74,6.17
2026-05-15 12:51:06,27.8,84.0,1013.3,20.95,36.24,6.2
2026-05-15 13:01:06,28.0,84.0,1010.68,20.96,36.34,6.19
2026-05-15 13:11:06,28.0,84.93,1009.06,21.02,37.29,6.2
2026-05-15 13:21:06,27.55,84.05,1013.35,20.83,36.23,6.21
2026-05-15 13:31:06,28.0,84.49,1011.86,21.42,36.41,6.22
2026-05-15 13:41:06,28.0,84.57,1012.14,21.15,36.16,6.19
2026-05-15 13:51:06,28.0,84.06,1011.87,21.66,36.76,6.2
2026-05-15 14:01:06,28.0,84.0,1010.62,21.53,36.72,6.19
2026-05-15 14:11:06,27.49,84.54,1014.96,21.47,37.09,6.25
2026-05-15 14:21:06,27.97,84.0,1012.7,21.82,36.59,6.2
2026-05-15 14:31:06,27.66,84.0,1012.5,21.75,36.35,6.21
2026-05-15 14:41:06,28.0,84.0,1013.11,21.86,37.32,6.21
2026-05-15 14:51:06,27.68,84.17,1011.11,21.84,35.68,6.2
2026-05-15 15:01:06,27.57,84.0,1012.61,21.81,36.93,6.22
2026-05-15 15:11:06,27.88,84.76,1011.91,21.79,36.71,6.19
2026-05-15 15:21:06,27.73,84.37,1011.73,21.75,35.72,6.19
2026-05-15 15:31:06,27.59,84.0,1012.14,22.03,36.88,6.21
2026-05-15 15:41:06,27.53,84.0,1014.61,21.66,36.62,6.19
2026-05-15 15:51:06,28.0,84.38,1011.97,22.01,37.12,6.22
2026-05-15 16:01:06,27.37,85.01,1011.72,21.89,36.42,6.2
2026-05-15 16:11:06,27.5,84.72,1011.7,21.96,35.84,6.16
2026-05-15 16:21:06,27.37,85.37,1011.44,21.89,37.5,6.18
2026-05-15 16:31:06,27.16,84.0,1013.73,22.21,37.1,6.24
2026-05-15 16:41:06,27.15,84.8,1012.14,22.35,36.33,6.17
2026-05-15 16:51:06,27.25,84.52,1009.02,21.6,36.57,6.19
2026-05-15 17:01:06,26.82,85.57,1012.27,22.16,36.49,6.2
2026-05-15 17:11:06,26.55,85.08,1013.2,21.86,36.52,6.18
2026-05-15 17:21:06,26.85,85.0,1013.66,21.85,37.19,6.21
2026-05-15 17:31:06,26.65,84.94,1009.62,21.17,36.71,6.21
2026-05-15 17:41:06,26.59,85.58,1011.95,21.37,36.43,6.22
2026-05-15 17:51:06,26.45,84.88,1012.3,21.51,35.8,6.23
2026-05-15 18:01:06,26.23,85.58,1012.25,21.47,37.36,6.19
2026-05-15 18:11:06,26.89,85.09,1012.42,21.18,35.89,6.18
2026-05-15 18:21:06,26.62,86.27,1013.13,21.28,36.07,6.21
2026-05-15 18:31:06,25.72,85.69,1012.86,21.18,37.23,6.18
2026-05-15 18:41:06,25.05,85.15,1011.48,20.97,36.34,6.18
2026-05-15 18:51:06,25.82,86.45,1012.4,21.15,36.44,6.17
2026-05-15 19:01:06,25.41,86.63,1012.89,20.89,36.52,6.23
2026-05-15 19:11:06,25.14,85.9,1013.98,20.61,37.71,6.18
2026-05-15 19:21:06,25.58,86.88,1010.46,20.45,36.81,6.21
2026-05-15 19:31:06,25.09,86.12,1013.2,20.33,36.7,6.19
2026-05-15 19:41:06,25.55,86.82,1010.31,20.51,36.19,6.17
2026-05-15 19:51:06,24.51,87.22,1013.96,20.02,37.59,6.23
2026-05-15 20:01:06,24.56,87.18,1011.99,20.0,36.5,6.2
2026-05-15 20:11:06,24.3,86.68,1014.09,19.9,36.96,6.2
2026-05-15 20:21:06,24.56,86.8,1010.78,19.72,36.66,6.21
2026-05-15 20:31:06,23.48,87.34,1012.56,19.61,36.89,6.23
2026-05-15 20:41:06,23.56,88.09,1012.07,19.16,36.29,6.16
2026-05-15 20:51:06,23.47,87.49,1012.72,18.94,37.04,6.19
2026-05-15 21:01:06,23.74,88.04,1012.96,18.83,37.15,6.22
2026-05-15 21:11:06,23.25,87.57,1013.54,18.77,36.47,6.22
2026-05-15 21:21:06,23.69,87.63,1013.08,18.51,37.27,6.17
2026-05-15 21:31:06,22.58,88.16,1012.31,18.75,36.76,6.21
2026-05-15 21:41:06,23.33,88.18,1012.37,18.19,36.31,6.2
2026-05-15 21:51:06,22.54,88.1,1013.82,18.24,36.1,6.16
2026-05-15 22:01:06,22.69,88.54,1012.95,18.02,36.79,6.17
2026-05-15 22:11:06,22.18,88.35,1013.87,17.96,36.15,6.21
2026-05-15 22:21:06,22.3,88.77,1009.74,17.56,37.34,6.2
2026-05-15 22:31:06,22.18,88.59,1012.76,17.27,36.64,6.19
2026-05-15 22:41:06,22.11,88.64,1011.78,17.22,36.59,6.21
2026-05-15 22:51:06,21.23,89.2,1010.78,17.29,36.0,6.19
2026-05-15 23:01:06,21.86,88.97,1011.69,17.07,35.88,6.22
2026-05-15 23:11:06,22.21,88.95,1012.16,16.77,35.71,6.22
2026-05-15 23:21:06,21.69,89.24,1010.26,16.82,36.74,6.21
2026-05-15 23:31:06,21.49,89.38,1007.23,16.68,36.82,6.19
2026-05-15 23:41:06,21.62,90.0,1012.82,16.37,36.66,6.21
2026-05-15 23:51:06,21.0,88.88,1011.09,16.14,37.53,6.23
2026-05-16 00:01:06,21.55,89.74,1012.17,16.21,36.53,6.21
2026-05-16 00:11:06,21.87,90.0,1011.26,15.85,36.52,6.2
2026-05-16 00:21:06,21.85,89.13,1011.99,15.7,36.04,6.21
2026-05-16 00:31:06,21.57,89.71,1011.37,15.5,35.48,6.22
2026-05-16 00:41:06,21.0,89.52,1012.34,15.45,36.36,6.22
2026-05-16 00:51:06,21.3,89.67,1010.99,15.26,36.34,6.22
2026-05-16 01:01:06,21.0,90.0,1009.98,15.31,36.03,6.23
2026-05-16 01:11:06,21.01,89.57,1010.69,15.19,35.37,6.2
2026-05-16 01:21:06,21.0,90.0,1012.48,15.37,35.98,6.22
2026-05-16 01:31:06,21.0,89.07,1010.99,14.83,36.15,6.18
2026-05-16 01:41:06,21.0,89.92,1011.31,15.31,35.85,6.19
2026-05-16 01:51:06,21.24,90.0,1013.31,14.56,35.4,6.21
2026-05-16 02:01:06,21.14,90.0,1011.56,14.65,35.68,6.2
2026-05-16 02:11:06,21.0,90.0,1013.65,14.82,37.3,6.2
2026-05-16 02:21:06,21.27,90.0,1010.52,14.17,36.41,6.2
2026-05-16 02:31:06,21.09,90.0,1011.32,14.14,36.12,6.19
2026-05-16 02:41:06,21.17,90.0,1011.95,14.31,35.88,6.22
2026-05-16 02:51:06,21.28,90.0,1012.78,14.31,35.82,6.21
2026-05-16 03:01:06,21.14,89.46,1011.25,14.19,36.33,6.24
2026-05-16 03:11:06,21.33,89.68,1012.2,13.93,36.71,6.19
2026-05-16 03:21:06,21.36,90.0,1009.77,13.81,36.76,6.16
2026-05-16 03:31:06,21.29,89.82,1013.14,14.09,36.24,6.18
2026-05-16 03:41:06,21.92,90.0,1011.08,14.1,36.75,6.22
2026-05-16 03:51:06,21.26,90.0,1012.18,13.96,36.29,6.23
2026-05-16 04:01:06,21.28,89.32,1011.12,14.23,36.48,6.21
2026-05-16 04:11:06,21.87,89.45,1015.35,14.12,36.13,6.22
2026-05-16 04:21:06,21.75,89.47,1014.84,14.22,35.73,6.18
2026-05-16 04:31:06,22.62,90.0,1011.93,14.12,36.18,6.2
2026-05-16 04:41:06,21.81,89.26,1010.82,13.99,35.7,6.19
2026-05-16 04:51:06,22.0,90.0,1012.66,14.38,36.51,6.23
2026-05-16 05:01:06,22.41,88.83,1013.59,13.78,35.75,6.16
2026-05-16 05:11:06,21.41,88.73,1014.28,14.46,37.18,6.19
2026-05-16 05:21:06,22.79,89.4,1012.19,14.19,36.48,6.18
2026-05-16 05:31:06,22.92,88.6,1011.1,14.19,36.26,6.25
2026-05-16 05:41:06,22.47,89.17,1013.82,14.56,36.03,6.2
2026-05-16 05:51:06,22.38,88.17,1012.71,14.3,35.85,6.17
2026-05-16 06:01:06,22.92,87.6,1011.33,14.56,37.06,6.19
2026-05-16 06:11:06,22.09,88.15,1011.92,14.89,35.98,6.21
2026-05-16 06:21:06,22.72,88.36,1013.13,14.69,35.4,6.19
2026-05-16 06:31:06,23.42,87.96,1012.44,14.82,37.56,6.18
2026-05-16 06:41:06,23.56,88.36,1014.47,14.91,36.62,6.23
2026-05-16 06:51:06,23.5,88.34,1014.21,15.19,36.92,6.21
2026-05-16 07:01:06,23.81,87.58,1010.11,15.16,36.17,6.18
2026-05-16 07:11:06,23.87,88.21,1013.65,15.38,36.8,6.19
2026-05-16 07:21:06,24.08,87.54,1013.32,15.27,36.7,6.17
2026-05-16 07:31:06,23.91,86.71,1010.86,15.71,36.65,6.18
2026-05-16 07:41:06,24.53,87.28,1010.16,16.02,36.11,6.2
2026-05-16 07:51:06,24.3,86.62,1011.49,15.91,36.01,6.18
2026-05-16 08:01:06,24.57,86.76,1010.67,16.5,35.04,6.24
2026-05-16 08:11:06,24.74,87.33,1011.19,16.15,36.46,6.21
2026-05-16 08:21:06,24.88,86.0,1010.34,16.36,36.78,6.23
2026-05-16 08:31:06,24.45,86.48,1013.53,16.58,36.37,6.22
2026-05-16 08:41:06,25.38,87.04,1009.18,16.7,36.11,6.18
2026-05-16 08:51:06,25.29,86.43,1009.58,16.6,36.0,6.21
2026-05-16 09:01:06,25.74,86.46,1011.23,16.73,36.33,6.2
2026-05-16 09:11:06,25.88,85.93,1011.12,17.49,35.14,6.21
2026-05-16 09:21:06,26.1,85.96,1014.18,17.32,36.21,6.2
2026-05-16 09:31:06,25.74,85.39,1012.75,17.5,36.26,6.2
2026-05-16 09:41:06,25.65,85.89,1010.8,17.82,36.52,6.19
2026-05-16 09:51:06,26.05,85.72,1013.42,17.91,35.79,6.22
2026-05-16 10:01:06,26.23,85.3,1012.91,17.9,35.94,6.21
2026-05-16 10:11:06,26.91,84.84,1012.17,18.43,35.59,6.17
2026-05-16 10:21:06,26.32,84.39,1012.02,18.64,35.47,6.18
2026-05-16 10:31:06,27.19,85.21,1011.75,18.36,36.67,6.19
2026-05-16 10:41:06,26.95,84.8,1012.2,18.67,35.93,6.2
2026-05-16 10:51:06,27.13,85.05,1011.24,19.2,36.26,6.21
2026-05-16 11:01:06,27.33,84.45,1011.8,18.98,36.94,6.24
2026-05-16 11:11:06,27.46,85.11,1011.77,19.07,36.49,6.2
2026-05-16 11:21:06,27.25,84.03,1013.62,19.48,36.3,6.22
2026-05-16 11:31:06,27.37,85.28,1012.09,19.7,35.64,6.19
2026-05-16 11:41:06,27.8,84.64,1011.61,19.83,35.94,6.22
2026-05-16 11:51:06,26.92,84.0,1010.94,20.04,36.68,6.16
2026-05-16 12:01:06,27.98,84.6,1009.74,19.93,36.58,6.2
2026-05-16 12:11:06,27.72,84.0,1012.74,19.99,35.67,6.16
2026-05-16 12:21:06,27.41,84.69,1011.37,20.31,35.66,6.18
2026-05-16 12:31:06,27.76,84.36,1012.0,20.78,35.7,6.23
2026-05-16 12:41:06,27.58,84.0,1010.53,20.61,35.75,6.21
2026-05-16 12:51:06,27.54,84.0,1008.91,20.96,35.64,6.19
2026-05-16 13:01:06,27.95,84.71,1011.88,20.91,36.32,6.21
2026-05-16 13:11:06,28.0,84.0,1013.21,20.98,35.76,6.17
2026-05-16 13:21:06,28.0,84.94,1011.09,21.19,36.04,6.18
2026-05-16 13:31:06,28.0,84.9,1012.03,21.19,36.45,6.21
2026-05-16 13:41:06,28.0,84.0,1010.23,21.02,35.08,6.16
2026-05-16 13:51:06,28.0,84.0,1011.22,21.61,37.09,6.19
2026-05-16 14:01:06,27.73,84.45,1009.85,21.34,35.82,6.17
2026-05-16 14:11:06,27.93,84.11,1012.31,21.81,36.19,6.21
2026-05-16 14:21:06,28.0,85.62,1012.89,21.45,35.49,6.18
2026-05-16 14:31:06,28.0,84.0,1014.67,21.97,35.45,6.18
2026-05-16 14:41:06,27.78,84.39,1013.07,21.4,36.07,6.19
2026-05-16 14:51:06,28.0,84.32,1012.03,21.85,35.85,6.21
2026-05-16 15:01:06,28.0,84.0,1012.63,22.15,36.01,6.19
2026-05-16 15:11:06,27.64,84.28,1011.56,21.97,35.0,6.23
2026-05-16 15:21:06,27.95,84.0,1009.65,21.92,36.13,6.2
2026-05-16 15:31:06,27.52,84.57,1010.93,22.13,35.98,6.18
2026-05-16 15:41:06,27.96,84.0,1010.6,21.79,35.94,6.18
2026-05-16 15:51:06,27.82,84.44,1013.38,21.91,36.44,6.21
2026-05-16 16:01:06,27.9,84.27,1015.2,22.17,36.71,6.19
2026-05-16 16:11:06,27.41,84.47,1012.13,22.32,36.17,6.19
2026-05-16 16:21:06,27.51,84.4,1014.06,21.76,36.25,6.2
2026-05-16 16:31:06,27.54,84.41,1011.68,22.01,35.88,6.19
2026-05-16 16:41:06,27.35,85.09,1011.68,21.65,35.9,6.17
2026-05-16 16:51:06,27.23,85.74,1010.44,22.12,35.73,6.24
2026-05-16 17:01:06,27.04,85.68,1010.89,22.07,35.69,6.19
2026-05-16 17:11:06,26.68,84.45,1013.96,21.62,36.19,6.18
2026-05-16 17:21:06,26.76,84.8,1013.1,21.72,35.68,6.18
2026-05-16 17:31:06,26.14,85.86,1012.57,22.0,36.17,6.19
2026-05-16 17:41:06,26.4,85.24,1012.26,21.77,35.31,6.23
2026-05-16 17:51:06,26.93,84.33,1011.21,21.83,36.72,6.18
2026-05-16 18:01:06,25.75,85.05,1013.97,21.31,36.35,6.18
2026-05-16 18:11:06,26.43,86.19,1011.29,21.45,35.86,6.2
2026-05-16 18:21:06,25.56,85.36,1011.91,21.39,36.17,6.22
2026-05-16 18:31:06,25.92,84.76,1012.25,21.02,36.22,6.22
2026-05-16 18:41:06,25.98,86.21,1009.85,21.19,35.68,6.22
2026-05-16 18:51:06,26.12,85.88,1013.97,21.18,35.98,6.21
2026-05-16 19:01:06,25.26,86.17,1013.65,20.65,36.33,6.19
2026-05-16 19:11:06,25.67,86.66,1008.85,20.73,36.6,6.21
2026-05-16 19:21:06,24.53,86.47,1011.23,20.62,35.52,6.26
2026-05-16 19:31:06,25.12,86.94,1012.49,20.29,35.68,6.2
2026-05-16 19:41:06,24.85,87.63,1013.87,20.14,35.26,6.21
2026-05-16 19:51:06,25.03,86.91,1013.48,20.33,35.33,6.2
2026-05-16 20:01:06,24.69,86.99,1013.83,20.41,35.25,6.18
2026-05-16 20:11:06,24.29,87.43,1011.33,19.79,36.96,6.18
2026-05-16 20:21:06,24.26,87.08,1013.06,19.83,35.84,6.18
2026-05-16 20:31:06,23.77,87.76,1013.03,19.66,36.11,6.21
2026-05-16 20:41:06,23.83,88.0,1012.94,19.45,35.71,6.15
2026-05-16 20:51:06,23.72,87.7,1010.3,19.5,36.3,6.2
2026-05-16 21:01:06,24.04,88.38,1011.44,19.29,35.6,6.2
2026-05-16 21:11:06,23.84,86.8,1011.39,19.0,35.57,6.23
2026-05-16 21:21:06,23.05,88.58,1013.62,18.95,35.37,6.2
2026-05-16 21:31:06,23.43,87.59,1010.08,18.56,36.23,6.2
2026-05-16 21:41:06,23.65,86.97,1011.62,18.07,36.44,6.19
2026-05-16 21:51:06,22.71,88.24,1012.03,18.12,36.72,6.2
2026-05-16 22:01:06,23.17,88.18,1011.24,18.25,36.07,6.18
2026-05-16 22:11:06,22.71,87.94,1011.91,17.79,35.6,6.22
2026-05-16 22:21:06,22.3,88.99,1009.11,17.56,35.25,6.25
2026-05-16 22:31:06,22.25,89.01,1009.15,17.39,36.1,6.2
2026-05-16 22:41:06,22.71,88.65,1013.63,17.37,35.95,6.19
2026-05-16 22:51:06,22.11,88.11,1011.19,17.3,35.73,6.18
2026-05-16 23:01:06,21.98,89.1,1015.28,16.91,35.12,6.18
2026-05-16 23:11:06,21.58,88.38,1012.77,16.81,35.67,6.2
2026-05-16 23:21:06,21.78,88.45,1009.18,16.93,36.09,6.2
2026-05-16 23:31:06,21.0,88.55,1010.09,16.64,35.35,6.19
2026-05-16 23:41:06,21.43,89.89,1010.82,16.56,35.08,6.23
2026-05-16 23:51:06,21.45,89.87,1012.16,16.24,34.28,6.18
2026-05-17 00:01:06,21.72,90.0,1010.25,15.94,35.63,6.18
2026-05-17 00:11:06,21.0,90.0,1010.71,16.11,35.3,6.21
2026-05-17 00:21:06,21.45,89.14,1011.16,15.54,35.71,6.17
2026-05-17 00:31:06,21.42,89.28,1012.02,15.33,35.77,6.18
2026-05-17 00:41:06,21.21,89.73,1013.34,15.06,34.32,6.2
2026-05-17 00:51:06,21.17,89.03,1009.03,15.42,36.48,6.21
2026-05-17 01:01:06,21.31,90.0,1011.27,15.06,35.76,6.18
2026-05-17 01:11:06,21.3,90.0,1013.89,15.28,37.21,6.21
2026-05-17 01:21:06,21.26,90.0,1012.6,14.65,35.83,6.19
2026-05-17 01:31:06,21.0,90.0,1013.38,14.6,34.98,6.2
2026-05-17 01:41:06,21.0,88.98,1011.25,14.68,35.06,6.27
2026-05-17 01:51:06,21.0,89.87,1012.6,14.69,35.5,6.21
2026-05-17 02:01:06,21.31,90.0,1009.78,14.7,35.7,6.2
2026-05-17 02:11:06,21.0,89.72,1014.22,14.56,36.1,6.19
2026-05-17 02:21:06,21.44,89.59,1012.27,14.32,35.99,6.2
2026-05-17 02:31:06,21.0,89.51,1011.36,14.27,35.47,6.18
2026-05-17 02:41:06,21.04,89.33,1011.9,13.9,35.94,6.21
2026-05-17 02:51:06,21.0,89.68,1011.26,14.3,34.74,6.2
2026-05-17 03:01:06,21.32,89.99,1012.97,14.11,35.78,6.2
2026-05-17 03:11:06,21.45,90.0,1012.62,13.9,35.25,6.18
2026-05-17 03:21:06,21.0,89.4,1011.92,14.35,35.74,6.21
2026-05-17 03:31:06,21.0,89.86,1013.31,14.27,35.12,6.18
2026-05-17 03:41:06,21.47,89.99,1012.25,13.9,35.57,6.19
2026-05-17 03:51:06,21.28,90.0,1010.97,13.98,35.65,6.19
2026-05-17 04:01:06,21.67,88.8,1012.49,14.03,35.56,6.18
2026-05-17 04:11:06,21.6,90.0,1014.94,14.16,35.43,6.19
2026-05-17 04:21:06,21.68,89.09,1009.1,14.04,35.31,6.19
2026-05-17 04:31:06,21.68,89.48,1012.71,13.97,35.65,6.23
2026-05-17 04:41:06,21.25,89.34,1012.06,14.3,35.4,6.22
2026-05-17 04:51:06,21.93,89.29,1010.43,14.12,35.7,6.21
2026-05-17 05:01:06,21.94,89.26,1012.34,14.42,36.69,6.16
2026-05-17 05:11:06,22.22,89.36,1010.93,14.03,35.57,6.21
2026-05-17 05:21:06,22.51,88.93,1010.33,14.14,35.41,6.22
2026-05-17 05:31:06,22.39,89.05,1014.25,14.09,34.82,6.16
2026-05-17 05:41:06,21.78,89.03,1011.29,14.49,34.9,6.22
2026-05-17 05:51:06,22.42,88.89,1013.11,14.4,35.37,6.19
2026-05-17 06:01:06,22.78,88.47,1012.45,14.8,35.9,6.21
2026-05-17 06:11:06,22.49,89.06,1009.73,14.83,35.23,6.2
2026-05-17 06:21:06,23.79,87.73,1010.37,14.88,36.24,6.18
2026-05-17 06:31:06,22.68,88.72,1011.94,14.71,35.29,6.21
2026-05-17 06:41:06,23.42,88.54,1014.26,14.96,35.48,6.17
2026-05-17 06:51:06,23.8,86.83,1010.06,15.0,35.83,6.22
2026-05-17 07:01:06,24.11,88.07,1013.13,15.58,35.01,6.17
2026-05-17 07:11:06,24.08,87.96,1012.09,15.28,34.93,6.2
2026-05-17 07:21:06,23.7,88.15,1013.05,15.36,35.93,6.22
2026-05-17 07:31:06,23.86,87.53,1010.23,15.65,35.48,6.21
2026-05-17 07:41:06,24.21,86.21,1013.06,15.38,35.99,6.21
2026-05-17 07:51:06,24.61,87.47,1013.21,15.22,35.39,6.19
2026-05-17 08:01:06,24.34,87.94,1010.37,16.0,35.5,6.2
2026-05-17 08:11:06,25.05,87.29,1014.31,16.17,35.31,6.24
2026-05-17 08:21:06,25.53,86.18,1013.62,16.28,35.15,6.2
2026-05-17 08:31:06,25.4,87.4,1011.77,16.28,35.59,6.21
2026-05-17 08:41:06,24.88,87.47,1015.2,16.83,35.59,6.18
2026-05-17 08:51:06,24.7,86.76,1011.75,16.6,35.44,6.16
2026-05-17 09:01:06,26.39,86.52,1013.59,16.79,34.77,6.23
2026-05-17 09:11:06,25.62,86.73,1011.6,17.3,35.67,6.24
2026-05-17 09:21:06,25.98,85.34,1013.83,17.23,35.17,6.23
2026-05-17 09:31:06,25.92,85.3,1014.65,17.4,35.67,6.18
2026-05-17 09:41:06,26.2,85.29,1009.99,17.78,35.22,6.2
2026-05-17 09:51:06,26.28,85.43,1012.68,17.81,35.17,6.18
2026-05-17 10:01:06,26.52,85.42,1011.23,18.21,35.91,6.2
2026-05-17 10:11:06,26.36,85.94,1013.35,18.22,35.82,6.24
2026-05-17 10:21:06,26.3,86.04,1014.88,18.31,35.84,6.23
2026-05-17 10:31:06,26.51,85.26,1012.8,18.48,35.37,6.2
2026-05-17 10:41:06,26.98,85.27,1011.1,18.9,34.45,6.2
2026-05-17 10:51:06,27.12,85.05,1009.55,18.83,35.64,6.21
2026-05-17 11:01:06,27.2,85.34,1010.93,19.14,35.31,6.17
2026-05-17 11:11:06,27.18,84.56,1010.8,19.03,35.55,6.18
2026-05-17 11:21:06,26.97,84.85,1011.56,19.24,34.27,6.2
2026-05-17 11:31:06,27.17,84.55,1012.72,19.72,34.53,6.21
2026-05-17 11:41:06,27.21,85.3,1013.72,19.43,34.91,6.19
2026-05-17 11:51:06,27.28,84.71,1011.48,20.11,35.08,6.18
2026-05-17 12:01:06,27.08,84.4,1010.88,19.9,35.35,6.17
2026-05-17 12:11:06,27.4,85.13,1011.81,20.26,35.25,6.2
2026-05-17 12:21:06,27.38,84.0,1013.79,20.53,35.15,6.22
2026-05-17 12:31:06,27.23,84.14,1009.64,20.33,35.79,6.18
2026-05-17 12:41:06,27.38,84.58,1015.18,20.56,35.99,6.18
2026-05-17 12:51:06,28.0,84.0,1012.32,20.84,35.17,6.21
2026-05-17 13:01:06,27.96,84.0,1008.3,20.88,35.29,6.21
2026-05-17 13:11:06,27.87,84.0,1011.93,20.95,35.97,6.21
2026-05-17 13:21:06,28.0,84.43,1012.63,21.14,34.56,6.17
2026-05-17 13:31:06,28.0,84.3,1011.25,21.02,36.0,6.21
2026-05-17 13:41:06,28.0,84.04,1014.81,21.17,34.76,6.17
2026-05-17 13:51:06,28.0,84.0,1014.14,21.44,35.49,6.21
2026-05-17 14:01:06,28.0,84.0,1012.79,21.19,34.4,6.2
2026-05-17 14:11:06,28.0,85.03,1011.08,21.55,35.18,6.2
2026-05-17 14:21:06,27.74,84.0,1013.7,21.84,34.67,6.21
2026-05-17 14:31:06,27.98,84.07,1012.68,21.49,34.62,6.22
2026-05-17 14:41:06,28.0,84.2,1011.55,21.74,35.87,6.22
2026-05-17 14:51:06,27.85,84.17,1013.04,22.0,34.62,6.22
2026-05-17 15:01:06,27.71,84.0,1010.69,21.69,34.59,6.22
2026-05-17 15:11:06,28.0,84.11,1010.44,21.64,34.38,6.18
2026-05-17 15:21:06,27.4,84.45,1011.14,21.92,35.24,6.2
2026-05-17 15:31:06,27.18,84.23,1010.33,21.61,34.82,6.21
2026-05-17 15:41:06,28.0,84.47,1013.16,21.89,35.48,6.21
2026-05-17 15:51:06,27.31,84.0,1010.69,21.95,33.72,6.23
2026-05-17 16:01:06,27.64,84.77,1010.3,22.28,35.32,6.23
2026-05-17 16:11:06,27.23,84.59,1009.94,21.82,35.52,6.23
2026-05-17 16:21:06,27.46,85.09,1012.71,21.97,35.1,6.22
2026-05-17 16:31:06,27.72,84.89,1012.58,21.84,35.11,6.21
2026-05-17 16:41:06,27.26,85.38,1013.61,21.75,35.21,6.22
2026-05-17 16:51:06,27.33,84.27,1012.38,21.8,34.85,6.22
2026-05-17 17:01:06,26.92,85.06,1014.42,22.18,34.86,6.22
2026-05-17 17:11:06,26.62,84.7,1013.56,21.91,35.54,6.19
2026-05-17 17:21:06,26.8,84.85,1012.35,21.76,35.58,6.19
2026-05-17 17:31:06,26.49,84.46,1012.25,21.68,34.59,6.24
2026-05-17 17:41:06,26.76,85.09,1012.99,21.37,35.22,6.21
2026-05-17 17:51:06,26.47,85.61,1013.11,21.35,34.95,6.2
2026-05-17 18:01:06,26.65,85.23,1011.22,21.12,35.67,6.21
2026-05-17 18:11:06,26.63,86.1,1010.93,21.36,34.56,6.17
2026-05-17 18:21:06,26.15,86.42,1012.38,21.19,34.73,6.2
2026-05-17 18:31:06,25.87,86.31,1009.74,20.94,35.25,6.19
2026-05-17 18:41:06,25.76,86.38,1014.13,21.2,35.46,6.19
2026-05-17 18:51:06,25.49,85.64,1013.27,20.73,35.71,6.24
2026-05-17 19:01:06,26.05,86.69,1012.95,20.54,35.6,6.2
2026-05-17 19:11:06,25.06,85.59,1011.88,20.74,35.39,6.18
2026-05-17 19:21:06,24.46,86.78,1013.86,20.36,34.62,6.21
2026-05-17 19:31:06,25.24,86.62,1012.22,20.47,35.18,6.21
2026-05-17 19:41:06,24.95,86.09,1010.99,20.02,35.68,6.22
2026-05-17 19:51:06,24.49,87.04,1012.11,19.98,35.69,6.19
2026-05-17 20:01:06,25.09,87.6,1012.49,20.0,34.66,6.19
2026-05-17 20:11:06,24.26,87.91,1014.22,19.86,35.87,6.18
2026-05-17 20:21:06,24.02,87.24,1010.5,19.55,35.9,6.19
2026-05-17 20:31:06,23.26,87.29,1011.57,19.77,35.11,6.18
2026-05-17 20:41:06,23.48,87.58,1012.01,19.42,34.53,6.2
2026-05-17 20:51:06,23.76,88.08,1011.46,19.0,34.99,6.21
2026-05-17 21:01:06,23.4,88.17,1012.36,18.77,34.7,6.2
2026-05-17 21:11:06,22.94,88.66,1013.89,18.47,35.36,6.22
2026-05-17 21:21:06,23.5,88.66,1013.55,18.88,35.39,6.19
2026-05-17 21:31:06,23.26,87.82,1009.07,18.53,34.72,6.22
2026-05-17 21:41:06,23.11,88.14,1011.84,18.37,36.17,6.23
2026-05-17 21:51:06,23.12,88.52,1011.67,18.04,33.93,6.19
2026-05-17 22:01:06,23.21,88.35,1009.13,17.78,34.8,6.23
2026-05-17 22:11:06,22.53,88.13,1009.93,17.75,35.51,6.23
2026-05-17 22:21:06,22.02,88.49,1010.9,17.63,34.57,6.2
2026-05-17 22:31:06,22.13,89.18,1011.88,17.59,35.15,6.2
2026-05-17 22:41:06,22.28,88.91,1012.74,17.12,34.44,6.24
2026-05-17 22:51:06,22.08,89.65,1012.46,17.33,34.38,6.18
2026-05-17 23:01:06,22.36,89.4,1013.34,16.8,33.51,6.18
2026-05-17 23:11:06,21.93,88.75,1012.79,16.87,34.96,6.21
2026-05-17 23:21:06,22.1,88.98,1012.16,16.72,35.04,6.21
2026-05-17 23:31:06,22.02,90.0,1013.17,17.03,35.04,6.22
2026-05-17 23:41:06,21.52,89.16,1011.79,16.08,34.97,6.23
2026-05-17 23:51:06,21.26,89.64,1011.62,16.22,40.45,6.16
2026-05-18 00:01:06,21.22,88.76,1011.56,15.69,39.71,6.2
2026-05-18 00:11:06,21.96,90.0,1013.69,15.77,40.43,6.18
2026-05-18 00:21:06,21.19,90.0,1013.25,15.64,39.11,6.23
2026-05-18 00:31:06,21.5,89.51,1009.62,15.68,40.56,6.2
2026-05-18 00:41:06,21.0,90.0,1009.56,15.56,39.91,6.23
2026-05-18 00:51:06,21.0,90.0,1011.51,15.53,39.98,6.14
2026-05-18 01:01:06,21.0,90.0,1013.69,15.1,39.07,6.17
2026-05-18 01:11:06,21.08,90.0,1012.98,15.01,39.57,6.16
2026-05-18 01:21:06,21.0,90.0,1013.13,14.69,40.54,6.23
2026-05-18 01:31:06,21.13,90.0,1011.97,14.71,40.74,6.21
2026-05-18 01:41:06,21.0,90.0,1012.83,14.49,39.87,6.2
2026-05-18 01:51:06,21.0,89.66,1013.09,14.67,39.44,6.22
2026-05-18 02:01:06,21.24,90.0,1010.33,14.42,39.41,6.19
2026-05-18 02:11:06,21.14,89.89,1011.74,14.48,40.08,6.2
2026-05-18 02:21:06,21.0,89.01,1011.07,13.99,40.18,6.19
2026-05-18 02:31:06,21.54,89.83,1011.62,14.19,39.71,6.22
2026-05-18 02:41:06,21.56,88.39,1013.02,14.55,39.47,6.2
2026-05-18 02:51:06,21.38,89.91,1012.25,13.69,40.03,6.22
2026-05-18 03:01:06,21.6,89.62,1012.78,13.91,39.72,6.17
2026-05-18 03:11:06,21.31,90.0,1014.7,13.94,39.67,6.19
2026-05-18 03:21:06,21.09,89.24,1014.41,14.06,40.18,6.21
2026-05-18 03:31:06,21.34,89.88,1013.5,14.45,39.55,6.2
2026-05-18 03:41:06,21.12,90.0,1008.95,13.91,40.39,6.2
2026-05-18 03:51:06,21.36,89.71,1015.77,13.92,39.87,6.2
2026-05-18 04:01:06,21.57,89.26,1011.25,13.8,39.51,6.18
2026-05-18 04:11:06,21.85,89.16,1010.2,13.69,40.47,6.19
2026-05-18 04:21:06,21.61,89.65,1011.58,13.62,39.62,6.23
2026-05-18 04:31:06,21.9,88.92,1011.26,14.05,39.59,6.17
2026-05-18 04:41:06,22.15,88.94,1010.09,14.04,39.76,6.22
2026-05-18 04:51:06,22.5,88.83,1014.29,13.75,39.78,6.18
2026-05-18 05:01:06,21.85,89.0,1009.69,13.93,40.31,6.22
2026-05-18 05:11:06,22.22,88.47,1013.67,14.15,39.9,6.21
2026-05-18 05:21:06,22.04,89.24,1010.06,14.16,39.62,6.2
2026-05-18 05:31:06,22.67,88.64,1009.8,14.19,39.15,6.22
2026-05-18 05:41:06,22.82,88.46,1012.36,14.31,39.9,6.17
2026-05-18 05:51:06,22.71,88.76,1009.22,14.27,39.86,6.21
2026-05-18 06:01:06,23.3,89.13,1011.05,14.9,40.28,6.23
2026-05-18 06:11:06,22.81,87.99,1012.83,14.65,39.28,6.18
2026-05-18 06:21:06,23.55,88.62,1011.0,14.78,39.81,6.23
2026-05-18 06:31:06,23.01,88.21,1012.19,15.12,40.11,6.2
2026-05-18 06:41:06,23.3,88.06,1011.94,15.25,40.04,6.18
2026-05-18 06:51:06,23.54,88.1,1012.84,15.09,39.63,6.18
2026-05-18 07:01:06,23.09,87.41,1013.42,15.43,40.18,6.19
2026-05-18 07:11:06,23.96,87.28,1009.01,15.46,39.97,6.18
2026-05-18 07:21:06,24.14,87.49,1014.93,15.69,40.44,6.22
2026-05-18 07:31:06,24.84,87.58,1009.84,15.94,39.76,6.2
2026-05-18 07:41:06,24.4,87.17,1011.65,15.97,39.87,6.22
2026-05-18 07:51:06,24.15,87.66,1013.39,15.66,40.12,6.2
2026-05-18 08:01:06,24.74,87.05,1013.27,15.9,39.3,6.2
2026-05-18 08:11:06,24.89,87.19,1011.83,16.57,39.64,6.17
2026-05-18 08:21:06,24.82,86.72,1011.83,16.13,40.07,6.19
2026-05-18 08:31:06,24.82,87.57,1012.56,16.7,40.64,6.22
2026-05-18 08:41:06,24.84,86.94,1011.25,16.77,40.11,6.16
2026-05-18 08:51:06,25.42,86.26,1015.59,17.17,39.83,6.2
2026-05-18 09:01:06,26.02,87.13,1011.09,16.97,38.78,6.19
2026-05-18 09:11:06,25.36,86.12,1013.83,17.27,39.69,6.19
2026-05-18 09:21:06,25.65,85.65,1010.19,17.51,39.3,6.2
2026-05-18 09:31:06,25.93,86.02,1011.58,17.65,39.64,6.17
2026-05-18 09:41:06,26.28,85.16,1012.11,17.59,39.51,6.21
2026-05-18 09:51:06,26.21,85.76,1013.9,17.89,41.31,6.2
2026-05-18 10:01:06,26.91,85.78,1011.53,18.19,39.45,6.19
2026-05-18 10:11:06,27.0,85.03,1012.11,18.09,38.87,6.2
2026-05-18 10:21:06,27.05,85.86,1011.65,18.56,38.51,6.21
2026-05-18 10:31:06,26.72,84.71,1013.81,18.44,39.13,6.18
2026-05-18 10:41:06,26.93,84.14,1009.32,18.52,39.71,6.2
2026-05-18 10:51:06,26.76,85.08,1010.7,19.05,39.74,6.2
2026-05-18 11:01:06,26.64,85.04,1012.28,19.24,40.47,6.22
2026-05-18 11:11:06,27.32,84.71,1013.58,19.31,39.46,6.18
2026-05-18 11:21:06,27.04,84.26,1010.12,19.16,40.06,6.23
2026-05-18 11:31:06,27.37,85.04,1012.14,19.5,39.59,6.2
2026-05-18 11:41:06,27.89,85.0,1013.76,19.58,39.76,6.22
2026-05-18 11:51:06,28.0,84.02,1012.01,19.9,39.78,6.22
2026-05-18 12:01:06,27.59,84.4,1010.86,20.24,39.14,6.19
2026-05-18 12:11:06,27.54,85.01,1014.88,19.86,40.29,6.17
2026-05-18 12:21:06,27.62,84.76,1010.65,20.45,39.59,6.2
2026-05-18 12:31:06,28.0,84.0,1014.67,20.21,39.35,6.18
2026-05-18 12:41:06,28.0,84.0,1010.55,20.54,39.66,6.21
2026-05-18 12:51:06,28.0,84.18,1012.3,20.87,39.19,6.2
2026-05-18 13:01:06,27.62,84.0,1012.14,21.24,39.21,6.2
2026-05-18 13:11:06,27.69,84.54,1011.67,21.28,40.06,6.19
2026-05-18 13:21:06,28.0,84.1,1013.77,20.71,38.68,6.19
2026-05-18 13:31:06,27.94,84.67,1010.2,20.85,39.78,6.22
2026-05-18 13:41:06,28.0,84.1,1011.22,21.43,40.28,6.2
2026-05-18 13:51:06,28.0,84.0,1009.98,21.47,38.99,6.19
2026-05-18 14:01:06,27.99,84.09,1011.4,21.44,39.3,6.19
2026-05-18 14:11:06,27.63,84.0,1011.93,21.65,39.58,6.19
2026-05-18 14:21:06,27.97,84.0,1009.6,21.42,39.7,6.22
2026-05-18 14:31:06,27.64,84.44,1011.27,21.25,38.99,6.18
2026-05-18 14:41:06,27.37,84.79,1011.39,21.71,40.4,6.2
2026-05-18 14:51:06,27.89,84.36,1011.91,21.97,39.12,6.19
2026-05-18 15:01:06,27.88,84.4,1013.11,21.71,39.37,6.24
2026-05-18 15:11:06,27.75,84.0,1010.79,22.34,38.53,6.19
2026-05-18 15:21:06,27.86,84.43,1012.34,21.69,39.82,6.19
2026-05-18 15:31:06,27.16,84.0,1012.33,22.03,39.22,6.21
2026-05-18 15:41:06,27.53,84.53,1014.96,21.48,38.62,6.18
2026-05-18 15:51:06,27.43,84.08,1012.18,22.02,39.06,6.19
2026-05-18 16:01:06,27.51,84.77,1009.3,21.81,39.36,6.21
2026-05-18 16:11:06,27.34,85.43,1011.69,21.84,39.29,6.18
2026-05-18 16:21:06,27.32,84.38,1010.68,21.91,39.29,6.22
2026-05-18 16:31:06,27.54,84.51,1011.45,21.89,39.64,6.2
2026-05-18 16:41:06,26.97,85.09,1009.11,21.73,39.75,6.19
2026-05-18 16:51:06,26.76,84.85,1011.16,21.55,39.68,6.18
2026-05-18 17:01:06,26.8,85.06,1012.99,21.4,40.23,6.15
2026-05-18 17:11:06,26.86,85.06,1012.28,21.8,38.43,6.19
2026-05-18 17:21:06,26.81,84.25,1012.85,21.89,39.59,6.21
2026-05-18 17:31:06,26.7,84.93,1011.92,21.76,39.35,6.23
2026-05-18 17:41:06,26.37,86.0,1012.08,21.57,39.2,6.19
2026-05-18 17:51:06,25.83,85.2,1011.23,21.54,39.56,6.16
2026-05-18 18:01:06,25.89,85.91,1011.23,21.14,39.2,6.21
2026-05-18 18:11:06,26.45,84.52,1011.1,21.12,40.23,6.2
2026-05-18 18:21:06,26.28,86.29,1010.3,21.5,39.74,6.2
2026-05-18 18:31:06,25.43,86.21,1013.6,21.41,38.13,6.19
2026-05-18 18:41:06,25.63,86.04,1013.86,21.08,39.37,6.19
2026-05-18 18:51:06,25.33,85.61,1012.08,20.98,39.59,6.19
2026-05-18 19:01:06,25.58,85.82,1012.28,20.62,39.79,6.22
2026-05-18 19:11:06,25.3,86.19,1012.14,20.61,38.77,6.2
2026-05-18 19:21:06,25.0,86.5,1012.55,20.32,39.62,6.21
2026-05-18 19:31:06,25.01,86.82,1012.49,20.47,39.43,6.24
2026-05-18 19:41:06,24.66,87.42,1011.43,20.37,39.47,6.18
2026-05-18 19:51:06,24.65,87.01,1010.86,20.01,39.29,6.2
2026-05-18 20:01:06,24.7,86.14,1010.13,19.65,40.0,6.23
2026-05-18 20:11:06,23.98,87.19,1010.32,19.61,39.19,6.19
2026-05-18 20:21:06,24.19,87.74,1010.62,19.85,38.03,6.18
2026-05-18 20:31:06,24.38,87.71,1010.0,19.53,38.74,6.19
2026-05-18 20:41:06,23.61,87.12,1015.38,19.69,39.73,6.2
2026-05-18 20:51:06,24.03,86.87,1012.45,19.56,40.62,6.18
2026-05-18 21:01:06,23.42,87.35,1010.79,19.17,40.17,6.18
2026-05-18 21:11:06,23.67,88.76,1008.38,19.14,39.1,6.19
2026-05-18 21:21:06,23.73,88.12,1011.24,18.79,39.52,6.21
2026-05-18 21:31:06,23.15,88.77,1010.44,18.44,39.46,6.21
2026-05-18 21:41:06,22.67,88.46,1012.62,18.25,39.03,6.22
2026-05-18 21:51:06,22.92,88.73,1012.47,18.59,39.24,6.21
2026-05-18 22:01:06,22.39,88.3,1011.66,17.84,39.26,6.17
2026-05-18 22:11:06,21.93,88.75,1011.72,18.12,39.27,6.18
2026-05-18 22:21:06,22.21,88.97,1013.71,17.71,39.71,6.17
2026-05-18 22:31:06,22.62,89.47,1010.46,17.36,39.84,6.2
2026-05-18 22:41:06,22.43,88.75,1013.21,17.58,39.1,6.19
2026-05-18 22:51:06,22.15,89.01,1012.24,17.17,38.81,6.2
2026-05-18 23:01:06,21.96,88.55,1015.23,16.72,39.81,6.23
2026-05-18 23:11:06,22.07,89.07,1012.93,16.99,39.71,6.21
2026-05-18 23:21:06,22.72,88.67,1012.42,16.97,38.77,6.18
2026-05-18 23:31:06,21.71,89.83,1013.43,16.51,39.98,6.22
2026-05-18 23:41:06,21.9,89.99,1012.26,16.29,38.69,6.17
2026-05-18 23:51:06,21.71,89.38,1010.84,16.14,38.96,6.21
2026-05-19 00:01:06,21.29,88.88,1012.71,16.15,39.25,6.19
2026-05-19 00:11:06,21.0,90.0,1010.2,15.96,39.26,6.2
2026-05-19 00:21:06,21.0,89.84,1009.89,15.46,39.3,6.17
2026-05-19 00:31:06,21.0,90.0,1011.16,15.66,39.41,6.21
2026-05-19 00:41:06,21.43,90.0,1012.88,15.47,38.56,6.19
2026-05-19 00:51:06,21.0,89.78,1010.07,15.24,39.42,6.17
2026-05-19 01:01:06,21.07,90.0,1011.81,15.35,38.98,6.19
2026-05-19 01:11:06,21.0,89.76,1011.8,14.94,39.05,6.21
2026-05-19 01:21:06,21.24,90.0,1010.95,14.83,39.49,6.2
2026-05-19 01:31:06,21.0,90.0,1010.77,14.73,39.35,6.22
2026-05-19 01:41:06,21.37,89.1,1007.87,14.77,39.55,6.21
2026-05-19 01:51:06,21.14,89.28,1012.0,14.55,38.7,6.22
2026-05-19 02:01:06,21.0,89.89,1012.67,14.87,39.97,6.2
2026-05-19 02:11:06,21.09,90.0,1013.54,14.36,39.47,6.23
2026-05-19 02:21:06,21.0,89.6,1015.73,14.31,39.11,6.24
2026-05-19 02:31:06,21.0,89.99,1012.4,14.51,39.01,6.2
2026-05-19 02:41:06,21.0,89.56,1012.86,14.24,39.41,6.19
2026-05-19 02:51:06,21.42,90.0,1010.31,14.59,40.15,6.19
2026-05-19 03:01:06,21.08,90.0,1013.98,14.09,39.45,6.21
2026-05-19 03:11:06,21.28,90.0,1013.53,14.09,38.9,6.2
2026-05-19 03:21:06,21.0,90.0,1012.52,14.0,39.16,6.19
2026-05-19 03:31:06,21.44,89.84,1009.99,13.97,39.97,6.16
2026-05-19 03:41:06,21.58,89.99,1010.96,13.78,40.15,6.22
2026-05-19 03:51:06,21.48,88.98,1012.53,14.14,38.73,6.21
2026-05-19 04:01:06,21.4,90.0,1012.51,14.06,39.71,6.17
2026-05-19 04:11:06,21.72,89.33,1009.3,13.92,39.39,6.22
2026-05-19 04:21:06,21.46,89.16,1014.12,14.12,39.15,6.21
2026-05-19 04:31:06,22.11,89.14,1011.97,14.01,40.11,6.18
2026-05-19 04:41:06,22.02,88.8,1012.52,14.2,38.98,6.2
2026-05-19 04:51:06,21.71,90.0,1011.43,13.98,38.21,6.2
2026-05-19 05:01:06,21.87,89.08,1012.38,14.08,39.29,6.24
2026-05-19 05:11:06,22.21,89.08,1012.85,13.93,39.67,6.2
2026-05-19 05:21:06,22.41,89.02,1011.12,14.37,38.8,6.2
2026-05-19 05:31:06,22.12,89.45,1011.26,14.2,39.86,6.2
2026-05-19 05:41:06,21.98,88.29,1012.29,14.42,39.54,6.19
2026-05-19 05:51:06,22.3,89.39,1014.72,14.35,39.42,6.23
2026-05-19 06:01:06,22.63,88.75,1013.28,14.73,39.42,6.21
2026-05-19 06:11:06,22.9,88.85,1010.08,14.64,38.57,6.19
2026-05-19 06:21:06,22.83,87.9,1012.47,14.33,40.05,6.19
2026-05-19 06:31:06,22.93,88.42,1013.46,14.89,38.82,6.21
2026-05-19 06:41:06,22.75,87.77,1006.9,15.24,39.6,6.21
2026-05-19 06:51:06,23.95,87.48,1013.24,15.04,39.06,6.23
2026-05-19 07:01:06,24.02,87.7,1012.25,15.56,39.02,6.19
2026-05-19 07:11:06,23.45,86.9,1012.33,15.46,39.54,6.23
2026-05-19 07:21:06,24.12,87.96,1014.52,15.29,38.4,6.16
2026-05-19 07:31:06,24.09,87.32,1011.44,15.91,39.29,6.21
2026-05-19 07:41:06,23.78,86.6,1012.42,15.69,39.06,6.2
2026-05-19 07:51:06,24.01,87.03,1013.79,15.83,38.9,6.21
2026-05-19 08:01:06,24.8,86.9,1012.28,16.12,39.14,6.19
2026-05-19 08:11:06,24.78,86.52,1012.02,16.27,38.7,6.18
2026-05-19 08:21:06,24.22,86.71,1012.08,16.09,39.24,6.18
2026-05-19 08:31:06,24.83,86.26,1011.64,16.54,38.64,6.16
2026-05-19 08:41:06,24.77,86.94,1012.42,16.66,39.43,6.22
2026-05-19 08:51:06,25.13,85.84,1007.6,16.59,38.84,6.23
2026-05-19 09:01:06,26.02,86.48,1012.26,16.9,38.73,6.23
2026-05-19 09:11:06,25.61,86.24,1010.18,16.94,39.34,6.21
2026-05-19 09:21:06,25.64,86.7,1012.35,17.36,39.23,6.2
2026-05-19 09:31:06,25.93,86.16,1010.24,17.62,38.61,6.2
2026-05-19 09:41:06,26.06,85.82,1013.61,17.84,38.1,6.21
2026-05-19 09:51:06,26.07,85.27,1011.82,18.11,38.36,6.2
2026-05-19 10:01:06,26.08,85.68,1009.37,18.2,38.81,6.16
2026-05-19 10:11:06,26.77,85.83,1011.59,18.2,38.9,6.19
2026-05-19 10:21:06,26.21,84.76,1014.27,18.35,39.9,6.17
2026-05-19 10:31:06,25.88,85.97,1012.11,18.44,38.53,6.19
2026-05-19 10:41:06,26.73,84.19,1014.55,18.7,38.83,6.21
2026-05-19 10:51:06,26.59,84.86,1012.25,19.09,39.21,6.22
2026-05-19 11:01:06,27.34,85.01,1009.3,19.15,39.14,6.19
2026-05-19 11:11:06,27.45,85.85,1014.41,18.71,39.1,6.17
2026-05-19 11:21:06,27.05,84.65,1010.7,19.51,39.3,6.21
2026-05-19 11:31:06,27.03,84.9,1009.31,20.01,39.31,6.19
2026-05-19 11:41:06,27.01,84.4,1009.4,19.72,38.31,6.21
2026-05-19 11:51:06,27.33,84.84,1011.78,20.03,39.05,6.21
2026-05-19 12:01:06,27.23,84.36,1013.17,20.18,38.89,6.19
2026-05-19 12:11:06,27.88,85.65,1012.1,20.19,39.57,6.16
2026-05-19 12:21:06,27.6,84.18,1012.36,20.31,38.74,6.2
2026-05-19 12:31:06,27.59,84.0,1008.6,20.43,38.88,6.2
2026-05-19 12:41:06,27.47,84.17,1013.11,20.47,39.05,6.22
2026-05-19 12:51:06,27.73,84.33,1013.99,20.92,38.93,6.22
2026-05-19 13:01:06,27.35,84.99,1013.99,20.83,39.21,6.22
2026-05-19 13:11:06,27.63,84.45,1013.03,21.13,38.42,6.2
2026-05-19 13:21:06,27.61,84.8,1012.6,21.14,38.76,6.23
2026-05-19 13:31:06,27.81,84.5,1011.19,21.73,39.02,6.18
2026-05-19 13:41:06,27.76,84.0,1011.97,21.32,38.92,6.22
2026-05-19 13:51:06,27.64,84.04,1010.05,21.57,39.0,6.17
2026-05-19 14:01:06,28.0,84.06,1010.56,21.57,38.16,6.2
2026-05-19 14:11:06,28.0,84.0,1011.6,21.56,39.59,6.15
2026-05-19 14:21:06,27.3,84.0,1010.28,21.52,39.27,6.18
2026-05-19 14:31:06,27.95,84.18,1012.74,21.57,39.19,6.21
2026-05-19 14:41:06,27.75,84.29,1013.1,21.9,39.49,6.19
2026-05-19 14:51:06,27.38,84.94,1010.07,21.58,38.72,6.16
2026-05-19 15:01:06,27.82,84.24,1011.94,21.66,38.64,6.21
2026-05-19 15:11:06,28.0,84.0,1011.09,21.84,37.88,6.18
2026-05-19 15:21:06,27.66,84.0,1014.51,21.83,38.32,6.2
2026-05-19 15:31:06,27.49,84.0,1013.13,21.84,37.99,6.2
2026-05-19 15:41:06,27.52,84.84,1011.82,21.78,39.29,6.2
2026-05-19 15:51:06,27.98,84.77,1014.01,22.17,39.78,6.2
2026-05-19 16:01:06,27.58,84.85,1009.76,21.8,37.7,6.19
2026-05-19 16:11:06,27.62,84.26,1012.27,21.98,38.55,6.23
2026-05-19 16:21:06,27.76,84.79,1011.3,22.18,38.47,6.19
2026-05-19 16:31:06,28.0,84.94,1012.74,21.71,38.12,6.19
2026-05-19 16:41:06,27.28,85.51,1010.82,22.04,38.72,6.19
2026-05-19 16:51:06,27.31,84.82,1011.97,21.72,38.37,6.19
2026-05-19 17:01:06,26.94,85.3,1011.48,21.71,38.59,6.19
2026-05-19 17:11:06,26.7,84.56,1011.29,21.84,38.59,6.19
2026-05-19 17:21:06,26.66,85.7,1010.65,21.33,38.36,6.2
2026-05-19 17:31:06,26.41,84.8,1012.69,21.68,39.29,6.17
2026-05-19 17:41:06,26.99,85.13,1011.9,21.49,38.98,6.21
2026-05-19 17:51:06,26.21,85.82,1012.96,21.71,39.01,6.21
2026-05-19 18:01:06,26.22,84.94,1010.55,21.42,39.56,6.21
2026-05-19 18:11:06,25.99,85.21,1008.43,21.03,38.89,6.22
2026-05-19 18:21:06,25.44,86.87,1015.75,21.15,39.1,6.2
2026-05-19 18:31:06,25.79,85.17,1014.03,20.94,38.8,6.24
2026-05-19 18:41:06,25.86,85.95,1010.83,21.03,38.38,6.2
2026-05-19 18:51:06,25.29,86.02,1011.45,21.16,38.96,6.19
2026-05-19 19:01:06,25.35,86.37,1010.64,20.63,38.28,6.19
2026-05-19 19:11:06,25.59,86.28,1013.27,20.56,39.28,6.21
2026-05-19 19:21:06,25.18,86.46,1009.57,20.32,39.46,6.19
2026-05-19 19:31:06,24.6,87.72,1012.45,19.84,39.01,6.21
2026-05-19 19:41:06,24.99,87.23,1013.29,20.02,38.47,6.2
2026-05-19 19:51:06,25.06,86.16,1009.89,20.02,38.54,6.18
2026-05-19 20:01:06,24.39,86.21,1016.46,20.27,38.9,6.21
2026-05-19 20:11:06,24.81,87.33,1010.67,19.88,38.55,6.22
2026-05-19 20:21:06,23.8,86.83,1010.31,19.58,39.23,6.25
2026-05-19 20:31:06,24.2,87.5,1013.63,19.61,38.99,6.2
2026-05-19 20:41:06,23.71,86.93,1011.61,19.21,38.67,6.23
2026-05-19 20:51:06,23.73,87.95,1013.77,19.06,39.01,6.17
2026-05-19 21:01:06,22.81,87.79,1012.83,18.8,38.04,6.19
2026-05-19 21:11:06,23.17,87.52,1015.34,18.74,38.57,6.2
2026-05-19 21:21:06,23.47,87.72,1013.35,18.99,38.9,6.21
2026-05-19 21:31:06,22.88,88.74,1011.3,18.41,38.47,6.18
2026-05-19 21:41:06,22.87,88.64,1012.15,18.12,38.94,6.2
2026-05-19 21:51:06,22.43,89.33,1012.43,18.09,38.1,6.22
2026-05-19 22:01:06,22.8,88.48,1014.52,17.69,39.07,6.21
2026-05-19 22:11:06,22.47,89.57,1013.51,17.48,39.03,6.21
2026-05-19 22:21:06,22.38,88.77,1012.57,17.56,38.26,6.2
2026-05-19 22:31:06,22.18,88.65,1010.56,17.24,39.39,6.19
2026-05-19 22:41:06,22.28,88.54,1012.45,17.25,38.81,6.21
2026-05-19 22:51:06,21.97,88.8,1012.01,17.09,39.34,6.22
2026-05-19 23:01:06,22.77,89.75,1012.91,16.7,38.86,6.23
2026-05-19 23:11:06,22.5,89.11,1012.41,16.8,38.04,6.19
2026-05-19 23:21:06,21.97,89.56,1010.07,16.6,38.42,6.2
2026-05-19 23:31:06,21.53,88.82,1011.97,16.51,39.2,6.19
2026-05-19 23:41:06,21.8,89.8,1014.5,16.31,38.18,6.21
2026-05-19 23:51:06,21.53,89.31,1015.39,16.25,37.99,6.21
2026-05-20 00:01:06,21.27,89.89,1009.85,16.05,37.74,6.18
2026-05-20 00:11:06,21.18,89.96,1011.44,15.77,38.66,6.23
2026-05-20 00:21:06,21.22,88.64,1014.22,15.45,38.26,6.22
2026-05-20 00:31:06,21.75,90.0,1011.54,15.66,38.22,6.25
2026-05-20 00:41:06,21.0,90.0,1012.26,15.01,38.3,6.2
2026-05-20 00:51:06,21.06,90.0,1008.96,15.13,38.73,6.19
2026-05-20 01:01:06,21.24,89.58,1013.43,15.05,38.45,6.23
2026-05-20 01:11:06,21.0,90.0,1013.53,14.98,38.13,6.2
2026-05-20 01:21:06,21.0,90.0,1011.21,15.28,38.89,6.2
2026-05-20 01:31:06,21.3,89.89,1014.82,14.68,37.91,6.2
2026-05-20 01:41:06,21.0,89.82,1012.41,15.06,38.13,6.2
2026-05-20 01:51:06,21.04,90.0,1009.43,14.82,37.05,6.22
2026-05-20 02:01:06,21.0,89.63,1013.02,14.85,38.38,6.22
2026-05-20 02:11:06,21.02,90.0,1011.64,14.48,38.69,6.17
2026-05-20 02:21:06,21.13,90.0,1011.9,14.37,39.36,6.23
2026-05-20 02:31:06,21.01,90.0,1012.82,14.29,38.56,6.21
2026-05-20 02:41:06,21.0,90.0,1012.47,14.33,37.45,6.2
2026-05-20 02:51:06,21.0,89.92,1011.89,14.28,39.12,6.22
2026-05-20 03:01:06,21.35,89.09,1010.31,13.97,39.35,6.18
2026-05-20 03:11:06,21.31,90.0,1009.86,13.94,38.94,6.19
2026-05-20 03:21:06,21.0,90.0,1011.93,14.08,37.35,6.19
2026-05-20 03:31:06,21.02,90.0,1011.41,13.73,38.53,6.18
2026-05-20 03:41:06,21.55,90.0,1011.18,13.86,38.26,6.23
2026-05-20 03:51:06,21.23,89.51,1015.47,13.84,38.26,6.2
2026-05-20 04:01:06,21.59,89.62,1011.22,13.99,37.62,6.24
2026-05-20 04:11:06,21.57,89.57,1011.87,13.75,38.57,6.21
2026-05-20 04:21:06,21.66,89.9,1012.7,13.86,37.78,6.22
2026-05-20 04:31:06,21.69,89.15,1014.34,14.09,38.62,6.2
2026-05-20 04:41:06,22.21,88.27,1011.15,13.83,37.5,6.2
2026-05-20 04:51:06,21.65,89.11,1010.86,14.0,38.39,6.22
2026-05-20 05:01:06,21.63,89.28,1013.86,14.05,37.78,6.21
2026-05-20 05:11:06,21.85,88.88,1012.92,14.33,38.64,6.21
2026-05-20 05:21:06,21.87,89.33,1011.61,14.05,38.24,6.21
2026-05-20 05:31:06,22.18,89.26,1012.94,14.64,38.5,6.19
2026-05-20 05:41:06,22.62,87.69,1010.93,14.09,38.14,6.22
2026-05-20 05:51:06,22.34,88.48,1011.11,14.47,38.44,6.21
2026-05-20 06:01:06,22.24,88.84,1014.05,14.66,37.62,6.18
2026-05-20 06:11:06,23.06,88.77,1012.23,14.5,38.25,6.23
2026-05-20 06:21:06,22.49,88.05,1012.45,14.44,38.78,6.2
2026-05-20 06:31:06,22.92,88.09,1009.45,14.65,38.6,6.19
2026-05-20 06:41:06,23.43,88.0,1010.43,14.78,37.58,6.2
2026-05-20 06:51:06,23.05,88.26,1012.57,14.98,37.85,6.18
2026-05-20 07:01:06,23.53,87.48,1011.0,15.56,38.15,6.17
2026-05-20 07:11:06,23.77,87.44,1014.23,14.96,38.8,6.18
2026-05-20 07:21:06,23.83,87.47,1011.43,15.47,38.67,6.18
2026-05-20 07:31:06,24.33,87.19,1013.65,15.79,38.97,6.2
2026-05-20 07:41:06,24.39,87.38,1012.07,15.87,37.94,6.18
2026-05-20 07:51:06,24.07,88.12,1012.6,16.05,38.32,6.19
2026-05-20 08:01:06,24.75,87.21,1012.22,15.9,37.72,6.21
2026-05-20 08:11:06,24.43,87.21,1010.55,15.8,37.96,6.17
2026-05-20 08:21:06,25.33,85.92,1013.04,16.36,38.07,6.2
2026-05-20 08:31:06,24.98,86.88,1011.32,16.03,38.56,6.19
2026-05-20 08:41:06,25.34,86.69,1011.96,16.88,38.18,6.19
2026-05-20 08:51:06,25.87,86.21,1012.81,16.91,39.04,6.23
2026-05-20 09:01:06,25.42,85.84,1013.54,17.22,37.94,6.22
2026-05-20 09:11:06,25.49,86.25,1008.68,17.19,36.94,6.22
2026-05-20 09:21:06,25.67,85.86,1012.5,17.19,39.54,6.23
2026-05-20 09:31:06,26.43,85.81,1010.17,17.48,38.52,6.21
2026-05-20 09:41:06,25.69,85.97,1010.97,17.64,38.0,6.19
2026-05-20 09:51:06,25.98,85.32,1011.6,17.7,39.21,6.2
2026-05-20 10:01:06,26.55,85.83,1013.52,17.52,38.54,6.19
2026-05-20 10:11:06,26.74,85.71,1011.53,18.05,36.91,6.2
2026-05-20 10:21:06,26.5,85.46,1011.77,18.1,37.35,6.19
2026-05-20 10:31:06,26.79,85.09,1011.73,18.16,39.14,6.18
2026-05-20 10:41:06,26.67,84.48,1012.77,18.6,37.74,6.2
2026-05-20 10:51:06,27.3,86.12,1010.36,18.87,36.81,6.21
2026-05-20 11:01:06,27.09,85.2,1009.76,19.12,38.56,6.17
2026-05-20 11:11:06,27.08,84.94,1011.17,19.42,37.72,6.21
2026-05-20 11:21:06,27.49,84.09,1011.29,19.51,38.07,6.2
2026-05-20 11:31:06,27.31,84.0,1009.68,19.69,39.16,6.25
2026-05-20 11:41:06,27.29,84.52,1010.9,19.77,38.54,6.23
2026-05-20 11:51:06,27.46,84.05,1011.0,19.69,38.71,6.2
2026-05-20 12:01:06,27.35,84.4,1011.84,20.05,38.08,6.23
2026-05-20 12:11:06,27.67,84.39,1012.22,20.07,38.2,6.21
2026-05-20 12:21:06,27.82,84.36,1015.49,20.12,36.76,6.18
2026-05-20 12:31:06,27.94,84.01,1011.17,20.45,37.53,6.21
2026-05-20 12:41:06,27.65,84.5,1013.57,20.43,38.41,6.21
2026-05-20 12:51:06,27.84,84.26,1011.87,20.97,37.89,6.22
2026-05-20 13:01:06,28.0,84.0,1013.87,21.01,38.02,6.19
2026-05-20 13:11:06,27.91,84.36,1010.42,21.23,38.03,6.21
2026-05-20 13:21:06,28.0,84.0,1012.91,21.05,37.8,6.22
2026-05-20 13:31:06,27.55,84.26,1010.7,21.33,38.29,6.19
2026-05-20 13:41:06,28.0,84.09,1012.41,21.2,37.99,6.19
2026-05-20 13:51:06,28.0,84.68,1012.25,21.5,38.43,6.21
2026-05-20 14:01:06,28.0,84.6,1010.9,21.44,37.64,6.19
2026-05-20 14:11:06,27.86,85.1,1012.65,21.46,38.33,6.23
2026-05-20 14:21:06,27.29,84.96,1014.33,21.93,38.35,6.21
2026-05-20 14:31:06,28.0,84.03,1013.46,21.98,38.09,6.2
2026-05-20 14:41:06,27.58,84.0,1014.04,21.66,37.26,6.19
2026-05-20 14:51:06,27.73,84.33,1012.21,21.78,38.88,6.23
2026-05-20 15:01:06,27.67,84.0,1012.77,21.71,38.16,6.22
2026-05-20 15:11:06,27.6,84.08,1011.45,21.6,38.29,6.19
2026-05-20 15:21:06,27.98,84.36,1011.78,21.99,38.05,6.25
2026-05-20 15:31:06,28.0,84.0,1010.95,22.2,37.99,6.21
2026-05-20 15:41:06,27.29,84.65,1014.59,22.26,37.46,6.21
2026-05-20 15:51:06,27.63,84.52,1012.17,21.96,38.49,6.19
2026-05-20 16:01:06,27.11,84.92,1010.02,22.36,37.9,6.18
2026-05-20 16:11:06,27.2,84.21,1013.14,22.03,38.37,6.21
2026-05-20 16:21:06,27.07,84.31,1012.22,22.28,38.45,6.23
2026-05-20 16:31:06,27.37,86.02,1013.43,22.29,37.53,6.22
2026-05-20 16:41:06,27.09,84.0,1010.21,21.87,38.29,6.22
2026-05-20 16:51:06,26.99,85.27,1010.61,21.97,37.63,6.2
2026-05-20 17:01:06,26.55,84.91,1012.45,21.8,37.87,6.18
2026-05-20 17:11:06,26.76,85.39,1011.21,21.99,38.22,6.16
2026-05-20 17:21:06,26.74,85.2,1010.72,21.64,38.25,6.21
2026-05-20 17:31:06,26.66,84.39,1011.21,21.62,38.76,6.25
2026-05-20 17:41:06,26.77,85.33,1012.03,21.81,38.29,6.23
2026-05-20 17:51:06,26.68,85.8,1012.96,21.68,37.94,6.18
2026-05-20 18:01:06,26.38,85.68,1011.94,21.58,37.3,6.2
2026-05-20 18:11:06,26.2,86.01,1009.07,21.43,37.85,6.19
2026-05-20 18:21:06,25.96,86.5,1013.51,21.28,38.01,6.21
2026-05-20 18:31:06,25.87,85.73,1011.38,21.34,37.45,6.21
2026-05-20 18:41:06,26.23,85.08,1010.44,20.85,38.33,6.21
2026-05-20 18:51:06,25.91,86.28,1014.37,21.29,38.42,6.23
2026-05-20 19:01:06,24.74,86.37,1012.34,20.88,37.99,6.19
2026-05-20 19:11:06,25.33,85.64,1013.02,20.5,38.0,6.21
2026-05-20 19:21:06,25.65,86.67,1008.89,20.75,38.36,6.15
2026-05-20 19:31:06,24.87,85.73,1014.24,20.3,38.41,6.21
2026-05-20 19:41:06,24.8,86.76,1012.16,20.37,38.15,6.23
2026-05-20 19:51:06,24.76,86.82,1014.17,20.35,37.91,6.24
2026-05-20 20:01:06,24.16,86.46,1012.41,19.85,39.04,6.18
2026-05-20 20:11:06,24.49,87.2,1012.38,19.84,38.28,6.23
2026-05-20 20:21:06,24.34,86.97,1012.85,19.54,37.97,6.19
2026-05-20 20:31:06,24.09,87.64,1011.71,19.14,38.55,6.23
2026-05-20 20:41:06,23.58,88.12,1013.33,19.27,38.7,6.2
2026-05-20 20:51:06,23.13,88.06,1014.01,19.0,38.2,6.22
2026-05-20 21:01:06,23.77,87.32,1012.39,19.17,37.58,6.19
2026-05-20 21:11:06,23.56,88.2,1012.75,19.17,38.32,6.19
2026-05-20 21:21:06,22.98,87.62,1011.47,18.29,37.78,6.16
2026-05-20 21:31:06,23.35,88.17,1014.18,18.75,37.95,6.19
2026-05-20 21:41:06,22.79,88.91,1012.91,18.35,37.55,6.2
2026-05-20 21:51:06,22.42,88.1,1014.31,18.1,38.14,6.2
2026-05-20 22:01:06,22.94,88.47,1014.61,17.95,38.97,6.22
2026-05-20 22:11:06,23.2,87.95,1011.52,17.54,37.91,6.21
2026-05-20 22:21:06,22.57,88.99,1012.43,17.92,37.54,6.23
2026-05-20 22:31:06,22.29,89.22,1011.86,17.27,38.18,6.15
2026-05-20 22:41:06,22.21,89.54,1012.88,17.13,37.99,6.2
2026-05-20 22:51:06,22.24,88.08,1011.21,17.21,37.76,6.18
2026-05-20 23:01:06,21.86,88.71,1014.39,17.46,38.39,6.2
2026-05-20 23:11:06,22.13,88.91,1010.51,17.08,37.88,6.19
2026-05-20 23:21:06,22.29,89.35,1010.68,16.88,38.32,6.19
2026-05-20 23:31:06,22.21,88.9,1011.84,16.67,38.14,6.18
2026-05-20 23:41:06,21.97,89.02,1011.67,15.96,37.42,6.2
2026-05-20 23:51:06,21.75,89.65,1011.51,16.23,37.71,6.17
2026-05-21 00:01:06,22.33,89.54,1011.47,15.97,37.88,6.2
2026-05-21 00:11:06,21.5,89.13,1014.08,15.98,37.75,6.15
2026-05-21 00:21:06,21.32,89.03,1010.14,15.59,38.44,6.19
2026-05-21 00:31:06,21.08,89.41,1013.88,15.4,37.63,6.2
2026-05-21 00:41:06,21.54,89.8,1012.58,15.22,37.36,6.19
2026-05-21 00:51:06,21.27,89.5,1010.06,15.33,38.47,6.18
2026-05-21 01:01:06,21.22,89.91,1011.46,15.38,37.24,6.21
2026-05-21 01:11:06,21.28,89.36,1009.87,14.64,38.0,6.22
2026-05-21 01:21:06,21.27,90.0,1013.38,14.54,38.53,6.2
2026-05-21 01:31:06,21.52,89.39,1012.28,14.79,37.57,6.21
2026-05-21 01:41:06,21.0,89.91,1012.64,14.89,37.55,6.21
2026-05-21 01:51:06,21.17,89.51,1011.67,14.93,38.27,6.21
2026-05-21 02:01:06,21.0,90.0,1011.02,14.32,39.12,6.19
2026-05-21 02:11:06,21.0,90.0,1012.5,14.43,38.25,6.2
2026-05-21 02:21:06,21.0,90.0,1011.55,14.28,39.06,6.2
2026-05-21 02:31:06,21.15,89.85,1010.19,14.33,37.58,6.19
2026-05-21 02:41:06,21.09,89.67,1011.99,14.34,37.3,6.18
2026-05-21 02:51:06,21.38,90.0,1011.01,14.23,37.5,6.21
2026-05-21 03:01:06,21.08,89.95,1008.99,13.77,37.91,6.17
2026-05-21 03:11:06,21.03,90.0,1013.99,13.91,37.22,6.19
2026-05-21 03:21:06,21.21,90.0,1014.98,13.96,36.52,6.21
2026-05-21 03:31:06,21.34,89.97,1012.24,14.17,37.45,6.22
2026-05-21 03:41:06,21.37,89.53,1009.07,14.29,37.58,6.18
2026-05-21 03:51:06,21.55,89.91,1011.71,13.88,37.61,6.18
2026-05-21 04:01:06,21.13,89.12,1011.63,13.94,37.34,6.2
2026-05-21 04:11:06,21.47,88.99,1012.99,13.89,36.98,6.15
2026-05-21 04:21:06,21.77,90.0,1015.96,14.23,37.7,6.18
2026-05-21 04:31:06,21.78,89.55,1009.65,13.89,38.03,6.22
2026-05-21 04:41:06,21.54,88.58,1012.84,14.11,38.14,6.22
2026-05-21 04:51:06,22.11,89.54,1007.62,13.95,38.04,6.18
2026-05-21 05:01:06,21.72,88.81,1012.43,13.94,38.05,6.22
2026-05-21 05:11:06,22.28,89.04,1013.57,13.97,37.34,6.19
2026-05-21 05:21:06,22.36,89.12,1011.45,14.45,39.06,6.18
2026-05-21 05:31:06,22.59,88.7,1013.17,14.16,37.31,6.21
2026-05-21 05:41:06,22.48,89.07,1011.81,14.11,37.7,6.2
2026-05-21 05:51:06,22.27,88.92,1010.96,14.47,38.45,6.21
2026-05-21 06:01:06,22.43,89.23,1013.18,14.63,37.68,6.18
2026-05-21 06:11:06,22.9,88.46,1010.14,14.66,38.8,6.2
2026-05-21 06:21:06,23.12,88.44,1009.61,15.03,37.79,6.15
2026-05-21 06:31:06,23.24,87.17,1010.38,14.62,37.31,6.22
2026-05-21 06:41:06,23.59,89.04,1014.19,14.81,37.78,6.18
2026-05-21 06:51:06,23.69,88.27,1012.66,15.13,37.32,6.22
2026-05-21 07:01:06,22.97,87.27,1012.91,14.82,37.6,6.2
2026-05-21 07:11:06,23.94,86.95,1011.42,15.31,37.77,6.17
2026-05-21 07:21:06,23.75,86.67,1011.04,15.69,38.29,6.17
2026-05-21 07:31:06,23.89,87.15,1014.45,15.28,37.29,6.24
2026-05-21 07:41:06,24.46,86.31,1011.74,15.75,38.27,6.18
2026-05-21 07:51:06,24.38,87.7,1011.96,16.02,37.36,6.21
2026-05-21 08:01:06,24.61,86.75,1012.25,15.93,37.72,6.21
2026-05-21 08:11:06,24.68,86.51,1010.87,16.05,38.38,6.2
2026-05-21 08:21:06,24.67,87.08,1014.3,16.52,37.51,6.23
2026-05-21 08:31:06,25.67,86.38,1013.22,16.36,37.19,6.2
2026-05-21 08:41:06,25.59,86.57,1012.41,16.63,37.26,6.19
2026-05-21 08:51:06,25.4,86.37,1012.28,16.84,37.43,6.19
2026-05-21 09:01:06,24.94,86.13,1008.91,16.89,37.35,6.19
2026-05-21 09:11:06,25.34,86.34,1014.07,17.4,37.27,6.19
2026-05-21 09:21:06,25.38,85.93,1013.42,17.23,37.51,6.19
2026-05-21 09:31:06,25.5,85.87,1011.6,17.5,38.22,6.19
2026-05-21 09:41:06,26.23,85.42,1014.57,17.3,37.03,6.18
2026-05-21 09:51:06,26.07,86.06,1014.5,18.04,37.43,6.23
2026-05-21 10:01:06,25.75,84.95,1015.19,18.45,37.43,6.2
2026-05-21 10:11:06,26.31,85.23,1010.53,18.2,37.25,6.22
2026-05-21 10:21:06,26.81,84.76,1012.71,18.52,36.94,6.17
2026-05-21 10:31:06,27.0,85.34,1013.52,18.67,37.27,6.17
2026-05-21 10:41:06,26.55,85.53,1012.3,18.79,38.46,6.2
2026-05-21 10:51:06,27.06,85.32,1011.75,18.88,37.34,6.19
2026-05-21 11:01:06,27.06,85.49,1011.72,18.64,37.5,6.18
2026-05-21 11:11:06,27.37,84.2,1012.27,19.65,37.78,6.22
2026-05-21 11:21:06,27.41,84.34,1011.53,19.34,38.54,6.23
2026-05-21 11:31:06,26.71,85.19,1011.94,19.65,37.71,6.21
2026-05-21 11:41:06,27.18,85.03,1013.85,19.96,37.12,6.18
2026-05-21 11:51:06,27.25,84.02,1011.89,19.74,37.98,6.22
2026-05-21 12:01:06,27.21,84.53,1013.21,19.82,38.06,6.22
2026-05-21 12:11:06,27.56,84.23,1012.38,20.71,37.35,6.19
2026-05-21 12:21:06,27.95,84.99,1013.71,20.03,37.86,6.21
2026-05-21 12:31:06,27.94,84.93,1012.83,20.24,38.07,6.22
2026-05-21 12:41:06,27.94,84.59,1011.31,20.46,37.1,6.22
2026-05-21 12:51:06,28.0,85.29,1010.99,20.62,36.33,6.2
2026-05-21 13:01:06,28.0,84.26,1011.1,20.97,37.67,6.21
2026-05-21 13:11:06,28.0,84.0,1014.01,21.11,37.42,6.22
2026-05-21 13:21:06,28.0,84.16,1011.58,20.79,37.13,6.21
2026-05-21 13:31:06,27.92,84.0,1012.53,21.08,37.87,6.21
2026-05-21 13:41:06,27.72,84.26,1014.32,21.0,37.51,6.19
2026-05-21 13:51:06,28.0,84.58,1011.55,21.5,38.29,6.19
2026-05-21 14:01:06,28.0,84.0,1012.37,21.32,37.41,6.18
2026-05-21 14:11:06,27.46,84.0,1014.2,21.52,38.77,6.19
2026-05-21 14:21:06,27.8,84.0,1012.38,22.08,36.64,6.2
2026-05-21 14:31:06,27.97,84.36,1013.83,21.67,36.74,6.18
2026-05-21 14:41:06,27.59,84.0,1013.27,21.78,37.52,6.22
2026-05-21 14:51:06,27.5,84.0,1011.59,21.59,37.06,6.16
2026-05-21 15:01:06,27.64,84.48,1011.12,21.78,37.47,6.23
2026-05-21 15:11:06,27.59,85.01,1010.98,22.09,37.9,6.19
2026-05-21 15:21:06,27.75,84.0,1010.61,22.03,38.06,6.21
2026-05-21 15:31:06,27.34,84.0,1012.4,21.96,37.84,6.19
2026-05-21 15:41:06,27.51,84.0,1012.69,21.93,37.17,6.2
2026-05-21 15:51:06,27.57,84.98,1010.58,21.83,37.83,6.19
2026-05-21 16:01:06,27.59,84.09,1012.34,22.03,37.07,6.16
2026-05-21 16:11:06,27.36,84.27,1012.21,22.23,38.2,6.2
2026-05-21 16:21:06,27.67,84.15,1011.52,21.98,38.59,6.21
2026-05-21 16:31:06,27.17,84.34,1013.69,21.78,38.48,6.22
2026-05-21 16:41:06,27.26,84.84,1012.43,21.96,38.06,6.2
2026-05-21 16:51:06,26.7,84.58,1010.09,21.76,36.89,6.21
2026-05-21 17:01:06,26.96,84.99,1009.91,21.79,37.06,6.21
2026-05-21 17:11:06,27.2,85.46,1011.85,21.89,37.94,6.18
2026-05-21 17:21:06,27.31,84.35,1013.41,21.52,36.78,6.19
2026-05-21 17:31:06,26.88,85.42,1012.6,21.84,37.66,6.19
2026-05-21 17:41:06,26.33,85.81,1011.19,21.85,38.24,6.21
2026-05-21 17:51:06,26.61,85.82,1011.07,21.28,37.8,6.2
2026-05-21 18:01:06,26.21,85.9,1012.55,21.71,37.75,6.23
2026-05-21 18:11:06,26.49,85.61,1012.81,21.29,37.68,6.18
2026-05-21 18:21:06,26.36,85.63,1013.47,21.4,37.36,6.18
2026-05-21 18:31:06,25.72,85.85,1013.11,21.16,37.64,6.19
2026-05-21 18:41:06,25.89,85.76,1014.66,20.94,37.23,6.19
2026-05-21 18:51:06,25.91,85.43,1012.05,21.07,36.83,6.2
2026-05-21 19:01:06,25.31,85.86,1013.72,21.09,37.21,6.21
2026-05-21 19:11:06,26.29,86.79,1009.92,20.64,36.36,6.17
2026-05-21 19:21:06,25.57,86.77,1010.35,20.5,36.78,6.2
2026-05-21 19:31:06,24.34,86.77,1008.22,20.72,37.41,6.24
2026-05-21 19:41:06,24.64,86.83,1012.89,20.71,37.13,6.17
2026-05-21 19:51:06,24.61,86.31,1012.18,20.05,36.62,6.22
2026-05-21 20:01:06,24.01,86.63,1010.53,20.04,37.6,6.19
2026-05-21 20:11:06,24.08,87.05,1014.91,20.0,37.18,6.22
2026-05-21 20:21:06,24.46,87.9,1009.63,19.74,37.16,6.23
2026-05-21 20:31:06,24.28,87.64,1011.82,20.01,36.72,6.22
2026-05-21 20:41:06,24.09,88.42,1011.98,19.54,37.08,6.24
2026-05-21 20:51:06,24.15,87.36,1011.12,19.08,37.45,6.21
2026-05-21 21:01:06,23.92,88.64,1013.53,18.78,36.93,6.2
2026-05-21 21:11:06,23.21,88.38,1013.87,18.79,36.5,6.23
2026-05-21 21:21:06,22.95,87.87,1013.74,18.67,37.5,6.21
2026-05-21 21:31:06,23.09,89.09,1012.85,18.69,36.93,6.18
2026-05-21 21:41:06,22.54,89.44,1010.94,18.3,36.19,6.19
2026-05-21 21:51:06,22.8,89.1,1012.94,18.21,37.13,6.17
2026-05-21 22:01:06,22.41,87.85,1011.47,17.97,37.96,6.24
2026-05-21 22:11:06,22.97,88.65,1013.06,18.05,38.14,6.18
2026-05-21 22:21:06,22.41,88.42,1012.35,17.32,37.87,6.17
2026-05-21 22:31:06,22.23,89.2,1011.95,17.06,37.38,6.19
2026-05-21 22:41:06,22.43,89.18,1012.03,17.35,36.37,6.17
2026-05-21 22:51:06,22.51,89.05,1011.62,17.05,37.26,6.2
2026-05-21 23:01:06,21.95,88.9,1012.66,16.59,37.86,6.21
2026-05-21 23:11:06,22.07,89.77,1011.93,16.9,37.26,6.2
2026-05-21 23:21:06,21.76,89.54,1012.17,16.81,37.34,6.19
2026-05-21 23:31:06,21.6,89.66,1012.82,16.48,37.33,6.21
2026-05-21 23:41:06,21.71,88.36,1008.07,16.59,36.91,6.2
2026-05-21 23:51:06,22.07,89.3,1011.78,15.93,36.72,6.19
2026-05-22 00:01:06,21.33,89.84,1012.37,16.25,37.91,6.25
2026-05-22 00:11:06,21.22,89.87,1009.93,15.76,36.72,6.22
2026-05-22 00:21:06,21.07,90.0,1012.62,15.95,37.01,6.18
2026-05-22 00:31:06,21.54,89.51,1012.2,15.71,36.41,6.21
2026-05-22 00:41:06,21.28,90.0,1013.45,15.41,36.51,6.19
2026-05-22 00:51:06,21.43,90.0,1012.99,15.42,36.74,6.17
2026-05-22 01:01:06,21.12,90.0,1011.73,15.3,36.84,6.17
2026-05-22 01:11:06,21.0,89.76,1011.73,14.67,37.32,6.2
2026-05-22 01:21:06,21.32,89.54,1013.1,14.76,37.47,6.2
2026-05-22 01:31:06,21.21,90.0,1014.58,14.83,37.69,6.21
2026-05-22 01:41:06,21.43,89.78,1011.72,14.89,36.8,6.16
2026-05-22 01:51:06,21.0,90.0,1008.61,14.61,37.03,6.22
2026-05-22 02:01:06,21.0,89.84,1012.2,14.5,36.49,6.22
2026-05-22 02:11:06,21.16,90.0,1012.89,14.53,36.76,6.21
2026-05-22 02:21:06,21.19,90.0,1013.15,14.61,37.05,6.22
2026-05-22 02:31:06,21.17,90.0,1010.81,13.94,37.1,6.24
2026-05-22 02:41:06,21.16,89.32,1010.95,13.89,36.88,6.19
2026-05-22 02:51:06,21.0,89.61,1013.89,14.06,37.15,6.2
2026-05-22 03:01:06,21.34,88.87,1009.86,14.28,36.14,6.19
2026-05-22 03:11:06,21.57,90.0,1010.1,14.0,37.54,6.2
2026-05-22 03:21:06,21.0,90.0,1012.91,14.2,37.21,6.17
2026-05-22 03:31:06,21.14,89.29,1012.01,14.21,36.74,6.19
2026-05-22 03:41:06,21.0,90.0,1011.34,14.02,37.13,6.23
2026-05-22 03:51:06,21.44,89.14,1011.09,13.77,36.86,6.2
2026-05-22 04:01:06,22.23,89.35,1011.88,14.53,37.52,6.2
2026-05-22 04:11:06,21.87,88.49,1012.96,13.78,37.07,6.22
2026-05-22 04:21:06,21.69,89.29,1011.02,14.02,36.56,6.2
2026-05-22 04:31:06,21.85,88.79,1012.72,14.01,36.8,6.19
2026-05-22 04:41:06,21.57,89.28,1013.78,13.82,36.99,6.17
2026-05-22 04:51:06,22.1,89.23,1013.07,14.37,37.38,6.16
2026-05-22 05:01:06,21.44,89.04,1010.16,14.25,36.82,6.22
2026-05-22 05:11:06,21.58,88.71,1012.27,14.36,36.45,6.17
2026-05-22 05:21:06,22.34,89.17,1011.29,14.86,36.42,6.19
2026-05-22 05:31:06,22.82,88.77,1012.32,14.33,37.87,6.21
2026-05-22 05:41:06,22.17,88.4,1012.6,14.39,37.54,6.2
2026-05-22 05:51:06,22.71,88.45,1012.57,14.55,37.36,6.14
2026-05-22 06:01:06,22.98,88.15,1013.26,14.74,37.26,6.18
2026-05-22 06:11:06,23.0,88.55,1009.55,15.0,37.2,6.19
2026-05-22 06:21:06,22.55,87.68,1013.34,14.51,37.11,6.21
2026-05-22 06:31:06,23.57,88.13,1013.06,14.88,36.81,6.19
2026-05-22 06:41:06,23.29,88.11,1010.29,14.91,36.73,6.2
2026-05-22 06:51:06,23.29,87.69,1010.68,15.07,37.26,6.17
2026-05-22 07:01:06,23.6,87.41,1012.1,15.13,36.96,6.21
2026-05-22 07:11:06,23.01,88.28,1010.68,15.47,36.33,6.19
2026-05-22 07:21:06,24.09,87.64,1009.69,15.5,36.41,6.18
2026-05-22 07:31:06,24.14,87.13,1010.81,15.33,37.11,6.2
2026-05-22 07:41:06,24.47,87.41,1012.63,15.84,37.26,6.22
2026-05-22 07:51:06,24.69,87.66,1011.31,15.76,37.15,6.16
2026-05-22 08:01:06,24.46,87.07,1015.03,16.1,37.0,6.21
2026-05-22 08:11:06,24.96,86.63,1012.74,16.23,36.59,6.21
2026-05-22 08:21:06,24.98,87.02,1011.27,16.29,36.87,6.18
2026-05-22 08:31:06,24.94,86.08,1013.74,16.54,36.16,6.19
2026-05-22 08:41:06,25.06,86.62,1011.45,16.82,36.35,6.2
2026-05-22 08:51:06,25.3,85.55,1011.29,16.91,36.93,6.21
2026-05-22 09:01:06,25.6,86.45,1013.16,16.8,37.1,6.18
2026-05-22 09:11:06,25.22,86.45,1010.64,17.22,37.26,6.2
2026-05-22 09:21:06,25.51,86.33,1011.32,17.2,36.52,6.21
2026-05-22 09:31:06,25.97,86.11,1012.25,17.8,37.57,6.2
2026-05-22 09:41:06,25.42,85.33,1012.24,17.45,36.21,6.18
2026-05-22 09:51:06,26.39,85.66,1012.76,17.8,36.93,6.17
2026-05-22 10:01:06,27.01,84.88,1013.9,18.41,36.84,6.23
2026-05-22 10:11:06,26.74,85.76,1011.69,18.39,36.76,6.22
2026-05-22 10:21:06,26.36,84.76,1014.29,18.45,35.87,6.22
2026-05-22 10:31:06,26.98,85.14,1012.01,19.2,36.61,6.22
2026-05-22 10:41:06,27.06,85.06,1011.38,18.9,37.18,6.18
2026-05-22 10:51:06,27.14,85.4,1013.48,19.16,36.22,6.18
2026-05-22 11:01:06,26.87,85.15,1013.31,19.18,37.5,6.18
2026-05-22 11:11:06,26.61,84.67,1010.16,19.25,37.01,6.21
2026-05-22 11:21:06,27.12,85.83,1012.04,19.15,37.35,6.21
2026-05-22 11:31:06,27.0,84.95,1011.68,19.58,37.05,6.2
2026-05-22 11:41:06,27.32,84.17,1008.89,19.71,37.13,6.21
2026-05-22 11:51:06,27.91,84.58,1012.65,20.05,36.11,6.22
2026-05-22 12:01:06,27.04,84.43,1011.0,19.82,36.65,6.21
2026-05-22 12:11:06,28.0,84.08,1014.14,20.37,36.66,6.21
2026-05-22 12:21:06,27.63,84.0,1011.62,20.39,37.01,6.21
2026-05-22 12:31:06,28.0,85.08,1014.6,20.18,36.42,6.2
2026-05-22 12:41:06,28.0,84.68,1012.16,20.73,37.16,6.17
2026-05-22 12:51:06,27.45,84.0,1008.88,20.4,36.65,6.19
2026-05-22 13:01:06,27.67,84.0,1011.93,21.0,35.94,6.22
2026-05-22 13:11:06,27.71,84.0,1012.24,21.24,36.53,6.23
2026-05-22 13:21:06,27.89,84.0,1012.31,21.03,37.46,6.21
2026-05-22 13:31:06,27.88,84.72,1011.47,21.33,36.68,6.23
2026-05-22 13:41:06,27.75,84.0,1011.67,21.39,36.61,6.22
2026-05-22 13:51:06,28.0,84.0,1008.83,21.44,37.37,6.19
2026-05-22 14:01:06,27.72,84.0,1011.26,21.24,37.08,6.2
2026-05-22 14:11:06,27.71,84.0,1011.74,21.48,36.6,6.19
2026-05-22 14:21:06,28.0,84.88,1014.06,21.64,36.68,6.21
2026-05-22 14:31:06,28.0,84.0,1012.35,21.8,36.89,6.2
2026-05-22 14:41:06,27.89,84.0,1011.25,22.01,36.71,6.19
2026-05-22 14:51:06,28.0,84.11,1014.14,22.08,37.08,6.2
2026-05-22 15:01:06,27.84,84.0,1015.1,21.51,36.51,6.21
2026-05-22 15:11:06,27.56,85.2,1013.87,21.7,36.62,6.22
2026-05-22 15:21:06,28.0,84.37,1012.41,22.34,37.81,6.2
2026-05-22 15:31:06,27.74,84.4,1011.1,22.26,37.49,6.19
2026-05-22 15:41:06,27.5,84.14,1011.28,22.11,36.65,6.16
2026-05-22 15:51:06,27.55,84.0,1011.58,21.71,36.81,6.24
2026-05-22 16:01:06,27.83,84.48,1010.37,21.76,36.63,6.23
2026-05-22 16:11:06,26.85,84.34,1014.14,21.94,36.6,6.2
2026-05-22 16:21:06,27.69,85.58,1009.54,21.92,36.1,6.2
2026-05-22 16:31:06,27.0,84.7,1012.67,21.96,36.12,6.21
2026-05-22 16:41:06,27.26,85.77,1013.96,21.74,36.44,6.23
2026-05-22 16:51:06,27.41,85.39,1010.19,21.67,36.29,6.2
2026-05-22 17:01:06,26.73,84.28,1011.85,21.82,36.88,6.22
2026-05-22 17:11:06,27.0,84.61,1012.17,22.07,36.48,6.2
2026-05-22 17:21:06,27.4,85.85,1010.4,21.94,35.66,6.21
2026-05-22 17:31:06,26.58,85.35,1015.48,21.57,36.4,6.18
2026-05-22 17:41:06,25.69,85.61,1010.84,21.65,35.87,6.21
2026-05-22 17:51:06,26.83,84.58,1014.53,21.66,35.97,6.2
2026-05-22 18:01:06,26.1,84.83,1009.9,21.33,36.82,6.2
2026-05-22 18:11:06,26.51,85.22,1013.76,21.56,36.88,6.21
2026-05-22 18:21:06,25.85,86.23,1013.65,21.02,35.89,6.19
2026-05-22 18:31:06,25.5,85.94,1012.21,20.88,36.88,6.2
2026-05-22 18:41:06,26.32,86.14,1011.91,20.89,36.73,6.25
2026-05-22 18:51:06,25.62,84.31,1012.08,20.96,37.24,6.2
2026-05-22 19:01:06,25.36,85.55,1011.72,21.12,37.5,6.21
2026-05-22 19:11:06,25.35,86.58,1010.54,20.8,36.85,6.17
2026-05-22 19:21:06,25.31,87.41,1011.83,20.47,36.34,6.17
2026-05-22 19:31:06,25.13,85.68,1011.85,20.28,36.29,6.17
2026-05-22 19:41:06,24.3,86.77,1010.24,19.98,36.98,6.21
2026-05-22 19:51:06,24.11,86.9,1011.82,20.03,36.56,6.23
2026-05-22 20:01:06,24.72,87.13,1010.88,20.24,36.71,6.17
2026-05-22 20:11:06,24.42,87.36,1009.36,19.95,36.47,6.21
2026-05-22 20:21:06,23.98,86.23,1012.51,19.99,36.22,6.22
2026-05-22 20:31:06,24.47,86.88,1013.07,19.59,36.69,6.2
2026-05-22 20:41:06,23.67,87.01,1011.94,19.6,36.84,6.24
2026-05-22 20:51:06,24.17,87.27,1015.27,19.28,36.72,6.21
2026-05-22 21:01:06,23.32,87.67,1012.08,19.36,36.13,6.22
2026-05-22 21:11:06,23.47,88.47,1010.67,18.64,37.51,6.22
2026-05-22 21:21:06,23.83,88.26,1010.51,18.84,36.48,6.16
2026-05-22 21:31:06,23.13,88.86,1010.46,18.72,36.15,6.17
2026-05-22 21:41:06,22.47,88.43,1009.96,18.35,36.25,6.24
2026-05-22 21:51:06,22.82,87.78,1011.5,18.21,36.12,6.22
2026-05-22 22:01:06,22.87,88.86,1012.15,17.87,35.81,6.21
2026-05-22 22:11:06,23.22,87.88,1012.61,17.87,37.73,6.2
2026-05-22 22:21:06,22.39,89.36,1012.35,17.2,37.57,6.21
2026-05-22 22:31:06,22.31,88.5,1008.49,17.71,36.27,6.19
2026-05-22 22:41:06,22.58,88.32,1010.91,17.49,36.72,6.2
2026-05-22 22:51:06,22.18,88.41,1012.86,16.89,36.92,6.22
2026-05-22 23:01:06,22.31,89.06,1011.96,17.19,36.54,6.17
2026-05-22 23:11:06,22.42,88.72,1013.5,16.66,36.33,6.17
2026-05-22 23:21:06,21.93,90.0,1013.12,16.48,36.1,6.2
2026-05-22 23:31:06,21.44,89.31,1011.04,16.26,36.17,6.17
2026-05-22 23:41:06,21.43,88.71,1015.08,16.36,36.36,6.21
2026-05-22 23:51:06,21.87,89.38,1013.15,16.03,36.6,6.18
2026-05-23 00:01:06,21.36,90.0,1011.6,16.12,37.0,6.2
2026-05-23 00:11:06,21.33,89.59,1013.77,15.4,37.42,6.19
2026-05-23 00:21:06,21.8,88.77,1009.72,15.76,36.53,6.18
2026-05-23 00:31:06,21.21,90.0,1012.57,15.45,36.21,6.2
2026-05-23 00:41:06,21.57,89.68,1011.41,15.27,35.8,6.18
2026-05-23 00:51:06,21.17,89.56,1010.0,15.69,36.81,6.16
2026-05-23 01:01:06,21.12,89.98,1009.87,15.14,36.87,6.19
2026-05-23 01:11:06,21.0,90.0,1012.4,15.09,36.25,6.2
2026-05-23 01:21:06,21.04,89.52,1010.64,14.88,35.92,6.23
2026-05-23 01:31:06,21.0,90.0,1011.08,14.68,36.37,6.19
2026-05-23 01:41:06,21.0,90.0,1015.18,14.75,36.26,6.2
2026-05-23 01:51:06,21.03,90.0,1010.54,14.24,36.17,6.19
2026-05-23 02:01:06,21.0,89.6,1010.37,14.24,36.31,6.19
2026-05-23 02:11:06,21.41,90.0,1011.93,14.45,36.7,6.21
2026-05-23 02:21:06,21.0,90.0,1011.77,14.52,36.18,6.21
2026-05-23 02:31:06,21.0,89.97,1011.34,14.17,36.49,6.2
2026-05-23 02:41:06,21.34,89.29,1009.76,14.39,36.83,6.22
2026-05-23 02:51:06,21.14,90.0,1012.39,14.13,37.47,6.18
2026-05-23 03:01:06,21.36,90.0,1012.3,13.97,37.09,6.22
2026-05-23 03:11:06,21.9,89.61,1011.79,14.01,36.22,6.23
2026-05-23 03:21:06,21.03,89.87,1014.7,14.24,36.33,6.18
2026-05-23 03:31:06,21.42,89.15,1013.4,13.8,37.16,6.24
2026-05-23 03:41:06,21.33,89.6,1014.28,13.64,35.66,6.21
2026-05-23 03:51:06,21.2,89.85,1010.21,13.59,35.17,6.2
2026-05-23 04:01:06,21.0,90.0,1012.7,13.84,35.86,6.23
2026-05-23 04:11:06,21.42,89.77,1012.42,14.15,35.52,6.26
2026-05-23 04:21:06,21.66,90.0,1012.68,14.03,36.25,6.21
2026-05-23 04:31:06,21.74,89.63,1010.07,14.21,36.44,6.17
2026-05-23 04:41:06,21.65,89.71,1011.76,13.96,35.61,6.19
2026-05-23 04:51:06,21.85,89.61,1010.76,14.14,36.18,6.19
2026-05-23 05:01:06,22.21,88.08,1012.87,14.11,36.85,6.23
2026-05-23 05:11:06,22.54,89.22,1011.14,14.13,36.32,6.21
2026-05-23 05:21:06,22.03,89.23,1010.48,13.68,35.77,6.21
2026-05-23 05:31:06,22.45,88.48,1011.57,14.25,36.91,6.21
2026-05-23 05:41:06,22.32,89.26,1010.86,14.64,35.62,6.17
2026-05-23 05:51:06,22.73,88.06,1009.92,14.34,35.94,6.21
2026-05-23 06:01:06,22.55,88.33,1013.03,14.13,36.62,6.21
2026-05-23 06:11:06,22.57,88.44,1011.69,14.82,36.36,6.22
2026-05-23 06:21:06,22.76,87.58,1014.16,14.67,35.77,6.16
2026-05-23 06:31:06,23.12,88.39,1012.93,15.17,37.34,6.22
2026-05-23 06:41:06,23.16,88.61,1009.93,15.12,35.71,6.2
2026-05-23 06:51:06,23.3,88.29,1011.51,14.97,35.91,6.22
2026-05-23 07:01:06,23.71,87.58,1010.84,15.04,36.94,6.2
2026-05-23 07:11:06,23.71,87.6,1011.91,15.33,36.03,6.18
2026-05-23 07:21:06,24.05,87.13,1012.02,15.48,36.76,6.2
2026-05-23 07:31:06,24.44,86.73,1013.07,15.82,37.56,6.22
2026-05-23 07:41:06,24.32,86.43,1012.71,15.75,36.24,6.17
2026-05-23 07:51:06,23.84,86.84,1012.0,15.79,35.51,6.21
2026-05-23 08:01:06,24.59,87.81,1010.41,15.91,36.52,6.19
2026-05-23 08:11:06,25.01,87.17,1013.87,16.07,37.01,6.2
2026-05-23 08:21:06,24.58,87.44,1011.99,16.08,36.02,6.19
2026-05-23 08:31:06,25.5,86.96,1012.73,16.62,35.31,6.21
2026-05-23 08:41:06,25.34,85.77,1009.98,16.67,36.9,6.2
2026-05-23 08:51:06,24.92,85.88,1012.28,16.97,36.57,6.21
2026-05-23 09:01:06,25.27,85.95,1013.59,16.52,36.45,6.2
2026-05-23 09:11:06,25.85,85.91,1013.79,17.14,36.53,6.2
2026-05-23 09:21:06,25.98,86.78,1014.31,17.25,36.26,6.2
2026-05-23 09:31:06,25.5,85.85,1012.63,17.28,36.26,6.19
2026-05-23 09:41:06,25.66,85.01,1012.43,17.39,37.1,6.22
2026-05-23 09:51:06,26.42,85.5,1011.88,18.0,37.17,6.2
2026-05-23 10:01:06,26.19,86.1,1014.14,18.02,35.47,6.23
2026-05-23 10:11:06,26.32,85.42,1012.14,18.19,36.46,6.16
2026-05-23 10:21:06,26.17,86.5,1011.62,18.4,35.4,6.2
2026-05-23 10:31:06,26.83,85.6,1012.33,18.29,35.76,6.2
2026-05-23 10:41:06,26.18,85.34,1011.39,18.6,36.41,6.21
2026-05-23 10:51:06,26.95,84.83,1013.96,18.78,36.81,6.2
2026-05-23 11:01:06,26.62,84.68,1012.45,19.32,36.0,6.22
2026-05-23 11:11:06,27.24,84.63,1013.23,19.25,37.04,6.22
2026-05-23 11:21:06,27.11,84.09,1012.08,19.38,36.43,6.22
2026-05-23 11:31:06,27.82,84.64,1012.55,19.14,35.18,6.18
2026-05-23 11:41:06,27.11,85.04,1010.61,19.61,35.7,6.19
2026-05-23 11:51:06,27.53,84.7,1012.25,19.73,35.99,6.2
2026-05-23 12:01:06,27.33,84.2,1011.56,19.59,36.75,6.23
2026-05-23 12:11:06,27.32,84.4,1011.66,20.45,36.03,6.19
2026-05-23 12:21:06,27.65,84.0,1012.74,20.47,35.71,6.22
2026-05-23 12:31:06,27.72,84.0,1013.94,20.49,36.75,6.2
2026-05-23 12:41:06,27.55,84.0,1010.57,20.73,35.4,6.19
2026-05-23 12:51:06,27.8,84.22,1013.97,20.63,35.52,6.19
2026-05-23 13:01:06,27.84,84.0,1013.04,20.94,36.45,6.18
2026-05-23 13:11:06,28.0,84.25,1012.28,20.78,36.19,6.21
2026-05-23 13:21:06,28.0,84.29,1011.03,21.38,35.81,6.16
2026-05-23 13:31:06,27.77,84.09,1013.23,21.37,35.99,6.23
2026-05-23 13:41:06,27.64,84.72,1013.44,21.22,36.27,6.2
2026-05-23 13:51:06,28.0,84.0,1012.71,21.16,35.24,6.17
2026-05-23 14:01:06,27.93,84.0,1012.47,21.08,36.64,6.2
2026-05-23 14:11:06,28.0,84.0,1012.33,21.65,36.65,6.2
2026-05-23 14:21:06,27.89,84.0,1013.5,21.78,35.92,6.21
2026-05-23 14:31:06,27.99,84.46,1010.83,21.73,36.0,6.2
2026-05-23 14:41:06,28.0,84.0,1012.47,21.74,36.32,6.22
2026-05-23 14:51:06,27.69,84.0,1012.59,21.61,35.04,6.22
2026-05-23 15:01:06,27.81,84.08,1013.3,21.82,36.35,6.2
2026-05-23 15:11:06,28.0,84.56,1011.56,22.04,36.38,6.18
2026-05-23 15:21:06,27.5,84.0,1013.28,22.13,36.13,6.18
2026-05-23 15:31:06,27.68,84.5,1013.24,22.31,35.25,6.2
2026-05-23 15:41:06,27.49,84.0,1010.37,21.85,36.29,6.21
2026-05-23 15:51:06,27.84,84.13,1011.99,21.81,36.03,6.19
2026-05-23 16:01:06,27.44,85.04,1013.01,21.67,36.37,6.21
2026-05-23 16:11:06,27.74,84.74,1011.97,22.16,35.66,6.18
2026-05-23 16:21:06,27.35,84.17,1008.76,21.77,36.0,6.19
2026-05-23 16:31:06,27.57,85.49,1012.13,21.84,36.16,6.2
2026-05-23 16:41:06,26.83,84.53,1010.62,22.16,36.23,6.22
2026-05-23 16:51:06,26.93,84.58,1013.22,21.79,35.55,6.19
2026-05-23 17:01:06,27.35,84.0,1011.68,22.06,35.12,6.22
2026-05-23 17:11:06,26.66,84.06,1011.53,21.85,36.42,6.18
2026-05-23 17:21:06,26.5,84.57,1011.02,21.9,34.86,6.23
2026-05-23 17:31:06,26.35,85.21,1013.41,21.53,35.51,6.16
2026-05-23 17:41:06,26.09,84.77,1015.41,21.73,35.1,6.2
2026-05-23 17:51:06,26.44,85.73,1012.17,21.17,35.94,6.22
2026-05-23 18:01:06,26.34,84.97,1013.15,21.55,35.47,6.23
2026-05-23 18:11:06,26.17,85.83,1011.31,21.39,36.14,6.21
2026-05-23 18:21:06,25.44,86.0,1013.21,21.32,35.95,6.19
2026-05-23 18:31:06,26.06,85.95,1010.63,21.23,36.66,6.2
2026-05-23 18:41:06,25.39,85.22,1010.11,20.96,36.03,6.2
2026-05-23 18:51:06,25.62,86.23,1011.91,20.71,36.28,6.18
2026-05-23 19:01:06,25.69,85.86,1013.65,20.69,35.76,6.19
2026-05-23 19:11:06,25.38,86.91,1015.42,20.75,35.82,6.17
2026-05-23 19:21:06,25.07,86.41,1014.5,20.56,35.49,6.2
2026-05-23 19:31:06,25.04,85.95,1009.0,20.44,36.06,6.21
2026-05-23 19:41:06,24.21,86.97,1013.22,20.28,35.18,6.21
2026-05-23 19:51:06,24.57,86.14,1014.83,19.88,34.35,6.21
2026-05-23 20:01:06,24.86,85.95,1012.72,20.16,35.48,6.17
2026-05-23 20:11:06,24.5,86.65,1012.69,19.42,35.66,6.22
2026-05-23 20:21:06,24.01,87.12,1012.08,19.98,35.57,6.21
2026-05-23 20:31:06,24.48,87.76,1009.11,19.46,35.32,6.23
2026-05-23 20:41:06,23.69,86.23,1011.08,19.23,36.88,6.2
2026-05-23 20:51:06,23.72,88.19,1012.73,19.04,35.42,6.22
2026-05-23 21:01:06,23.23,88.05,1013.27,19.15,35.24,6.19
2026-05-23 21:11:06,23.14,87.56,1012.25,18.79,36.19,6.2
2026-05-23 21:21:06,22.78,88.14,1008.29,18.65,35.0,6.2
2026-05-23 21:31:06,22.3,87.09,1012.96,18.64,35.59,6.19
2026-05-23 21:41:06,23.15,88.48,1011.09,18.36,35.56,6.19
2026-05-23 21:51:06,22.71,88.16,1009.27,18.05,36.19,6.21
2026-05-23 22:01:06,22.76,88.78,1010.26,17.68,35.32,6.23
2026-05-23 22:11:06,22.19,88.56,1012.47,17.91,36.24,6.22
2026-05-23 22:21:06,22.69,88.0,1012.84,17.75,35.28,6.22
2026-05-23 22:31:06,21.71,87.73,1010.59,17.45,36.02,6.2
2026-05-23 22:41:06,22.34,88.65,1012.12,17.45,35.36,6.22
2026-05-23 22:51:06,21.47,88.96,1011.19,17.07,35.91,6.21
2026-05-23 23:01:06,22.2,89.62,1014.04,16.83,35.98,6.19
2026-05-23 23:11:06,22.03,88.17,1014.49,16.91,35.72,6.23
2026-05-23 23:21:06,22.0,89.37,1013.14,16.58,35.05,6.22
2026-05-23 23:31:06,21.91,89.8,1012.92,16.33,36.11,6.17
2026-05-23 23:41:06,21.73,89.45,1012.52,15.84,35.84,6.21
2026-05-23 23:51:06,21.87,88.32,1014.45,16.05,36.28,6.24
2026-05-24 00:01:06,21.27,90.0,1011.45,16.07,35.6,6.19
2026-05-24 00:11:06,21.16,89.67,1012.72,16.09,35.28,6.22
2026-05-24 00:21:06,21.47,89.59,1012.41,15.57,35.63,6.22
2026-05-24 00:31:06,21.48,89.72,1012.3,15.51,35.78,6.23
2026-05-24 00:41:06,21.38,89.89,1013.05,15.52,35.69,6.22
2026-05-24 00:51:06,21.0,89.84,1013.0,15.05,36.04,6.19
2026-05-24 01:01:06,21.0,90.0,1011.66,15.06,35.16,6.23
2026-05-24 01:11:06,21.1,90.0,1015.2,14.75,35.14,6.17
2026-05-24 01:21:06,21.0,90.0,1011.45,14.81,35.47,6.19
2026-05-24 01:31:06,21.0,90.0,1011.61,14.8,36.13,6.19
2026-05-24 01:41:06,21.12,89.27,1009.49,14.78,34.8,6.2
2026-05-24 01:51:06,21.27,90.0,1011.56,14.62,35.3,6.23
2026-05-24 02:01:06,21.0,90.0,1012.42,14.56,35.94,6.18
2026-05-24 02:11:06,21.0,89.87,1009.09,14.61,35.23,6.19
2026-05-24 02:21:06,21.0,88.71,1011.88,13.91,35.46,6.22
2026-05-24 02:31:06,21.25,90.0,1012.82,14.56,35.39,6.22
2026-05-24 02:41:06,21.0,90.0,1011.4,14.13,35.61,6.2
2026-05-24 02:51:06,21.07,90.0,1012.5,14.48,35.68,6.23
2026-05-24 03:01:06,21.76,89.54,1014.23,14.18,35.92,6.21
2026-05-24 03:11:06,21.34,88.9,1010.3,13.91,36.42,6.19
2026-05-24 03:21:06,21.62,89.24,1011.42,13.99,34.97,6.22
2026-05-24 03:31:06,21.38,89.84,1012.26,14.09,35.5,6.2
2026-05-24 03:41:06,21.27,90.0,1013.92,14.0,35.03,6.23
2026-05-24 03:51:06,21.83,89.29,1009.69,13.92,35.24,6.21
2026-05-24 04:01:06,21.61,89.45,1013.66,13.64,35.62,6.19
2026-05-24 04:11:06,21.01,88.95,1012.5,13.76,36.06,6.18
2026-05-24 04:21:06,21.64,88.62,1011.72,13.97,35.87,6.16
2026-05-24 04:31:06,21.77,88.67,1012.62,14.11,35.62,6.18
2026-05-24 04:41:06,21.89,89.53,1013.27,13.81,35.11,6.19
2026-05-24 04:51:06,21.78,89.52,1010.45,13.91,35.65,6.23
2026-05-24 05:01:06,21.98,89.12,1012.34,14.06,34.79,6.19
2026-05-24 05:11:06,21.97,88.78,1011.87,14.4,35.45,6.22
2026-05-24 05:21:06,22.01,89.01,1013.44,14.66,35.26,6.2
2026-05-24 05:31:06,22.47,89.04,1010.02,14.04,35.95,6.2
2026-05-24 05:41:06,22.33,88.82,1012.58,13.98,35.81,6.21
2026-05-24 05:51:06,22.68,88.64,1013.44,14.39,35.58,6.23
2026-05-24 06:01:06,22.53,88.27,1011.03,14.91,34.92,6.2
2026-05-24 06:11:06,22.97,88.6,1012.0,14.73,35.24,6.22
2026-05-24 06:21:06,23.25,88.47,1012.39,14.73,34.75,6.22
2026-05-24 06:31:06,23.05,88.1,1010.19,14.88,34.62,6.18
2026-05-24 06:41:06,23.04,88.29,1009.68,14.92,35.88,6.19
2026-05-24 06:51:06,22.82,87.39,1013.46,14.93,35.63,6.18
2026-05-24 07:01:06,23.37,87.68,1010.73,15.41,34.75,6.19
2026-05-24 07:11:06,23.91,88.59,1010.56,14.97,35.28,6.18
2026-05-24 07:21:06,23.8,87.27,1010.82,15.13,35.29,6.26
2026-05-24 07:31:06,24.29,87.36,1013.51,15.65,35.03,6.18
2026-05-24 07:41:06,24.31,87.12,1013.63,15.57,35.58,6.23
2026-05-24 07:51:06,24.2,88.37,1013.15,15.74,36.51,6.22
2026-05-24 08:01:06,24.79,87.22,1012.66,16.12,35.71,6.21
2026-05-24 08:11:06,24.9,87.31,1012.01,16.33,36.02,6.24
2026-05-24 08:21:06,25.33,86.74,1012.67,16.44,34.9,6.22
2026-05-24 08:31:06,24.85,86.48,1014.69,16.42,35.79,6.24
2026-05-24 08:41:06,25.97,85.6,1012.31,16.76,35.3,6.2
2026-05-24 08:51:06,25.12,86.39,1011.47,16.72,34.92,6.18
2026-05-24 09:01:06,25.0,86.41,1013.51,17.21,35.26,6.22
2026-05-24 09:11:06,25.8,86.43,1012.06,17.28,35.86,6.18
2026-05-24 09:21:06,25.85,86.7,1011.04,17.29,35.25,6.22
2026-05-24 09:31:06,25.86,85.54,1015.72,17.85,36.06,6.17
2026-05-24 09:41:06,25.94,85.78,1013.01,17.57,34.35,6.17
2026-05-24 09:51:06,26.49,85.75,1009.11,17.54,35.41,6.23
2026-05-24 10:01:06,26.54,85.17,1009.22,17.86,36.06,6.19
2026-05-24 10:11:06,25.69,85.05,1012.07,17.77,34.77,6.23
2026-05-24 10:21:06,26.49,85.22,1010.79,18.63,36.05,6.18
2026-05-24 10:31:06,27.07,84.94,1014.14,18.37,34.95,6.18
2026-05-24 10:41:06,26.1,84.35,1013.35,18.56,34.88,6.23
2026-05-24 10:51:06,26.64,84.75,1012.47,18.74,35.19,6.22
2026-05-24 11:01:06,27.07,84.54,1011.28,19.05,35.61,6.19
2026-05-24 11:11:06,27.35,85.4,1013.01,19.21,35.05,6.17
2026-05-24 11:21:06,27.45,84.79,1014.82,19.2,35.35,6.24
2026-05-24 11:31:06,27.8,84.74,1009.26,19.38,35.9,6.24
2026-05-24 11:41:06,27.56,84.0,1009.95,19.71,35.6,6.21
2026-05-24 11:51:06,27.55,84.11,1011.34,19.89,36.73,6.2
2026-05-24 12:01:06,27.59,84.93,1012.02,19.69,35.44,6.24
2026-05-24 12:11:06,27.87,85.12,1011.38,19.96,34.49,6.21
2026-05-24 12:21:06,27.33,84.39,1012.12,20.45,35.28,6.22
2026-05-24 12:31:06,27.57,84.46,1010.73,20.27,35.16,6.21
2026-05-24 12:41:06,28.0,84.68,1010.77,20.65,34.72,6.2
2026-05-24 12:51:06,27.45,84.15,1010.71,20.89,34.68,6.2
2026-05-24 13:01:06,27.64,84.0,1011.3,20.97,34.48,6.18
2026-05-24 13:11:06,27.68,84.0,1015.39,20.77,35.1,6.23
2026-05-24 13:21:06,27.82,84.87,1012.02,21.25,35.68,6.2
2026-05-24 13:31:06,27.52,84.28,1013.04,21.18,34.8,6.21
2026-05-24 13:41:06,27.36,84.09,1011.32,21.41,34.89,6.2
2026-05-24 13:51:06,28.0,84.0,1011.37,21.05,34.67,6.18
2026-05-24 14:01:06,28.0,84.0,1011.86,21.61,35.63,6.2
2026-05-24 14:11:06,27.64,84.0,1012.31,21.64,36.06,6.18
2026-05-24 14:21:06,27.74,84.0,1010.74,21.41,35.48,6.17
2026-05-24 14:31:06,28.0,84.04,1011.7,21.57,35.17,6.2
2026-05-24 14:41:06,27.83,84.0,1012.47,21.68,36.41,6.2
2026-05-24 14:51:06,27.55,84.16,1010.65,21.58,35.66,6.19
2026-05-24 15:01:06,27.69,84.14,1012.26,22.01,35.36,6.21
2026-05-24 15:11:06,27.37,84.33,1012.54,21.79,34.69,6.18
2026-05-24 15:21:06,27.63,84.01,1009.37,21.74,35.36,6.22
2026-05-24 15:31:06,27.79,84.0,1012.5,22.07,35.75,6.18
2026-05-24 15:41:06,27.91,84.32,1011.28,21.97,35.14,6.21
2026-05-24 15:51:06,27.38,84.77,1011.97,21.89,34.81,6.19
2026-05-24 16:01:06,27.7,84.41,1011.91,22.21,35.18,6.21
2026-05-24 16:11:06,26.96,84.58,1011.59,22.0,35.43,6.17
2026-05-24 16:21:06,27.08,85.02,1010.19,22.27,34.9,6.19
2026-05-24 16:31:06,27.62,84.48,1013.78,22.15,35.05,6.22
2026-05-24 16:41:06,27.46,85.57,1011.48,21.84,35.12,6.22
2026-05-24 16:51:06,27.19,84.64,1013.49,21.74,35.52,6.2
2026-05-24 17:01:06,27.23,84.6,1012.75,21.74,35.67,6.21
2026-05-24 17:11:06,26.73,85.93,1014.65,21.56,35.19,6.17
2026-05-24 17:21:06,26.21,85.81,1011.49,21.94,34.22,6.2
2026-05-24 17:31:06,26.49,85.45,1014.4,21.62,35.43,6.19
2026-05-24 17:41:06,26.84,85.77,1010.19,21.64,34.78,6.23
2026-05-24 17:51:06,26.67,85.9,1012.68,21.53,34.32,6.21
2026-05-24 18:01:06,25.7,85.19,1013.32,21.33,35.3,6.23
2026-05-24 18:11:06,25.81,85.7,1013.03,21.47,34.89,6.2
2026-05-24 18:21:06,25.86,85.1,1013.14,20.98,35.15,6.22
2026-05-24 18:31:06,25.85,85.55,1014.39,21.23,34.71,6.18
2026-05-24 18:41:06,25.9,85.67,1011.91,21.17,35.29,6.23
2026-05-24 18:51:06,25.28,85.79,1012.65,21.08,34.86,6.22
2026-05-24 19:01:06,25.33,86.49,1011.61,21.04,34.78,6.2
2026-05-24 19:11:06,25.19,86.39,1010.62,20.43,35.21,6.17
2026-05-24 19:21:06,25.31,86.08,1013.43,20.7,35.57,6.19
2026-05-24 19:31:06,24.65,86.25,1012.61,20.17,35.38,6.2
2026-05-24 19:41:06,24.73,87.7,1011.47,20.57,35.33,6.22
2026-05-24 19:51:06,24.54,86.95,1013.72,20.13,35.47,6.22
2026-05-24 20:01:06,24.44,86.17,1011.31,19.95,35.13,6.22
2026-05-24 20:11:06,24.15,87.95,1011.69,20.1,35.69,6.18
2026-05-24 20:21:06,24.23,87.58,1012.27,19.65,35.08,6.2
2026-05-24 20:31:06,24.15,87.8,1012.77,19.35,34.66,6.22
2026-05-24 20:41:06,23.99,87.01,1012.74,19.25,35.2,6.21
2026-05-24 20:51:06,23.72,87.34,1011.35,19.28,34.34,6.22
2026-05-24 21:01:06,23.25,88.32,1012.23,19.07,34.77,6.22
2026-05-24 21:11:06,23.29,88.41,1011.74,18.92,34.45,6.18
2026-05-24 21:21:06,23.7,88.06,1013.63,18.71,35.12,6.23
2026-05-24 21:31:06,22.8,87.92,1011.78,18.2,34.95,6.22
2026-05-24 21:41:06,22.68,88.47,1012.31,18.36,35.21,6.22
2026-05-24 21:51:06,22.89,88.41,1011.91,18.36,34.64,6.17
2026-05-24 22:01:06,23.18,89.19,1012.92,18.29,34.95,6.19
2026-05-24 22:11:06,22.65,88.32,1010.22,17.83,35.76,6.21
2026-05-24 22:21:06,22.67,88.37,1011.85,17.78,35.37,6.19
2026-05-24 22:31:06,21.98,89.24,1013.61,17.67,35.41,6.18
2026-05-24 22:41:06,22.31,87.82,1011.57,17.17,35.76,6.19
2026-05-24 22:51:06,22.14,88.98,1011.57,17.47,35.22,6.18
2026-05-24 23:01:06,22.01,89.05,1012.94,17.27,35.07,6.2
2026-05-24 23:11:06,21.66,89.85,1012.75,17.15,35.13,6.21
2026-05-24 23:21:06,21.52,89.98,1011.65,16.35,35.46,6.21
2026-05-24 23:31:06,21.92,89.63,1012.94,16.3,34.5,6.22
2026-05-24 23:41:06,21.42,88.88,1013.92,16.3,34.25,6.22
2026-05-24 23:51:06,21.59,90.0,1012.06,16.05,40.32,6.23
2026-05-25 00:01:06,21.69,89.48,1013.78,15.97,40.26,6.22
2026-05-25 00:11:06,21.22,89.83,1013.2,15.79,40.57,6.24
2026-05-25 00:21:06,21.64,89.28,1013.22,15.84,41.38,6.18
2026-05-25 00:31:06,21.53,90.0,1014.82,15.56,40.49,6.19
2026-05-25 00:41:06,21.11,89.02,1011.25,15.08,39.47,6.17
2026-05-25 00:51:06,21.11,89.48,1011.24,15.47,40.14,6.2
2026-05-25 01:01:06,21.0,89.45,1010.84,15.35,40.52,6.16
2026-05-25 01:11:06,21.29,90.0,1014.13,14.93,40.58,6.16
2026-05-25 01:21:06,21.0,89.57,1012.91,15.26,38.87,6.21
2026-05-25 01:31:06,21.0,89.61,1012.83,14.93,39.86,6.21
2026-05-25 01:41:06,21.15,89.21,1010.38,14.21,40.15,6.19
2026-05-25 01:51:06,21.0,90.0,1009.7,14.73,39.56,6.17
2026-05-25 02:01:06,21.0,90.0,1013.81,14.42,39.15,6.21
2026-05-25 02:11:06,21.19,89.26,1011.37,14.46,39.93,6.2
2026-05-25 02:21:06,21.0,89.92,1012.72,14.39,39.95,6.18
2026-05-25 02:31:06,21.13,89.32,1012.01,14.02,38.93,6.18
2026-05-25 02:41:06,21.0,90.0,1011.96,14.17,39.95,6.16
2026-05-25 02:51:06,21.0,90.0,1012.18,14.07,40.52,6.22
2026-05-25 03:01:06,21.0,90.0,1012.51,14.54,39.97,6.2
2026-05-25 03:11:06,21.0,90.0,1011.61,13.69,39.35,6.19
2026-05-25 03:21:06,21.19,90.0,1011.16,14.06,40.94,6.16
2026-05-25 03:31:06,21.71,88.88,1012.08,14.12,39.93,6.18
2026-05-25 03:41:06,21.31,89.55,1012.38,14.1,39.29,6.21
2026-05-25 03:51:06,21.9,90.0,1013.4,14.08,39.95,6.2
2026-05-25 04:01:06,21.33,89.95,1016.16,14.45,40.61,6.19
2026-05-25 04:11:06,21.78,89.21,1013.1,14.06,40.42,6.21
2026-05-25 04:21:06,22.26,88.9,1011.0,13.96,40.35,6.17
2026-05-25 04:31:06,21.37,89.88,1012.32,14.26,40.59,6.18
2026-05-25 04:41:06,22.46,88.93,1010.75,14.06,40.31,6.18
2026-05-25 04:51:06,21.85,88.88,1012.63,13.94,40.12,6.22
2026-05-25 05:01:06,21.58,88.03,1012.73,14.27,39.44,6.19
2026-05-25 05:11:06,22.09,89.68,1010.47,14.26,39.62,6.2
2026-05-25 05:21:06,22.35,88.99,1011.66,14.19,38.84,6.2
2026-05-25 05:31:06,22.99,88.7,1013.51,14.39,39.72,6.22
2026-05-25 05:41:06,22.82,88.37,1009.57,14.37,39.48,6.14
2026-05-25 05:51:06,23.04,89.09,1009.31,14.42,39.27,6.18
2026-05-25 06:01:06,22.81,88.02,1009.52,14.61,39.92,6.2
2026-05-25 06:11:06,22.88,88.72,1011.37,14.5,39.58,6.24
2026-05-25 06:21:06,22.83,88.76,1013.05,14.67,39.79,6.19
2026-05-25 06:31:06,23.16,87.92,1016.71,14.77,40.02,6.2
2026-05-25 06:41:06,23.29,87.93,1011.56,14.91,38.72,6.2
2026-05-25 06:51:06,23.05,88.09,1010.34,14.78,39.43,6.14
2026-05-25 07:01:06,23.9,86.79,1012.79,15.41,40.43,6.2
2026-05-25 07:11:06,23.44,88.25,1012.11,14.85,40.02,6.19
2026-05-25 07:21:06,24.41,87.44,1012.71,15.37,39.65,6.18
2026-05-25 07:31:06,24.34,87.53,1010.93,15.18,39.09,6.16
2026-05-25 07:41:06,24.41,87.0,1012.08,15.46,40.5,6.19
2026-05-25 07:51:06,24.72,87.67,1011.3,15.93,39.22,6.18
2026-05-25 08:01:06,24.32,87.87,1012.23,16.3,40.8,6.2
2026-05-25 08:11:06,24.8,86.41,1013.01,16.31,40.62,6.21
2026-05-25 08:21:06,24.28,87.2,1011.68,16.26,38.89,6.21
2026-05-25 08:31:06,25.14,86.9,1011.28,16.18,40.02,6.21
2026-05-25 08:41:06,25.23,86.8,1011.02,16.97,39.46,6.21
2026-05-25 08:51:06,25.89,85.46,1011.2,16.94,40.6,6.2
2026-05-25 09:01:06,25.62,86.93,1010.57,17.34,40.35,6.21
2026-05-25 09:11:06,26.09,86.55,1014.9,17.09,39.88,6.19
2026-05-25 09:21:06,25.22,85.83,1011.47,17.74,39.68,6.2
2026-05-25 09:31:06,25.45,86.24,1012.3,17.01,39.13,6.21
2026-05-25 09:41:06,26.23,85.33,1015.28,17.4,39.12,6.22
2026-05-25 09:51:06,25.86,86.33,1014.19,17.63,40.66,6.21
2026-05-25 10:01:06,26.54,85.6,1013.99,17.77,40.62,6.2
2026-05-25 10:11:06,26.46,84.89,1012.15,17.83,39.49,6.23
2026-05-25 10:21:06,26.65,84.9,1010.77,18.56,39.59,6.2
2026-05-25 10:31:06,26.82,84.48,1011.73,18.37,39.44,6.18
2026-05-25 10:41:06,26.65,84.82,1013.21,18.68,38.9,6.23
2026-05-25 10:51:06,26.57,84.56,1011.19,18.94,39.47,6.16
2026-05-25 11:01:06,26.49,85.27,1010.07,18.82,39.5,6.2
2026-05-25 11:11:06,27.25,84.49,1011.86,19.43,39.74,6.2
2026-05-25 11:21:06,27.36,84.96,1013.98,19.35,39.79,6.22
2026-05-25 11:31:06,27.47,84.43,1011.06,19.62,40.4,6.23
2026-05-25 11:41:06,27.95,84.71,1009.5,19.77,40.26,6.2
2026-05-25 11:51:06,27.61,84.0,1011.7,19.57,39.97,6.2
2026-05-25 12:01:06,27.52,84.12,1011.97,19.89,39.41,6.2
2026-05-25 12:11:06,27.68,84.26,1011.95,19.98,39.84,6.2
2026-05-25 12:21:06,27.66,84.0,1008.68,20.06,39.44,6.2
2026-05-25 12:31:06,27.87,84.53,1013.65,20.75,39.63,6.19
2026-05-25 12:41:06,27.58,84.0,1012.3,20.45,40.15,6.22
2026-05-25 12:51:06,27.38,84.0,1010.17,20.71,39.41,6.16
2026-05-25 13:01:06,28.0,84.6,1011.69,21.38,39.47,6.17
2026-05-25 13:11:06,27.58,84.0,1012.37,21.21,39.76,6.18
2026-05-25 13:21:06,27.84,84.42,1012.17,21.08,39.83,6.19
2026-05-25 13:31:06,28.0,84.94,1010.22,21.44,41.22,6.2
2026-05-25 13:41:06,28.0,84.17,1013.58,21.19,39.2,6.19
2026-05-25 13:51:06,28.0,84.59,1011.27,21.35,38.77,6.19
2026-05-25 14:01:06,27.74,84.0,1011.57,21.67,40.17,6.19
2026-05-25 14:11:06,27.59,84.35,1010.77,21.17,38.52,6.21
2026-05-25 14:21:06,28.0,84.57,1011.46,21.39,40.04,6.17
2026-05-25 14:31:06,28.0,84.61,1011.12,21.54,39.92,6.21
2026-05-25 14:41:06,28.0,84.1,1013.11,21.82,39.89,6.21
2026-05-25 14:51:06,28.0,84.0,1013.39,21.67,40.6,6.19
2026-05-25 15:01:06,28.0,84.0,1011.88,22.32,39.56,6.16
2026-05-25 15:11:06,28.0,84.38,1012.08,21.79,39.13,6.2
2026-05-25 15:21:06,28.0,84.0,1011.05,21.61,39.87,6.2
2026-05-25 15:31:06,27.53,84.4,1013.91,21.82,38.89,6.17
2026-05-25 15:41:06,27.04,84.47,1014.97,22.12,39.86,6.2
2026-05-25 15:51:06,27.79,84.56,1011.37,21.9,39.25,6.18
2026-05-25 16:01:06,27.35,85.3,1011.48,22.27,39.8,6.23
2026-05-25 16:11:06,27.55,84.46,1011.4,22.19,40.19,6.2
2026-05-25 16:21:06,27.26,84.06,1012.97,21.9,39.68,6.17
2026-05-25 16:31:06,27.07,84.13,1011.39,21.93,39.52,6.23
2026-05-25 16:41:06,26.68,84.64,1012.91,21.76,39.19,6.19
2026-05-25 16:51:06,27.12,84.64,1011.11,22.17,39.93,6.2
2026-05-25 17:01:06,26.79,84.69,1012.13,21.79,39.62,6.18
2026-05-25 17:11:06,27.1,85.58,1010.63,22.07,39.4,6.25
2026-05-25 17:21:06,26.68,84.91,1011.86,21.48,40.38,6.21
2026-05-25 17:31:06,26.31,85.27,1011.42,21.77,39.94,6.18
2026-05-25 17:41:06,26.55,85.15,1009.93,22.14,39.69,6.21
2026-05-25 17:51:06,26.62,85.23,1010.78,21.46,40.41,6.18
2026-05-25 18:01:06,26.2,86.0,1013.33,21.72,39.47,6.2
2026-05-25 18:11:06,26.34,86.03,1010.36,21.24,40.16,6.19
2026-05-25 18:21:06,26.21,85.96,1011.7,21.48,39.34,6.18
2026-05-25 18:31:06,26.0,86.51,1011.55,21.37,39.11,6.17
2026-05-25 18:41:06,24.94,86.72,1011.75,21.02,39.05,6.2
2026-05-25 18:51:06,25.39,86.37,1012.29,20.78,39.25,6.21
2026-05-25 19:01:06,24.78,85.16,1012.5,20.91,39.65,6.19
2026-05-25 19:11:06,25.3,86.45,1010.13,20.49,39.07,6.17
2026-05-25 19:21:06,25.4,85.83,1010.65,20.49,39.68,6.21
2026-05-25 19:31:06,24.96,86.94,1011.92,20.33,39.8,6.17
2026-05-25 19:41:06,24.51,86.63,1011.7,20.23,39.7,6.16
2026-05-25 19:51:06,24.59,86.77,1011.19,20.17,38.65,6.19
2026-05-25 20:01:06,24.48,86.75,1013.33,19.95,40.01,6.19
2026-05-25 20:11:06,24.34,86.86,1014.13,19.91,39.74,6.19
2026-05-25 20:21:06,24.41,87.03,1011.31,19.79,39.3,6.22
2026-05-25 20:31:06,24.27,88.06,1013.94,19.65,38.97,6.2
2026-05-25 20:41:06,23.92,87.39,1011.69,19.4,39.5,6.19
2026-05-25 20:51:06,23.55,87.44,1012.23,19.08,39.87,6.16
2026-05-25 21:01:06,23.01,87.08,1014.21,18.85,39.14,6.2
2026-05-25 21:11:06,23.48,86.11,1011.13,19.0,38.33,6.21
2026-05-25 21:21:06,23.18,87.69,1012.01,18.8,39.63,6.24
2026-05-25 21:31:06,23.45,88.91,1012.87,18.6,39.95,6.19
2026-05-25 21:41:06,22.81,88.06,1013.45,18.08,39.12,6.22
2026-05-25 21:51:06,22.23,88.16,1009.88,18.43,39.81,6.2
2026-05-25 22:01:06,22.72,88.27,1012.44,17.8,38.39,6.19
2026-05-25 22:11:06,22.59,88.71,1013.39,17.94,38.96,6.21
2026-05-25 22:21:06,22.38,87.76,1010.59,17.69,39.22,6.19
2026-05-25 22:31:06,22.4,88.96,1013.02,17.4,39.61,6.2
2026-05-25 22:41:06,22.34,89.32,1013.24,17.24,38.76,6.18
2026-05-25 22:51:06,21.86,89.1,1013.01,17.02,39.85,6.23
2026-05-25 23:01:06,21.7,89.31,1012.23,16.95,39.39,6.2
2026-05-25 23:11:06,21.34,89.64,1011.06,16.5,38.5,6.18
2026-05-25 23:21:06,22.13,89.55,1012.71,16.58,39.72,6.22
2026-05-25 23:31:06,21.97,88.69,1009.8,16.1,38.77,6.2
2026-05-25 23:41:06,21.5,88.52,1010.97,16.49,39.68,6.23
2026-05-25 23:51:06,21.3,89.32,1012.75,16.12,38.54,6.21
2026-05-26 00:01:06,21.31,89.09,1010.61,15.5,38.94,6.2
2026-05-26 00:11:06,21.1,88.84,1010.99,16.11,39.56,6.21
2026-05-26 00:21:06,21.27,89.38,1012.27,15.79,38.82,6.18
2026-05-26 00:31:06,21.1,90.0,1012.07,15.84,38.6,6.25
2026-05-26 00:41:06,21.12,89.34,1012.5,15.25,39.42,6.22
2026-05-26 00:51:06,21.03,89.91,1012.83,15.12,38.85,6.19
2026-05-26 01:01:06,21.57,90.0,1013.7,15.45,39.25,6.2
2026-05-26 01:11:06,21.0,89.03,1011.58,14.84,40.08,6.2
2026-05-26 01:21:06,21.0,89.43,1011.67,14.96,39.27,6.18
2026-05-26 01:31:06,21.12,90.0,1011.44,14.7,39.03,6.21
2026-05-26 01:41:06,21.0,90.0,1013.09,14.93,39.75,6.2
2026-05-26 01:51:06,21.32,89.43,1011.78,14.52,38.56,6.21
2026-05-26 02:01:06,21.55,90.0,1010.39,14.77,39.25,6.21
2026-05-26 02:11:06,21.0,90.0,1012.02,14.54,38.96,6.18
2026-05-26 02:21:06,21.05,90.0,1013.11,14.19,38.85,6.22
2026-05-26 02:31:06,21.0,90.0,1012.41,14.24,39.31,6.18
2026-05-26 02:41:06,21.0,90.0,1012.24,14.09,39.12,6.19
2026-05-26 02:51:06,21.02,89.39,1010.52,14.19,40.24,6.19
2026-05-26 03:01:06,21.0,89.25,1013.79,14.36,39.46,6.2
2026-05-26 03:11:06,21.43,90.0,1011.94,13.89,38.94,6.18
2026-05-26 03:21:06,21.3,90.0,1010.56,14.1,39.26,6.17
2026-05-26 03:31:06,21.53,89.66,1012.37,13.94,39.24,6.17
2026-05-26 03:41:06,21.72,89.65,1011.85,14.23,38.99,6.19
2026-05-26 03:51:06,21.27,89.24,1012.82,14.26,38.91,6.21
2026-05-26 04:01:06,21.23,90.0,1010.86,14.25,38.67,6.2
2026-05-26 04:11:06,21.82,90.0,1014.15,13.72,39.23,6.2
2026-05-26 04:21:06,21.47,88.71,1013.06,14.08,39.47,6.17
2026-05-26 04:31:06,22.07,89.01,1011.18,13.88,38.74,6.19
2026-05-26 04:41:06,22.03,88.78,1013.41,13.7,38.15,6.23
2026-05-26 04:51:06,21.77,88.71,1010.37,14.01,38.24,6.21
2026-05-26 05:01:06,22.31,88.79,1012.4,14.11,39.21,6.22
2026-05-26 05:11:06,22.1,90.0,1012.03,14.44,39.6,6.2
2026-05-26 05:21:06,22.15,89.94,1013.29,14.22,39.23,6.22
2026-05-26 05:31:06,21.93,88.86,1013.91,14.14,38.35,6.21
2026-05-26 05:41:06,22.61,89.21,1011.59,14.09,39.27,6.24
2026-05-26 05:51:06,22.33,89.36,1010.92,14.35,39.65,6.21
2026-05-26 06:01:06,22.39,88.36,1011.22,14.18,39.49,6.18
2026-05-26 06:11:06,23.18,88.99,1012.38,14.27,39.3,6.15
2026-05-26 06:21:06,22.76,87.46,1012.14,14.56,38.85,6.2
2026-05-26 06:31:06,22.89,88.33,1010.1,14.88,40.29,6.24
2026-05-26 06:41:06,24.07,87.86,1009.79,15.11,39.98,6.22
2026-05-26 06:51:06,24.03,86.89,1011.92,15.21,39.9,6.19
2026-05-26 07:01:06,23.91,87.06,1013.99,15.07,38.61,6.23
2026-05-26 07:11:06,24.1,86.69,1009.26,15.79,39.27,6.19
2026-05-26 07:21:06,23.87,87.81,1014.7,15.74,39.06,6.16
2026-05-26 07:31:06,23.74,86.81,1014.36,15.56,39.15,6.21
2026-05-26 07:41:06,24.38,86.69,1010.61,15.57,38.71,6.21
2026-05-26 07:51:06,24.49,86.79,1008.91,16.09,38.67,6.2
2026-05-26 08:01:06,24.51,86.79,1011.17,16.4,39.46,6.19
2026-05-26 08:11:06,25.06,86.13,1011.35,16.15,39.51,6.22
2026-05-26 08:21:06,24.28,86.58,1010.57,16.28,38.13,6.18
2026-05-26 08:31:06,25.19,85.49,1013.45,16.48,39.65,6.17
2026-05-26 08:41:06,25.19,85.98,1012.39,16.69,39.29,6.18
2026-05-26 08:51:06,25.17,85.76,1012.5,16.63,39.21,6.19
2026-05-26 09:01:06,25.4,86.2,1012.72,16.89,38.36,6.17
2026-05-26 09:11:06,24.91,86.1,1011.09,17.04,38.17,6.21
2026-05-26 09:21:06,26.04,86.0,1010.81,17.24,39.01,6.17
2026-05-26 09:31:06,25.66,85.92,1011.8,17.4,39.97,6.2
2026-05-26 09:41:06,25.73,85.33,1013.81,17.69,38.8,6.23
2026-05-26 09:51:06,25.78,86.08,1011.77,17.46,38.41,6.19
2026-05-26 10:01:06,27.26,86.2,1012.16,17.89,38.78,6.19
2026-05-26 10:11:06,26.71,85.04,1011.38,18.01,38.8,6.21
2026-05-26 10:21:06,26.97,85.44,1012.65,18.23,39.81,6.23
2026-05-26 10:31:06,26.9,84.48,1011.49,18.57,38.55,6.22
2026-05-26 10:41:06,27.47,85.06,1011.95,18.39,39.07,6.19
2026-05-26 10:51:06,26.85,85.57,1011.77,19.18,38.73,6.21
2026-05-26 11:01:06,26.8,84.12,1011.64,18.77,38.82,6.21
2026-05-26 11:11:06,26.89,85.81,1010.45,19.22,38.99,6.21
2026-05-26 11:21:06,27.1,85.09,1012.44,19.07,39.12,6.23
2026-05-26 11:31:06,27.61,84.66,1010.61,19.42,39.1,6.19
2026-05-26 11:41:06,27.25,84.38,1010.87,19.59,38.83,6.22
2026-05-26 11:51:06,27.51,85.33,1014.08,20.02,38.5,6.24
2026-05-26 12:01:06,27.15,84.1,1013.05,19.98,38.89,6.19
2026-05-26 12:11:06,27.52,84.25,1011.0,20.36,39.67,6.19
2026-05-26 12:21:06,27.79,85.06,1012.5,20.42,38.75,6.25
2026-05-26 12:31:06,28.0,84.32,1012.66,20.5,38.93,6.19
2026-05-26 12:41:06,27.8,84.0,1011.4,20.46,39.11,6.19
2026-05-26 12:51:06,27.28,84.0,1011.48,20.67,39.87,6.2
2026-05-26 13:01:06,28.0,84.27,1014.02,20.95,38.03,6.22
2026-05-26 13:11:06,27.94,84.59,1010.24,21.06,39.06,6.19
2026-05-26 13:21:06,27.79,84.82,1012.53,21.07,38.93,6.21
2026-05-26 13:31:06,27.83,84.0,1011.09,21.04,39.43,6.19
2026-05-26 13:41:06,27.87,84.0,1012.93,21.62,39.73,6.19
2026-05-26 13:51:06,28.0,84.0,1012.92,21.48,39.22,6.26
2026-05-26 14:01:06,28.0,84.0,1012.18,21.4,38.46,6.22
2026-05-26 14:11:06,27.64,84.0,1011.37,21.6,39.31,6.17
2026-05-26 14:21:06,27.91,84.36,1013.4,21.93,37.92,6.19
2026-05-26 14:31:06,28.0,84.06,1010.98,21.58,38.51,6.2
2026-05-26 14:41:06,28.0,84.0,1012.93,21.65,38.15,6.23
2026-05-26 14:51:06,28.0,84.0,1011.74,22.11,39.3,6.2
2026-05-26 15:01:06,28.0,84.12,1013.24,21.76,38.03,6.21
2026-05-26 15:11:06,27.56,85.03,1013.58,22.08,40.14,6.19
2026-05-26 15:21:06,28.0,84.73,1012.03,21.96,39.25,6.21
2026-05-26 15:31:06,28.0,84.22,1009.9,21.99,38.5,6.19
2026-05-26 15:41:06,27.69,84.03,1013.49,22.26,38.46,6.2
2026-05-26 15:51:06,26.95,84.0,1014.68,22.19,39.15,6.19
2026-05-26 16:01:06,27.31,85.39,1012.59,21.9,38.19,6.24
2026-05-26 16:11:06,27.42,84.72,1012.25,21.87,38.73,6.21
2026-05-26 16:21:06,26.85,84.28,1012.52,22.05,39.04,6.19
2026-05-26 16:31:06,26.67,84.96,1013.0,22.19,38.46,6.21
2026-05-26 16:41:06,27.24,85.45,1011.74,22.16,39.38,6.2
2026-05-26 16:51:06,26.84,84.87,1013.73,22.24,38.97,6.2
2026-05-26 17:01:06,26.71,85.26,1013.88,21.46,38.65,6.2
2026-05-26 17:11:06,27.22,85.21,1012.23,21.73,38.2,6.23
2026-05-26 17:21:06,27.21,85.09,1009.83,21.74,38.25,6.21
2026-05-26 17:31:06,25.65,85.41,1012.49,21.73,39.24,6.23
2026-05-26 17:41:06,26.82,85.21,1011.44,21.48,39.11,6.23
2026-05-26 17:51:06,26.54,85.47,1012.77,21.65,39.25,6.19
2026-05-26 18:01:06,26.41,85.74,1008.71,21.47,38.29,6.18
2026-05-26 18:11:06,25.68,85.63,1009.14,21.21,38.52,6.19
2026-05-26 18:21:06,25.92,85.65,1011.32,21.18,39.77,6.17
2026-05-26 18:31:06,25.84,85.31,1015.07,21.06,38.9,6.15
2026-05-26 18:41:06,25.35,85.91,1016.16,21.18,37.65,6.2
2026-05-26 18:51:06,25.01,85.83,1013.72,21.03,38.5,6.2
2026-05-26 19:01:06,25.38,86.1,1008.5,21.3,38.46,6.19
2026-05-26 19:11:06,24.84,86.29,1012.52,20.72,38.32,6.23
2026-05-26 19:21:06,24.9,86.9,1013.84,20.26,38.26,6.21
2026-05-26 19:31:06,24.61,86.86,1012.26,20.15,38.86,6.18
2026-05-26 19:41:06,25.16,86.52,1011.95,20.38,38.92,6.21
2026-05-26 19:51:06,24.0,87.14,1012.68,20.11,38.85,6.17
2026-05-26 20:01:06,24.55,88.24,1014.59,20.23,38.36,6.2
2026-05-26 20:11:06,24.28,87.42,1011.63,19.86,38.91,6.2
2026-05-26 20:21:06,24.3,87.75,1009.06,19.65,38.82,6.2
2026-05-26 20:31:06,24.54,87.35,1013.18,19.4,39.45,6.21
2026-05-26 20:41:06,23.71,88.76,1011.58,19.48,39.37,6.2
2026-05-26 20:51:06,24.24,87.24,1010.53,19.16,37.92,6.2
2026-05-26 21:01:06,23.69,88.21,1012.0,18.88,39.08,6.14
2026-05-26 21:11:06,24.23,87.08,1012.76,18.79,38.11,6.2
2026-05-26 21:21:06,22.79,88.67,1012.26,18.81,39.03,6.2
2026-05-26 21:31:06,23.28,88.18,1013.61,18.59,38.93,6.19
2026-05-26 21:41:06,22.59,88.39,1012.95,18.34,38.5,6.21
2026-05-26 21:51:06,23.0,88.42,1011.97,18.12,38.12,6.2
2026-05-26 22:01:06,22.74,87.88,1011.94,18.1,39.09,6.2
2026-05-26 22:11:06,22.87,88.79,1012.9,17.75,38.36,6.19
2026-05-26 22:21:06,23.15,87.67,1014.02,17.9,38.36,6.2
2026-05-26 22:31:06,22.43,89.87,1013.74,17.43,39.3,6.19
2026-05-26 22:41:06,22.17,88.66,1012.55,17.49,38.37,6.2
2026-05-26 22:51:06,22.37,89.28,1011.32,16.93,38.44,6.2
2026-05-26 23:01:06,21.74,89.69,1011.71,16.81,37.84,6.22
2026-05-26 23:11:06,22.58,88.84,1011.94,16.71,39.14,6.18
2026-05-26 23:21:06,21.24,90.0,1011.88,16.62,38.09,6.18
2026-05-26 23:31:06,21.74,89.68,1011.7,16.53,37.69,6.23
2026-05-26 23:41:06,21.7,89.08,1009.72,15.96,39.35,6.18
2026-05-26 23:51:06,21.3,89.56,1010.95,16.49,38.2,6.22
2026-05-27 00:01:06,21.45,88.63,1013.69,16.06,38.36,6.21
2026-05-27 00:11:06,21.42,88.93,1011.13,15.87,38.93,6.18
2026-05-27 00:21:06,21.74,89.73,1010.49,15.66,38.4,6.17
2026-05-27 00:31:06,21.49,89.79,1009.76,15.44,38.17,6.16
2026-05-27 00:41:06,21.32,89.27,1012.39,15.41,39.49,6.19
2026-05-27 00:51:06,21.0,89.04,1011.79,14.98,38.43,6.19
2026-05-27 01:01:06,21.47,89.2,1013.35,15.27,38.85,6.19
2026-05-27 01:11:06,21.15,90.0,1012.5,14.65,38.32,6.2
2026-05-27 01:21:06,21.4,89.24,1012.98,14.88,38.21,6.22
2026-05-27 01:31:06,21.0,89.82,1014.93,14.51,38.44,6.2
2026-05-27 01:41:06,21.0,89.54,1011.63,14.49,39.71,6.23
2026-05-27 01:51:06,21.13,88.82,1009.41,14.4,38.97,6.16
2026-05-27 02:01:06,21.0,90.0,1012.33,14.6,39.28,6.24
2026-05-27 02:11:06,21.22,89.93,1014.07,14.55,38.81,6.19
2026-05-27 02:21:06,21.0,90.0,1009.03,14.15,38.13,6.18
2026-05-27 02:31:06,21.0,89.25,1012.92,14.14,37.6,6.2
2026-05-27 02:41:06,21.0,90.0,1011.99,14.03,39.2,6.21
2026-05-27 02:51:06,21.46,89.9,1012.26,14.14,38.92,6.23
2026-05-27 03:01:06,21.32,89.44,1014.04,13.88,38.91,6.2
2026-05-27 03:11:06,21.43,88.96,1012.13,14.45,39.1,6.17
2026-05-27 03:21:06,21.31,88.82,1011.88,14.1,38.33,6.2
2026-05-27 03:31:06,21.13,90.0,1013.04,14.01,38.67,6.2
2026-05-27 03:41:06,21.55,89.48,1011.19,14.11,39.19,6.17
2026-05-27 03:51:06,21.0,89.01,1013.39,14.13,38.17,6.18
2026-05-27 04:01:06,21.6,90.0,1010.32,14.51,38.83,6.2
2026-05-27 04:11:06,22.12,89.46,1014.07,14.04,38.75,6.2
2026-05-27 04:21:06,21.61,89.41,1012.83,14.07,38.41,6.17
2026-05-27 04:31:06,21.49,89.02,1009.85,14.07,38.16,6.2
2026-05-27 04:41:06,21.24,89.66,1012.0,14.02,39.28,6.2
2026-05-27 04:51:06,21.84,89.09,1013.02,14.18,38.75,6.21
2026-05-27 05:01:06,21.44,89.48,1013.13,13.96,38.09,6.19
2026-05-27 05:11:06,21.79,88.85,1011.52,14.17,38.38,6.19
2026-05-27 05:21:06,22.45,88.91,1013.74,14.28,38.57,6.21
2026-05-27 05:31:06,22.46,89.28,1011.93,14.23,38.81,6.22
2026-05-27 05:41:06,22.08,88.71,1010.99,14.35,38.81,6.16
2026-05-27 05:51:06,22.83,88.92,1009.68,14.42,38.15,6.17
2026-05-27 06:01:06,22.0,87.55,1013.62,14.53,37.42,6.19
2026-05-27 06:11:06,23.31,87.97,1011.26,14.76,36.97,6.22
2026-05-27 06:21:06,22.82,88.01,1012.9,14.97,37.88,6.2
2026-05-27 06:31:06,23.22,88.13,1010.24,15.02,38.01,6.2
2026-05-27 06:41:06,23.26,87.59,1011.31,14.89,38.36,6.17
2026-05-27 06:51:06,23.4,86.88,1010.56,15.12,38.7,6.23
2026-05-27 07:01:06,23.64,87.67,1012.34,15.0,39.19,6.24
2026-05-27 07:11:06,23.62,86.62,1011.86,15.3,38.56,6.19
2026-05-27 07:21:06,23.89,86.79,1011.31,15.22,38.09,6.19
2026-05-27 07:31:06,23.78,87.21,1011.69,15.72,37.84,6.21
2026-05-27 07:41:06,23.93,87.66,1011.21,15.97,39.42,6.21
2026-05-27 07:51:06,24.59,87.28,1015.96,15.73,38.64,6.19
2026-05-27 08:01:06,24.19,87.59,1013.22,15.85,37.52,6.2
2026-05-27 08:11:06,24.36,85.88,1011.84,16.22,38.45,6.17
2026-05-27 08:21:06,24.85,87.71,1011.41,16.27,38.68,6.14
2026-05-27 08:31:06,24.75,87.08,1010.6,16.49,37.66,6.19
2026-05-27 08:41:06,24.56,86.41,1012.58,16.79,38.74,6.23
2026-05-27 08:51:06,25.12,86.7,1011.16,16.79,37.71,6.19
2026-05-27 09:01:06,25.29,86.47,1012.19,16.74,38.17,6.2
2026-05-27 09:11:06,25.39,85.99,1007.12,17.11,37.13,6.23
2026-05-27 09:21:06,25.15,86.53,1008.53,17.02,38.47,6.2
2026-05-27 09:31:06,25.47,86.39,1011.18,17.66,38.66,6.18
2026-05-27 09:41:06,25.69,85.72,1014.03,17.64,37.66,6.18
2026-05-27 09:51:06,26.56,85.85,1009.94,17.59,37.9,6.23
2026-05-27 10:01:06,25.9,86.11,1013.35,17.84,37.82,6.23
2026-05-27 10:11:06,26.6,85.2,1014.89,18.37,38.33,6.24
2026-05-27 10:21:06,26.22,85.46,1011.76,18.26,38.75,6.21
2026-05-27 10:31:06,26.79,85.77,1010.88,18.58,38.51,6.19
2026-05-27 10:41:06,26.78,84.61,1010.15,18.58,36.48,6.19
2026-05-27 10:51:06,26.78,84.85,1013.46,18.69,39.58,6.18
2026-05-27 11:01:06,27.21,84.93,1014.3,19.17,38.48,6.17
2026-05-27 11:11:06,26.47,84.19,1010.87,19.22,38.32,6.2
2026-05-27 11:21:06,27.02,84.23,1012.93,19.45,38.48,6.19
2026-05-27 11:31:06,27.14,84.86,1012.48,19.59,36.94,6.2
2026-05-27 11:41:06,27.41,84.0,1010.62,20.14,38.62,6.2
2026-05-27 11:51:06,27.86,84.41,1012.11,19.99,37.83,6.2
2026-05-27 12:01:06,27.73,84.11,1011.17,20.04,38.01,6.17
2026-05-27 12:11:06,27.37,84.34,1010.58,20.23,37.06,6.16
2026-05-27 12:21:06,27.6,84.42,1011.86,20.08,38.6,6.19
2026-05-27 12:31:06,28.0,84.4,1012.76,20.37,38.2,6.18
2026-05-27 12:41:06,27.62,84.0,1011.02,20.55,38.7,6.23
2026-05-27 12:51:06,28.0,84.83,1010.89,20.8,38.17,6.24
2026-05-27 13:01:06,27.92,84.47,1011.93,20.8,37.76,6.21
2026-05-27 13:11:06,27.82,84.63,1010.5,21.14,38.22,6.21
2026-05-27 13:21:06,27.64,84.33,1012.81,21.21,37.11,6.19
2026-05-27 13:31:06,28.0,84.35,1008.63,21.02,37.85,6.22
2026-05-27 13:41:06,28.0,84.0,1010.8,21.47,38.32,6.24
2026-05-27 13:51:06,28.0,85.09,1008.93,21.58,38.08,6.17
2026-05-27 14:01:06,27.62,84.0,1011.91,21.5,37.71,6.2
2026-05-27 14:11:06,27.82,84.0,1014.54,21.8,37.79,6.18
2026-05-27 14:21:06,28.0,84.8,1013.56,21.63,37.66,6.23
2026-05-27 14:31:06,28.0,84.05,1009.44,21.65,37.63,6.22
2026-05-27 14:41:06,28.0,84.0,1011.2,21.77,38.0,6.2
2026-05-27 14:51:06,27.21,84.28,1012.37,21.99,37.14,6.2
2026-05-27 15:01:06,27.77,84.67,1011.31,21.51,38.6,6.18
2026-05-27 15:11:06,28.0,84.0,1011.76,21.71,37.51,6.19
2026-05-27 15:21:06,27.96,84.0,1012.04,21.65,38.63,6.18
2026-05-27 15:31:06,27.9,84.2,1013.06,22.13,37.93,6.19
2026-05-27 15:41:06,27.41,84.06,1009.53,22.11,37.33,6.19
2026-05-27 15:51:06,27.37,84.83,1010.51,21.98,38.51,6.19
2026-05-27 16:01:06,27.5,84.62,1011.73,22.09,37.24,6.17
2026-05-27 16:11:06,27.38,84.16,1011.78,22.15,38.35,6.21
2026-05-27 16:21:06,26.99,84.97,1010.92,21.82,38.86,6.2
2026-05-27 16:31:06,26.7,84.36,1012.0,21.87,37.86,6.21
2026-05-27 16:41:06,26.88,85.19,1011.34,21.79,38.14,6.23
2026-05-27 16:51:06,26.53,85.19,1013.82,22.16,37.68,6.21
2026-05-27 17:01:06,26.91,84.56,1013.22,21.97,38.41,6.22
2026-05-27 17:11:06,26.54,84.95,1011.9,21.68,38.13,6.18
2026-05-27 17:21:06,25.77,85.12,1012.14,22.09,37.89,6.22
2026-05-27 17:31:06,26.28,85.13,1014.5,21.42,38.84,6.2
2026-05-27 17:41:06,26.67,84.11,1013.52,21.41,37.86,6.22
2026-05-27 17:51:06,26.03,85.4,1012.35,21.48,37.74,6.17
2026-05-27 18:01:06,25.78,85.5,1011.29,21.45,38.05,6.2
2026-05-27 18:11:06,26.37,85.66,1009.4,21.15,38.28,6.18
2026-05-27 18:21:06,25.98,85.68,1010.36,21.13,37.37,6.17
2026-05-27 18:31:06,25.69,85.64,1012.2,20.91,37.88,6.18
2026-05-27 18:41:06,25.0,85.86,1011.76,21.28,37.13,6.21
2026-05-27 18:51:06,25.4,87.23,1014.45,21.07,38.18,6.21
2026-05-27 19:01:06,25.45,85.97,1011.48,20.9,37.34,6.22
2026-05-27 19:11:06,25.35,85.86,1011.28,20.44,38.13,6.22
2026-05-27 19:21:06,25.15,86.05,1012.55,20.82,37.68,6.22
2026-05-27 19:31:06,25.49,86.6,1012.18,20.32,38.05,6.21
2026-05-27 19:41:06,24.77,86.02,1009.63,20.34,37.51,6.19
2026-05-27 19:51:06,24.65,87.15,1009.54,20.35,37.28,6.23
2026-05-27 20:01:06,24.67,87.58,1012.43,20.09,37.38,6.16
2026-05-27 20:11:06,24.03,87.21,1011.07,19.63,38.29,6.19
2026-05-27 20:21:06,24.15,87.53,1010.65,19.9,38.45,6.19
2026-05-27 20:31:06,24.22,88.43,1009.81,19.66,38.16,6.22
2026-05-27 20:41:06,23.59,87.57,1011.12,19.41,37.35,6.22
2026-05-27 20:51:06,23.7,88.12,1014.58,19.18,38.13,6.19
2026-05-27 21:01:06,23.56,87.8,1012.43,19.08,38.05,6.22
2026-05-27 21:11:06,22.77,88.31,1013.56,18.77,37.96,6.21
2026-05-27 21:21:06,23.22,87.97,1011.3,18.6,37.73,6.2
2026-05-27 21:31:06,23.22,88.52,1010.69,18.71,37.63,6.2
2026-05-27 21:41:06,22.54,88.28,1012.71,17.96,38.11,6.2
2026-05-27 21:51:06,23.16,88.93,1011.31,18.19,37.35,6.19
2026-05-27 22:01:06,22.61,89.0,1014.21,18.07,38.2,6.23
2026-05-27 22:11:06,22.47,87.72,1011.82,18.01,37.7,6.2
2026-05-27 22:21:06,22.18,89.34,1014.36,17.5,37.78,6.16
2026-05-27 22:31:06,22.13,89.13,1011.62,17.43,37.98,6.21
2026-05-27 22:41:06,21.68,88.8,1012.48,17.53,37.87,6.21
2026-05-27 22:51:06,21.82,89.38,1009.61,17.01,38.19,6.2
2026-05-27 23:01:06,22.06,88.01,1012.44,16.55,37.7,6.19
2026-05-27 23:11:06,21.6,90.0,1013.99,16.71,38.26,6.17
2026-05-27 23:21:06,21.31,89.4,1012.3,16.99,37.44,6.21
2026-05-27 23:31:06,21.58,88.61,1011.37,16.44,37.78,6.22
2026-05-27 23:41:06,21.22,90.0,1011.85,16.19,37.41,6.21
2026-05-27 23:51:06,21.0,89.35,1010.31,16.05,38.18,6.16
2026-05-28 00:01:06,21.64,90.0,1015.77,16.13,37.63,6.2
2026-05-28 00:11:06,21.32,90.0,1011.43,15.8,37.39,6.19
2026-05-28 00:21:06,21.0,89.83,1009.29,15.62,38.52,6.25
2026-05-28 00:31:06,21.34,88.86,1014.81,15.47,37.13,6.19
2026-05-28 00:41:06,21.69,89.46,1012.32,15.35,36.35,6.21
2026-05-28 00:51:06,21.13,90.0,1012.67,15.29,38.37,6.2
2026-05-28 01:01:06,21.12,90.0,1015.49,15.1,38.13,6.19
2026-05-28 01:11:06,21.4,89.22,1011.58,15.19,37.94,6.18
2026-05-28 01:21:06,21.1,89.96,1012.37,14.68,37.49,6.19
2026-05-28 01:31:06,21.0,90.0,1010.18,14.86,37.77,6.18
2026-05-28 01:41:06,21.0,89.24,1014.73,14.52,36.94,6.19
2026-05-28 01:51:06,21.0,90.0,1010.26,14.79,38.2,6.23
2026-05-28 02:01:06,21.0,90.0,1011.53,14.23,38.49,6.23
2026-05-28 02:11:06,21.43,90.0,1011.54,14.59,38.09,6.24
2026-05-28 02:21:06,21.33,89.69,1014.13,14.37,37.99,6.21
2026-05-28 02:31:06,21.0,88.83,1010.82,14.41,37.33,6.17
2026-05-28 02:41:06,21.16,90.0,1012.0,14.21,37.35,6.21
2026-05-28 02:51:06,21.29,90.0,1012.47,14.15,37.96,6.21
2026-05-28 03:01:06,21.19,90.0,1011.41,14.34,38.34,6.16
2026-05-28 03:11:06,21.39,90.0,1012.48,14.2,38.35,6.17
2026-05-28 03:21:06,21.14,89.34,1013.21,14.04,37.34,6.19
2026-05-28 03:31:06,21.55,90.0,1015.8,14.04,38.37,6.21
2026-05-28 03:41:06,21.0,89.12,1009.46,14.21,37.04,6.2
2026-05-28 03:51:06,21.93,89.68,1013.31,13.8,36.53,6.2
2026-05-28 04:01:06,21.07,89.88,1010.39,13.87,37.0,6.21
2026-05-28 04:11:06,21.09,89.57,1010.34,14.69,37.82,6.2
2026-05-28 04:21:06,21.91,89.11,1010.57,14.04,38.0,6.18
2026-05-28 04:31:06,21.58,89.73,1011.75,13.81,37.46,6.2
2026-05-28 04:41:06,21.88,89.34,1011.3,14.16,37.06,6.18
2026-05-28 04:51:06,22.02,90.0,1012.52,14.17,38.2,6.18
2026-05-28 05:01:06,22.22,89.37,1011.79,14.17,37.74,6.21
2026-05-28 05:11:06,22.21,88.99,1013.26,14.41,38.23,6.2
2026-05-28 05:21:06,22.38,88.6,1011.35,14.29,37.22,6.2
2026-05-28 05:31:06,22.32,88.45,1011.83,14.1,36.66,6.21
2026-05-28 05:41:06,22.37,89.5,1010.54,13.94,38.24,6.2
2026-05-28 05:51:06,22.52,88.32,1012.63,14.84,38.31,6.21
2026-05-28 06:01:06,22.57,87.71,1013.39,14.53,37.67,6.21
2026-05-28 06:11:06,22.5,87.79,1010.36,14.92,37.76,6.2
2026-05-28 06:21:06,23.12,87.4,1012.98,14.99,36.67,6.18
2026-05-28 06:31:06,22.48,88.03,1010.97,14.67,37.32,6.19
2026-05-28 06:41:06,22.78,87.26,1011.36,15.3,36.69,6.17
2026-05-28 06:51:06,23.59,89.16,1010.16,15.32,37.31,6.18
2026-05-28 07:01:06,23.25,88.54,1013.08,15.15,38.99,6.19
2026-05-28 07:11:06,23.61,87.8,1014.91,15.09,37.97,6.2
2026-05-28 07:21:06,23.95,87.15,1010.15,15.53,37.71,6.19
2026-05-28 07:31:06,24.1,87.32,1013.07,15.84,36.72,6.22
2026-05-28 07:41:06,24.47,86.97,1009.57,15.71,38.0,6.19
2026-05-28 07:51:06,23.9,87.18,1011.53,15.86,37.1,6.21
2026-05-28 08:01:06,24.76,86.64,1010.37,16.02,37.34,6.18
2026-05-28 08:11:06,24.87,87.42,1013.16,16.3,37.9,6.19
2026-05-28 08:21:06,24.74,87.17,1011.18,16.29,38.61,6.2
2026-05-28 08:31:06,24.45,87.04,1010.86,16.71,37.36,6.21
2026-05-28 08:41:06,25.45,86.32,1012.74,16.83,37.01,6.18
2026-05-28 08:51:06,25.29,86.84,1012.08,16.85,38.38,6.2
2026-05-28 09:01:06,25.0,86.86,1011.31,16.93,37.4,6.21
2026-05-28 09:11:06,25.6,85.67,1013.22,17.03,37.21,6.23
2026-05-28 09:21:06,25.6,85.49,1008.93,17.36,37.61,6.19
2026-05-28 09:31:06,25.91,86.25,1015.69,17.3,37.51,6.2
2026-05-28 09:41:06,25.62,85.59,1010.91,17.73,37.53,6.2
2026-05-28 09:51:06,26.21,85.9,1011.62,17.82,38.03,6.23
2026-05-28 10:01:06,26.1,84.57,1012.12,17.72,37.2,6.2
2026-05-28 10:11:06,26.07,85.32,1010.7,18.16,37.0,6.21
2026-05-28 10:21:06,26.52,85.69,1013.72,18.21,38.87,6.19
2026-05-28 10:31:06,26.68,85.23,1013.23,18.22,36.6,6.22
2026-05-28 10:41:06,27.06,85.28,1013.7,18.54,37.34,6.18
2026-05-28 10:51:06,26.43,84.62,1013.34,19.19,37.78,6.2
2026-05-28 11:01:06,26.44,85.5,1010.45,18.99,37.01,6.22
2026-05-28 11:11:06,26.67,84.52,1012.79,19.53,37.51,6.21
2026-05-28 11:21:06,27.08,84.5,1012.26,19.43,37.64,6.19
2026-05-28 11:31:06,27.18,84.53,1012.3,19.71,36.74,6.19
2026-05-28 11:41:06,27.4,84.64,1010.07,19.81,38.49,6.18
2026-05-28 11:51:06,27.5,85.14,1009.47,19.98,37.46,6.2
2026-05-28 12:01:06,27.7,84.39,1012.31,20.07,37.0,6.18
2026-05-28 12:11:06,27.91,84.84,1012.99,20.4,36.7,6.23
2026-05-28 12:21:06,27.63,84.61,1008.48,20.11,37.92,6.2
2026-05-28 12:31:06,27.68,84.06,1011.87,20.15,37.29,6.2
2026-05-28 12:41:06,27.56,84.0,1011.37,20.66,37.91,6.19
2026-05-28 12:51:06,27.39,84.33,1012.43,20.77,38.15,6.22
2026-05-28 13:01:06,28.0,84.0,1011.37,20.97,37.38,6.18
2026-05-28 13:11:06,27.87,84.0,1012.82,20.9,37.74,6.23
2026-05-28 13:21:06,27.72,84.0,1014.71,21.18,37.9,6.2
2026-05-28 13:31:06,27.69,84.5,1012.36,20.93,37.03,6.16
2026-05-28 13:41:06,28.0,84.36,1012.99,21.26,38.03,6.21
2026-05-28 13:51:06,27.99,84.37,1010.02,21.29,37.35,6.19
2026-05-28 14:01:06,27.67,84.66,1012.07,21.61,37.34,6.21
2026-05-28 14:11:06,28.0,84.0,1010.08,21.53,37.25,6.19
2026-05-28 14:21:06,28.0,84.13,1014.26,21.49,36.97,6.22
2026-05-28 14:31:06,28.0,84.0,1008.89,22.01,36.93,6.2
2026-05-28 14:41:06,27.94,84.0,1011.95,21.72,36.94,6.22
2026-05-28 14:51:06,27.54,84.22,1008.94,21.92,37.37,6.22
2026-05-28 15:01:06,27.62,84.0,1013.64,21.8,37.95,6.19
2026-05-28 15:11:06,27.72,84.08,1011.6,21.95,37.67,6.24
2026-05-28 15:21:06,27.5,84.96,1009.39,22.24,37.68,6.19
2026-05-28 15:31:06,27.68,84.0,1011.8,22.1,36.52,6.2
2026-05-28 15:41:06,28.0,84.51,1010.0,22.19,37.23,6.22
2026-05-28 15:51:06,27.09,84.69,1010.99,21.86,37.05,6.19
2026-05-28 16:01:06,27.72,84.31,1014.04,22.16,37.99,6.24
2026-05-28 16:11:06,27.83,84.71,1012.92,21.93,38.2,6.2
2026-05-28 16:21:06,26.92,84.69,1013.63,21.91,36.71,6.19
2026-05-28 16:31:06,26.89,84.97,1011.09,21.97,37.39,6.19
2026-05-28 16:41:06,26.71,84.84,1010.39,22.2,37.65,6.19
2026-05-28 16:51:06,27.67,84.0,1009.92,22.02,37.87,6.22
2026-05-28 17:01:06,26.78,85.48,1011.41,22.15,36.86,6.19
2026-05-28 17:11:06,27.01,85.79,1011.06,21.94,36.83,6.22
2026-05-28 17:21:06,26.74,86.3,1011.51,21.45,37.26,6.2
2026-05-28 17:31:06,26.64,85.76,1010.02,21.36,36.47,6.2
2026-05-28 17:41:06,26.31,85.45,1010.62,21.33,35.88,6.2
2026-05-28 17:51:06,26.52,85.43,1012.85,21.46,36.83,6.16
2026-05-28 18:01:06,25.89,85.68,1012.24,21.54,36.85,6.21
2026-05-28 18:11:06,26.09,85.59,1010.36,21.28,37.77,6.21
2026-05-28 18:21:06,26.4,85.16,1011.66,21.34,37.36,6.17
2026-05-28 18:31:06,25.23,85.74,1009.44,21.71,36.36,6.23
2026-05-28 18:41:06,25.49,85.62,1010.93,21.03,37.93,6.15
2026-05-28 18:51:06,25.42,85.79,1013.02,21.09,37.32,6.17
2026-05-28 19:01:06,25.67,86.29,1012.85,20.92,37.97,6.23
2026-05-28 19:11:06,25.44,85.39,1012.07,20.84,37.35,6.19
2026-05-28 19:21:06,24.99,86.3,1008.3,20.97,37.51,6.17
2026-05-28 19:31:06,24.79,86.51,1011.49,20.34,37.09,6.2
2026-05-28 19:41:06,24.1,85.7,1010.08,20.12,37.52,6.19
2026-05-28 19:51:06,24.3,86.76,1012.71,20.11,37.39,6.2
2026-05-28 20:01:06,24.55,86.69,1010.49,19.91,36.86,6.2
2026-05-28 20:11:06,24.25,87.88,1011.01,19.91,37.97,6.19
2026-05-28 20:21:06,24.17,86.61,1013.37,19.91,37.12,6.19
2026-05-28 20:31:06,24.18,87.42,1012.02,19.27,37.6,6.22
2026-05-28 20:41:06,23.41,87.88,1010.45,19.17,37.54,6.22
2026-05-28 20:51:06,23.46,89.05,1010.18,19.32,37.64,6.22
2026-05-28 21:01:06,23.35,87.01,1012.62,18.7,36.49,6.2
2026-05-28 21:11:06,23.61,86.99,1007.34,18.44,36.97,6.18
2026-05-28 21:21:06,22.69,87.48,1011.77,18.78,37.67,6.22
2026-05-28 21:31:06,22.89,88.83,1010.32,18.51,37.23,6.2
2026-05-28 21:41:06,23.01,88.65,1012.26,18.29,36.59,6.19
2026-05-28 21:51:06,22.86,88.88,1010.76,17.96,36.71,6.19
2026-05-28 22:01:06,22.64,88.55,1013.47,17.91,36.1,6.19
2026-05-28 22:11:06,22.3,89.16,1009.92,17.63,36.68,6.2
2026-05-28 22:21:06,22.78,89.15,1010.06,17.36,37.86,6.21
2026-05-28 22:31:06,22.06,88.29,1014.13,17.71,37.15,6.19
2026-05-28 22:41:06,22.32,90.0,1011.8,17.88,37.16,6.18
2026-05-28 22:51:06,22.38,88.99,1014.54,17.19,36.79,6.2
2026-05-28 23:01:06,22.43,88.63,1011.49,17.05,37.34,6.16
2026-05-28 23:11:06,22.32,89.6,1012.58,16.9,37.06,6.2
2026-05-28 23:21:06,21.79,88.71,1012.1,16.82,36.8,6.19
2026-05-28 23:31:06,22.25,90.0,1011.65,16.4,37.02,6.22
2026-05-28 23:41:06,21.41,89.69,1013.95,16.3,37.38,6.21
2026-05-28 23:51:06,21.27,89.71,1011.47,16.32,37.22,6.18
2026-05-29 00:01:06,21.41,89.44,1015.45,15.88,37.46,6.19
2026-05-29 00:11:06,21.68,89.66,1011.22,15.54,37.12,6.23
2026-05-29 00:21:06,21.25,89.3,1012.51,15.39,37.75,6.19
2026-05-29 00:31:06,21.35,90.0,1012.16,15.38,37.66,6.23
2026-05-29 00:41:06,22.14,90.0,1012.48,15.39,37.27,6.19
2026-05-29 00:51:06,21.37,89.32,1013.39,15.5,37.96,6.2
2026-05-29 01:01:06,21.0,90.0,1012.6,15.17,37.25,6.24
2026-05-29 01:11:06,21.31,89.71,1012.84,15.11,37.54,6.2
2026-05-29 01:21:06,21.26,89.93,1011.15,14.4,36.28,6.18
2026-05-29 01:31:06,21.0,89.05,1011.65,15.07,36.47,6.19
2026-05-29 01:41:06,21.2,90.0,1014.64,14.73,37.04,6.25
2026-05-29 01:51:06,21.21,90.0,1011.51,14.64,36.53,6.21
2026-05-29 02:01:06,21.0,90.0,1012.78,14.49,37.22,6.19
2026-05-29 02:11:06,21.0,88.92,1013.19,14.37,36.3,6.18
2026-05-29 02:21:06,21.0,90.0,1011.71,14.44,36.71,6.2
2026-05-29 02:31:06,21.0,90.0,1011.39,14.13,36.63,6.24
2026-05-29 02:41:06,21.08,90.0,1012.47,14.01,37.79,6.21
2026-05-29 02:51:06,21.0,89.48,1012.95,14.28,37.36,6.21
2026-05-29 03:01:06,21.73,89.92,1013.63,14.35,36.92,6.21
2026-05-29 03:11:06,21.0,89.11,1012.11,13.92,38.1,6.23
2026-05-29 03:21:06,21.13,89.76,1014.19,14.33,36.95,6.19
2026-05-29 03:31:06,21.55,89.95,1009.62,14.1,36.84,6.22
2026-05-29 03:41:06,21.42,89.76,1011.32,14.09,37.04,6.19
2026-05-29 03:51:06,21.6,90.0,1011.75,13.93,37.07,6.18
2026-05-29 04:01:06,22.22,88.49,1012.7,13.91,36.44,6.23
2026-05-29 04:11:06,21.6,89.53,1012.14,13.8,36.84,6.17
2026-05-29 04:21:06,21.0,90.0,1009.76,13.94,37.99,6.21
2026-05-29 04:31:06,22.07,89.83,1011.27,13.76,36.57,6.2
2026-05-29 04:41:06,22.2,89.35,1013.95,14.08,36.57,6.2
2026-05-29 04:51:06,21.75,88.99,1011.29,14.2,36.87,6.19
2026-05-29 05:01:06,22.06,89.36,1012.24,14.0,37.28,6.19
2026-05-29 05:11:06,22.27,88.65,1010.4,14.2,36.88,6.19
2026-05-29 05:21:06,22.0,89.14,1013.36,14.22,36.87,6.2
2026-05-29 05:31:06,22.66,88.71,1013.49,14.25,36.92,6.21
2026-05-29 05:41:06,22.77,88.88,1010.85,14.03,36.6,6.25
2026-05-29 05:51:06,22.89,88.91,1009.85,14.65,37.07,6.23
2026-05-29 06:01:06,22.73,88.71,1010.12,14.69,36.36,6.2
2026-05-29 06:11:06,23.36,88.43,1011.38,14.65,37.29,6.2
2026-05-29 06:21:06,23.22,88.28,1010.49,14.78,37.94,6.22
2026-05-29 06:31:06,23.56,87.93,1014.53,14.87,36.79,6.21
2026-05-29 06:41:06,23.51,87.97,1010.84,15.2,37.03,6.22
2026-05-29 06:51:06,23.78,88.16,1013.95,15.32,37.14,6.2
2026-05-29 07:01:06,23.75,88.76,1013.31,15.51,37.44,6.17
2026-05-29 07:11:06,23.69,87.82,1010.12,15.01,35.81,6.18
2026-05-29 07:21:06,24.43,87.51,1011.7,15.61,36.66,6.17
2026-05-29 07:31:06,24.19,87.79,1014.83,15.44,38.07,6.23
2026-05-29 07:41:06,23.88,87.38,1013.88,15.49,37.42,6.19
2026-05-29 07:51:06,24.0,87.59,1012.91,16.19,37.04,6.2
2026-05-29 08:01:06,24.31,86.34,1011.85,15.87,36.9,6.19
2026-05-29 08:11:06,25.05,86.73,1014.98,16.44,37.63,6.18
2026-05-29 08:21:06,25.02,87.33,1011.27,16.13,37.25,6.19
2026-05-29 08:31:06,25.12,85.88,1010.39,16.94,36.57,6.21
2026-05-29 08:41:06,25.0,86.18,1012.85,16.62,36.42,6.2
2026-05-29 08:51:06,25.26,85.97,1011.54,16.96,37.85,6.19
2026-05-29 09:01:06,25.32,86.73,1012.55,17.07,37.68,6.2
2026-05-29 09:11:06,25.59,86.24,1011.39,17.3,36.43,6.16
2026-05-29 09:21:06,26.07,85.01,1012.0,17.14,36.78,6.18
2026-05-29 09:31:06,25.57,86.91,1011.28,17.62,37.29,6.18
2026-05-29 09:41:06,26.16,85.83,1011.81,17.72,36.34,6.19
2026-05-29 09:51:06,26.25,85.95,1009.22,18.09,36.69,6.19
2026-05-29 10:01:06,26.3,85.12,1013.52,18.1,36.95,6.19
2026-05-29 10:11:06,26.73,85.34,1009.13,18.12,36.68,6.19
2026-05-29 10:21:06,26.58,85.42,1012.98,18.66,37.11,6.21
2026-05-29 10:31:06,27.45,86.01,1011.69,18.57,37.8,6.21
2026-05-29 10:41:06,27.31,84.85,1012.83,18.8,37.39,6.19
2026-05-29 10:51:06,26.54,85.16,1013.05,18.82,35.86,6.21
2026-05-29 11:01:06,26.44,84.62,1010.11,18.91,36.78,6.18
2026-05-29 11:11:06,26.59,84.0,1013.14,19.37,37.14,6.2
2026-05-29 11:21:06,27.57,84.98,1013.5,19.05,36.76,6.18
2026-05-29 11:31:06,27.18,84.42,1011.42,19.85,37.47,6.19
2026-05-29 11:41:06,27.21,84.78,1014.02,19.87,35.89,6.18
2026-05-29 11:51:06,26.98,84.0,1012.42,19.74,36.53,6.18
2026-05-29 12:01:06,27.49,84.08,1009.15,19.58,36.58,6.2
2026-05-29 12:11:06,27.05,84.0,1012.14,20.02,37.39,6.2
2026-05-29 12:21:06,28.0,84.0,1011.24,20.2,37.39,6.18
2026-05-29 12:31:06,27.92,84.21,1012.42,20.6,36.9,6.22
2026-05-29 12:41:06,28.0,84.0,1012.14,20.31,36.48,6.21
2026-05-29 12:51:06,28.0,84.34,1012.64,21.06,36.04,6.18
2026-05-29 13:01:06,28.0,84.0,1012.23,20.93,37.47,6.2
2026-05-29 13:11:06,28.0,84.21,1011.13,21.2,36.5,6.2
2026-05-29 13:21:06,27.93,84.31,1010.36,21.43,36.42,6.19
2026-05-29 13:31:06,27.91,84.24,1011.87,21.21,37.26,6.16
2026-05-29 13:41:06,27.87,84.0,1012.7,21.36,35.88,6.2
2026-05-29 13:51:06,28.0,84.0,1012.62,21.53,37.02,6.2
2026-05-29 14:01:06,28.0,84.0,1011.9,21.6,37.18,6.2
2026-05-29 14:11:06,27.79,84.66,1015.52,21.61,36.19,6.19
2026-05-29 14:21:06,27.75,84.0,1010.79,21.81,36.72,6.16
2026-05-29 14:31:06,28.0,84.01,1011.96,21.7,35.98,6.21
2026-05-29 14:41:06,28.0,84.0,1013.58,21.87,36.41,6.18
2026-05-29 14:51:06,27.79,84.0,1013.1,22.19,36.44,6.18
2026-05-29 15:01:06,27.61,84.0,1010.85,21.74,36.39,6.19
2026-05-29 15:11:06,27.53,84.09,1012.54,21.94,36.13,6.18
2026-05-29 15:21:06,28.0,84.61,1010.21,21.84,37.47,6.19
2026-05-29 15:31:06,27.55,84.16,1012.21,22.23,35.74,6.22
2026-05-29 15:41:06,27.07,84.0,1010.62,22.09,36.53,6.2
2026-05-29 15:51:06,27.82,84.36,1013.5,22.36,36.56,6.16
2026-05-29 16:01:06,27.34,84.81,1013.78,22.35,35.78,6.21
2026-05-29 16:11:06,27.1,84.36,1011.01,22.15,36.89,6.2
2026-05-29 16:21:06,27.57,84.67,1009.16,21.66,35.97,6.22
2026-05-29 16:31:06,26.93,84.17,1014.46,21.84,36.43,6.23
2026-05-29 16:41:06,27.02,84.42,1012.13,22.19,36.65,6.21
2026-05-29 16:51:06,27.28,84.34,1012.31,21.92,37.09,6.2
2026-05-29 17:01:06,27.54,84.82,1013.69,21.79,36.35,6.19
2026-05-29 17:11:06,26.98,86.22,1012.53,21.95,35.89,6.21
2026-05-29 17:21:06,26.99,85.12,1012.6,21.83,36.59,6.17
2026-05-29 17:31:06,27.03,86.38,1013.91,21.82,36.36,6.22
2026-05-29 17:41:06,26.6,85.63,1013.38,21.69,36.62,6.22
2026-05-29 17:51:06,26.2,85.72,1013.99,21.87,36.0,6.23
2026-05-29 18:01:06,26.22,85.99,1014.08,21.63,37.16,6.18
2026-05-29 18:11:06,26.09,85.65,1013.4,21.43,36.86,6.2
2026-05-29 18:21:06,26.22,85.21,1011.39,21.56,36.16,6.2
2026-05-29 18:31:06,25.36,85.35,1010.26,21.35,36.24,6.18
2026-05-29 18:41:06,25.5,86.05,1012.51,21.17,36.2,6.19
2026-05-29 18:51:06,25.58,86.36,1011.27,20.98,37.34,6.24
2026-05-29 19:01:06,25.66,85.81,1012.16,20.85,36.52,6.18
2026-05-29 19:11:06,25.79,86.43,1013.05,20.59,36.93,6.23
2026-05-29 19:21:06,24.61,86.14,1011.49,20.52,35.88,6.16
2026-05-29 19:31:06,25.38,86.91,1012.89,20.31,37.66,6.22
2026-05-29 19:41:06,24.73,86.72,1013.95,20.47,36.23,6.18
2026-05-29 19:51:06,24.35,86.99,1015.39,19.9,37.02,6.21
2026-05-29 20:01:06,24.1,85.92,1013.06,19.94,36.99,6.19
2026-05-29 20:11:06,24.49,87.67,1010.62,19.8,35.58,6.22
2026-05-29 20:21:06,24.44,87.26,1008.96,19.43,37.03,6.17
2026-05-29 20:31:06,24.19,88.01,1011.79,19.15,36.99,6.2
2026-05-29 20:41:06,23.78,86.75,1012.96,19.28,37.82,6.2
2026-05-29 20:51:06,23.67,87.93,1013.16,19.07,36.43,6.2
2026-05-29 21:01:06,23.83,87.53,1011.28,19.48,36.81,6.19
2026-05-29 21:11:06,23.48,87.87,1009.3,19.17,36.51,6.2
2026-05-29 21:21:06,22.9,88.15,1014.48,19.1,36.85,6.2
2026-05-29 21:31:06,22.75,87.71,1011.23,18.6,37.07,6.2
2026-05-29 21:41:06,23.0,88.59,1012.26,18.61,37.05,6.2
2026-05-29 21:51:06,23.22,88.44,1010.45,17.84,35.83,6.19
2026-05-29 22:01:06,22.36,89.31,1010.7,18.05,36.4,6.16
2026-05-29 22:11:06,22.3,88.84,1011.55,17.82,36.71,6.2
2026-05-29 22:21:06,23.18,88.82,1012.24,17.84,36.55,6.17
2026-05-29 22:31:06,22.49,89.07,1010.18,17.44,35.74,6.23
2026-05-29 22:41:06,21.94,88.87,1013.31,17.27,36.68,6.21
2026-05-29 22:51:06,21.82,88.82,1011.94,17.62,35.46,6.19
2026-05-29 23:01:06,22.44,89.46,1012.81,17.13,36.61,6.19
2026-05-29 23:11:06,22.07,89.19,1010.73,16.71,36.58,6.21
2026-05-29 23:21:06,21.3,89.58,1013.29,16.79,37.17,6.18
2026-05-29 23:31:06,21.73,90.0,1013.0,16.52,36.64,6.22
2026-05-29 23:41:06,21.0,89.68,1009.46,16.16,36.6,6.2
2026-05-29 23:51:06,21.7,89.85,1014.93,16.18,36.54,6.23
2026-05-30 00:01:06,21.31,90.0,1011.12,15.97,35.78,6.21
2026-05-30 00:11:06,21.14,89.9,1013.81,16.15,37.08,6.18
2026-05-30 00:21:06,21.69,89.75,1011.98,15.74,35.76,6.18
2026-05-30 00:31:06,21.28,90.0,1011.69,15.44,36.25,6.21
2026-05-30 00:41:06,21.4,89.62,1011.26,15.46,36.53,6.17
2026-05-30 00:51:06,21.37,90.0,1012.57,14.98,36.21,6.19
2026-05-30 01:01:06,21.23,89.54,1011.8,15.13,36.69,6.2
2026-05-30 01:11:06,21.0,90.0,1011.26,15.19,36.93,6.2
2026-05-30 01:21:06,21.52,90.0,1010.86,15.08,36.34,6.24
2026-05-30 01:31:06,21.0,90.0,1008.13,15.05,36.76,6.21
2026-05-30 01:41:06,21.22,90.0,1011.36,14.67,36.65,6.2
2026-05-30 01:51:06,21.0,90.0,1010.33,14.73,37.4,6.17
2026-05-30 02:01:06,21.0,90.0,1010.99,14.33,35.67,6.19
2026-05-30 02:11:06,21.0,90.0,1010.72,14.43,35.8,6.21
2026-05-30 02:21:06,21.32,89.3,1012.0,14.16,37.53,6.18
2026-05-30 02:31:06,21.0,90.0,1012.95,14.5,35.93,6.22
2026-05-30 02:41:06,21.0,90.0,1012.38,13.84,36.73,6.19
2026-05-30 02:51:06,21.34,89.85,1013.64,14.52,36.47,6.22
2026-05-30 03:01:06,21.0,89.46,1013.99,14.09,36.01,6.19
2026-05-30 03:11:06,21.18,90.0,1011.49,14.41,35.96,6.21
2026-05-30 03:21:06,21.0,89.89,1011.74,14.12,36.29,6.2
2026-05-30 03:31:06,21.88,88.69,1011.21,14.0,36.02,6.21
2026-05-30 03:41:06,21.29,89.97,1015.07,14.28,36.39,6.18
2026-05-30 03:51:06,21.38,90.0,1010.86,14.0,35.43,6.16
2026-05-30 04:01:06,21.78,89.5,1013.25,13.76,36.91,6.19
2026-05-30 04:11:06,21.0,88.7,1011.38,13.98,36.38,6.16
2026-05-30 04:21:06,21.69,88.72,1012.03,14.02,36.53,6.19
2026-05-30 04:31:06,22.02,88.54,1011.02,14.7,36.36,6.2
2026-05-30 04:41:06,22.07,89.66,1011.3,13.98,36.15,6.22
2026-05-30 04:51:06,21.93,89.31,1012.65,14.17,36.52,6.21
2026-05-30 05:01:06,22.28,89.19,1015.08,14.18,35.4,6.22
2026-05-30 05:11:06,22.04,89.01,1012.24,14.55,36.72,6.19
2026-05-30 05:21:06,22.74,88.94,1011.83,14.34,36.99,6.18
2026-05-30 05:31:06,22.33,88.92,1011.13,14.12,36.15,6.23
2026-05-30 05:41:06,22.14,88.33,1010.05,14.38,36.34,6.17
2026-05-30 05:51:06,22.11,88.32,1012.33,14.43,36.08,6.22
2026-05-30 06:01:06,23.02,89.0,1009.85,14.9,36.44,6.19
2026-05-30 06:11:06,23.19,89.73,1011.0,14.28,35.33,6.19
2026-05-30 06:21:06,22.94,88.93,1010.34,15.13,37.35,6.15
2026-05-30 06:31:06,23.56,87.94,1013.27,14.5,36.2,6.17
2026-05-30 06:41:06,23.25,88.86,1011.89,14.92,35.37,6.22
2026-05-30 06:51:06,23.55,88.58,1014.5,15.27,36.31,6.19
2026-05-30 07:01:06,24.15,88.01,1010.04,15.54,35.48,6.19
2026-05-30 07:11:06,24.05,88.37,1010.65,15.56,35.86,6.25
2026-05-30 07:21:06,23.72,88.6,1013.49,15.78,36.24,6.18
2026-05-30 07:31:06,24.31,87.58,1012.31,15.71,35.63,6.19
2026-05-30 07:41:06,24.77,87.43,1013.46,15.94,36.48,6.24
2026-05-30 07:51:06,24.01,86.8,1011.84,15.87,36.05,6.21
2026-05-30 08:01:06,24.01,87.11,1010.13,16.3,36.27,6.24
2026-05-30 08:11:06,24.75,87.16,1010.16,16.18,35.62,6.2
2026-05-30 08:21:06,24.8,87.23,1013.27,16.38,36.45,6.2
2026-05-30 08:31:06,24.63,86.54,1011.96,16.49,36.63,6.17
2026-05-30 08:41:06,24.98,87.03,1012.57,16.78,35.79,6.2
2026-05-30 08:51:06,25.47,86.06,1010.95,16.82,35.84,6.21
2026-05-30 09:01:06,25.55,86.14,1009.35,17.09,35.63,6.21
2026-05-30 09:11:06,25.53,86.18,1011.97,17.23,36.7,6.2
2026-05-30 09:21:06,25.71,86.5,1012.25,17.45,35.79,6.18
2026-05-30 09:31:06,26.03,85.63,1010.38,17.68,36.43,6.21
2026-05-30 09:41:06,26.41,85.83,1018.08,17.6,36.1,6.2
2026-05-30 09:51:06,25.96,85.3,1011.75,17.86,35.48,6.21
2026-05-30 10:01:06,26.53,85.68,1010.68,18.3,35.91,6.18
2026-05-30 10:11:06,26.8,85.72,1012.82,18.16,36.09,6.17
2026-05-30 10:21:06,26.56,85.12,1012.87,18.51,36.46,6.23
2026-05-30 10:31:06,26.44,84.89,1011.72,18.56,35.9,6.23
2026-05-30 10:41:06,27.19,85.22,1014.13,18.63,36.23,6.16
2026-05-30 10:51:06,27.11,84.16,1010.01,18.94,37.09,6.19
2026-05-30 11:01:06,26.64,85.61,1011.15,19.16,35.79,6.2
2026-05-30 11:11:06,27.4,85.08,1010.1,19.49,34.92,6.19
2026-05-30 11:21:06,27.03,85.02,1012.39,19.27,35.94,6.21
2026-05-30 11:31:06,27.22,84.32,1010.97,19.39,36.16,6.21
2026-05-30 11:41:06,27.54,84.95,1012.62,19.38,36.9,6.2
2026-05-30 11:51:06,27.29,84.57,1012.02,19.6,36.69,6.24
2026-05-30 12:01:06,27.68,84.85,1013.29,20.21,35.73,6.22
2026-05-30 12:11:06,27.62,84.72,1013.02,19.85,35.94,6.2
2026-05-30 12:21:06,27.42,84.44,1013.06,20.13,36.38,6.15
2026-05-30 12:31:06,27.65,84.0,1011.32,20.5,35.61,6.23
2026-05-30 12:41:06,27.61,84.23,1013.33,20.56,36.19,6.22
2026-05-30 12:51:06,28.0,84.22,1011.55,20.53,36.03,6.17
2026-05-30 13:01:06,27.48,84.14,1010.91,21.14,36.19,6.19
2026-05-30 13:11:06,27.91,84.48,1012.08,20.88,35.8,6.2
2026-05-30 13:21:06,27.55,84.27,1011.04,21.42,35.81,6.23
2026-05-30 13:31:06,28.0,84.66,1012.52,21.21,35.37,6.21
2026-05-30 13:41:06,28.0,84.0,1013.57,21.38,35.47,6.17
2026-05-30 13:51:06,27.56,84.0,1016.07,21.53,36.33,6.2
2026-05-30 14:01:06,28.0,84.75,1009.45,21.41,35.55,6.23
2026-05-30 14:11:06,27.59,84.46,1014.3,21.48,35.96,6.23
2026-05-30 14:21:06,27.81,84.2,1012.1,21.75,35.61,6.23
2026-05-30 14:31:06,28.0,84.0,1010.96,21.47,35.15,6.21
2026-05-30 14:41:06,27.84,84.56,1010.19,21.95,35.8,6.19
2026-05-30 14:51:06,27.75,84.0,1009.81,21.38,36.68,6.16
2026-05-30 15:01:06,28.0,84.64,1013.45,21.41,35.38,6.23
2026-05-30 15:11:06,27.83,84.0,1011.23,21.67,36.14,6.21
2026-05-30 15:21:06,28.0,84.58,1011.76,21.63,35.98,6.2
2026-05-30 15:31:06,28.0,84.34,1011.9,22.0,35.61,6.2
2026-05-30 15:41:06,27.9,84.0,1012.14,22.04,34.94,6.23
2026-05-30 15:51:06,28.0,84.15,1013.9,22.15,36.19,6.18
2026-05-30 16:01:06,27.81,85.3,1010.51,22.04,34.78,6.18
2026-05-30 16:11:06,27.31,84.34,1012.08,21.63,35.51,6.23
2026-05-30 16:21:06,27.64,84.84,1011.96,22.15,35.28,6.19
2026-05-30 16:31:06,26.8,84.0,1012.52,22.14,35.48,6.2
2026-05-30 16:41:06,27.34,84.14,1012.28,22.21,35.05,6.17
2026-05-30 16:51:06,27.02,84.3,1012.54,21.77,36.07,6.22
2026-05-30 17:01:06,27.47,84.93,1013.33,21.95,36.57,6.18
2026-05-30 17:11:06,26.88,85.27,1010.79,21.48,36.3,6.19
2026-05-30 17:21:06,26.13,85.95,1013.31,21.82,35.65,6.2
2026-05-30 17:31:06,26.55,85.56,1012.5,22.09,36.21,6.17
2026-05-30 17:41:06,26.78,85.09,1010.86,21.57,35.96,6.2
2026-05-30 17:51:06,26.29,85.14,1012.09,21.64,36.27,6.21
2026-05-30 18:01:06,26.03,85.93,1010.64,21.29,35.62,6.23
2026-05-30 18:11:06,25.66,86.37,1012.43,21.31,35.61,6.2
2026-05-30 18:21:06,26.31,86.06,1011.67,21.53,36.33,6.2
2026-05-30 18:31:06,25.93,86.3,1012.27,21.11,35.58,6.21
2026-05-30 18:41:06,26.01,86.44,1013.2,21.33,36.03,6.22
2026-05-30 18:51:06,24.98,85.33,1010.22,20.78,36.82,6.21
2026-05-30 19:01:06,25.44,86.14,1012.62,21.03,35.43,6.21
2026-05-30 19:11:06,25.91,86.4,1011.53,20.59,35.96,6.22
2026-05-30 19:21:06,24.6,86.4,1013.38,20.56,36.25,6.18
2026-05-30 19:31:06,24.65,86.98,1009.76,20.71,35.83,6.24
2026-05-30 19:41:06,25.01,86.29,1008.58,20.34,35.61,6.19
2026-05-30 19:51:06,24.56,87.1,1011.34,19.95,34.81,6.22
2026-05-30 20:01:06,24.56,87.27,1013.08,19.79,34.84,6.19
2026-05-30 20:11:06,24.78,87.79,1011.37,19.45,36.72,6.21
2026-05-30 20:21:06,24.54,87.4,1011.05,19.53,35.93,6.19
2026-05-30 20:31:06,24.06,87.77,1013.38,19.08,36.21,6.19
2026-05-30 20:41:06,24.42,88.83,1011.9,19.3,35.56,6.2
2026-05-30 20:51:06,23.85,88.09,1008.37,19.31,36.15,6.18
2026-05-30 21:01:06,23.52,87.27,1014.24,18.58,35.34,6.21
2026-05-30 21:11:06,23.81,88.22,1011.02,18.87,35.74,6.19
2026-05-30 21:21:06,23.29,88.68,1012.65,18.5,35.24,6.2
2026-05-30 21:31:06,23.26,88.1,1013.81,18.5,35.87,6.2
2026-05-30 21:41:06,22.81,88.04,1013.93,18.22,35.46,6.2
2026-05-30 21:51:06,23.34,88.75,1011.34,17.8,36.29,6.2
2026-05-30 22:01:06,22.95,88.4,1012.94,18.02,35.18,6.22
2026-05-30 22:11:06,22.84,87.98,1010.57,17.4,35.67,6.21
2026-05-30 22:21:06,22.53,89.14,1011.47,18.19,36.64,6.2
2026-05-30 22:31:06,22.38,89.39,1014.71,17.68,36.48,6.2
2026-05-30 22:41:06,22.23,88.17,1013.06,17.51,34.96,6.22
2026-05-30 22:51:06,22.12,89.3,1012.65,16.89,35.69,6.23
2026-05-30 23:01:06,22.03,89.35,1009.24,16.51,35.36,6.2
2026-05-30 23:11:06,21.5,89.16,1011.28,16.99,37.14,6.16
2026-05-30 23:21:06,21.62,89.88,1009.86,16.82,36.23,6.22
2026-05-30 23:31:06,21.76,88.81,1008.47,16.66,34.34,6.15
2026-05-30 23:41:06,21.93,89.03,1014.49,16.4,34.74,6.18
2026-05-30 23:51:06,21.56,88.94,1011.78,16.21,36.4,6.24
2026-05-31 00:01:06,22.03,89.64,1014.82,15.85,35.27,6.22
2026-05-31 00:11:06,21.39,89.14,1014.37,15.69,34.35,6.19
2026-05-31 00:21:06,21.27,89.45,1010.85,15.66,36.38,6.22
2026-05-31 00:31:06,21.15,89.71,1014.71,15.89,35.25,6.18
2026-05-31 00:41:06,21.23,89.98,1015.24,15.44,36.59,6.17
2026-05-31 00:51:06,21.25,89.96,1009.2,15.46,35.31,6.19
2026-05-31 01:01:06,21.16,90.0,1010.47,14.82,35.94,6.22
2026-05-31 01:11:06,21.13,89.2,1014.21,15.05,36.02,6.18
2026-05-31 01:21:06,21.29,89.2,1013.69,14.76,36.11,6.21
2026-05-31 01:31:06,21.76,89.88,1011.76,14.89,36.4,6.23
2026-05-31 01:41:06,21.06,89.98,1012.06,14.6,35.89,6.18
2026-05-31 01:51:06,21.03,90.0,1012.15,14.57,36.11,6.2
2026-05-31 02:01:06,21.19,89.36,1009.87,14.6,35.89,6.16
2026-05-31 02:11:06,21.0,90.0,1010.74,14.8,35.49,6.19
2026-05-31 02:21:06,21.37,89.89,1013.62,14.34,36.01,6.21
2026-05-31 02:31:06,21.0,90.0,1011.79,14.19,35.44,6.18
2026-05-31 02:41:06,21.0,90.0,1012.97,14.4,35.97,6.19
2026-05-31 02:51:06,21.24,89.73,1010.24,14.24,36.03,6.22
2026-05-31 03:01:06,21.21,89.81,1013.08,14.04,35.36,6.21
2026-05-31 03:11:06,21.13,89.64,1012.11,14.2,34.7,6.24
2026-05-31 03:21:06,21.66,89.82,1011.86,14.16,35.11,6.2
2026-05-31 03:31:06,21.27,89.78,1013.02,14.25,35.15,6.24
2026-05-31 03:41:06,21.53,90.0,1013.27,14.15,35.64,6.23
2026-05-31 03:51:06,21.34,89.0,1011.57,13.95,35.83,6.17
2026-05-31 04:01:06,21.13,89.23,1010.68,13.99,36.28,6.2
2026-05-31 04:11:06,21.38,89.97,1011.78,13.92,35.02,6.21
2026-05-31 04:21:06,21.9,89.82,1010.87,13.87,34.89,6.21
2026-05-31 04:31:06,21.93,89.43,1009.71,13.99,35.82,6.2
2026-05-31 04:41:06,22.03,88.97,1014.52,14.24,34.94,6.21
2026-05-31 04:51:06,21.82,89.66,1011.13,13.96,35.61,6.18
2026-05-31 05:01:06,21.93,88.74,1008.52,14.28,35.63,6.18
2026-05-31 05:11:06,22.3,89.93,1010.83,14.07,35.52,6.2
2026-05-31 05:21:06,21.78,89.25,1014.05,13.89,35.45,6.21
2026-05-31 05:31:06,22.11,88.01,1012.15,14.46,35.95,6.22
2026-05-31 05:41:06,22.13,88.36,1013.44,14.41,35.58,6.18
2026-05-31 05:51:06,22.33,88.59,1014.11,14.39,35.45,6.21
2026-05-31 06:01:06,22.64,88.87,1011.42,14.65,35.71,6.2
2026-05-31 06:11:06,23.06,87.66,1015.01,14.41,35.52,6.18
2026-05-31 06:21:06,23.11,88.58,1010.96,14.51,34.85,6.2
2026-05-31 06:31:06,22.51,87.32,1010.37,14.49,35.5,6.21
2026-05-31 06:41:06,23.49,88.03,1011.74,14.77,35.31,6.18
2026-05-31 06:51:06,23.1,87.45,1012.06,15.03,33.97,6.2
2026-05-31 07:01:06,23.25,86.54,1011.01,15.14,35.73,6.21
2026-05-31 07:11:06,23.76,88.02,1011.0,15.01,35.78,6.2
2026-05-31 07:21:06,23.68,87.14,1010.36,15.32,36.12,6.19
2026-05-31 07:31:06,23.83,87.98,1012.37,15.53,35.3,6.16
2026-05-31 07:41:06,24.48,88.22,1010.77,15.97,35.44,6.2
2026-05-31 07:51:06,24.56,86.18,1012.77,15.86,35.83,6.2
2026-05-31 08:01:06,24.82,87.07,1012.79,16.04,35.75,6.17
2026-05-31 08:11:06,25.03,87.17,1012.3,16.43,35.02,6.18
2026-05-31 08:21:06,24.55,86.61,1010.62,16.62,35.51,6.19
2026-05-31 08:31:06,25.13,87.24,1012.83,16.61,34.42,6.19
2026-05-31 08:41:06,24.98,86.84,1013.31,16.56,35.02,6.16
2026-05-31 08:51:06,25.16,86.63,1011.08,16.58,34.86,6.17
2026-05-31 09:01:06,25.17,85.86,1011.59,17.14,35.06,6.2
2026-05-31 09:11:06,25.77,85.44,1009.79,17.0,35.05,6.2
2026-05-31 09:21:06,26.11,86.04,1011.65,16.99,35.51,6.18
2026-05-31 09:31:06,26.1,85.22,1010.38,17.48,34.92,6.18
2026-05-31 09:41:06,25.92,86.1,1010.23,17.88,35.0,6.19
2026-05-31 09:51:06,25.99,85.24,1012.17,17.77,35.18,6.22
2026-05-31 10:01:06,25.66,85.75,1010.8,18.04,35.54,6.23
2026-05-31 10:11:06,26.41,85.7,1014.25,18.02,35.23,6.19
2026-05-31 10:21:06,26.51,84.74,1014.48,18.36,35.87,6.21
2026-05-31 10:31:06,26.63,85.41,1012.84,18.61,35.71,6.21
2026-05-31 10:41:06,26.26,84.74,1010.76,18.63,35.2,6.18
2026-05-31 10:51:06,27.5,85.65,1013.59,18.8,35.27,6.21
2026-05-31 11:01:06,26.89,85.33,1014.02,19.11,34.8,6.2
2026-05-31 11:11:06,27.01,84.83,1010.82,19.13,35.68,6.2
2026-05-31 11:21:06,26.93,84.63,1012.45,19.13,35.97,6.19
2026-05-31 11:31:06,27.41,84.18,1012.47,19.62,35.0,6.23
2026-05-31 11:41:06,27.71,84.76,1011.31,19.74,34.93,6.24
2026-05-31 11:51:06,26.8,84.0,1009.94,20.23,35.36,6.19
2026-05-31 12:01:06,27.38,84.69,1011.86,19.99,35.36,6.22
2026-05-31 12:11:06,27.5,85.14,1011.61,20.17,34.95,6.22
2026-05-31 12:21:06,27.91,84.23,1013.05,20.42,35.41,6.21
2026-05-31 12:31:06,27.09,84.03,1013.47,20.42,35.45,6.19
2026-05-31 12:41:06,28.0,84.0,1012.62,20.72,35.13,6.2
2026-05-31 12:51:06,28.0,84.46,1012.56,20.56,35.53,6.22
2026-05-31 13:01:06,27.57,84.93,1016.48,20.72,34.59,6.17
2026-05-31 13:11:06,28.0,84.09,1011.03,20.79,35.13,6.22
2026-05-31 13:21:06,27.85,85.15,1010.73,21.02,34.65,6.2
2026-05-31 13:31:06,28.0,84.52,1011.76,21.14,35.44,6.21
2026-05-31 13:41:06,27.87,84.0,1010.32,21.46,35.05,6.18
2026-05-31 13:51:06,27.52,84.0,1012.48,21.44,35.02,6.16
2026-05-31 14:01:06,28.0,84.4,1012.59,21.52,34.76,6.22
2026-05-31 14:11:06,27.77,84.0,1012.48,21.57,34.71,6.21
2026-05-31 14:21:06,28.0,84.1,1011.44,21.66,34.81,6.22
2026-05-31 14:31:06,27.8,84.34,1015.38,21.29,35.33,6.21
2026-05-31 14:41:06,28.0,84.0,1012.66,21.88,35.61,6.21
2026-05-31 14:51:06,28.0,84.47,1012.67,21.85,34.92,6.17
2026-05-31 15:01:06,27.78,84.0,1011.82,21.79,34.64,6.23
2026-05-31 15:11:06,27.77,84.19,1013.41,22.06,33.83,6.21
2026-05-31 15:21:06,27.38,84.18,1012.0,21.77,34.29,6.23
2026-05-31 15:31:06,27.91,84.55,1012.19,22.29,35.42,6.21
2026-05-31 15:41:06,28.0,84.43,1012.78,21.99,35.66,6.2
2026-05-31 15:51:06,27.68,84.0,1014.66,21.96,35.72,6.2
2026-05-31 16:01:06,26.92,84.73,1010.44,21.81,35.9,6.17
2026-05-31 16:11:06,27.32,85.05,1011.33,21.89,34.71,6.19
2026-05-31 16:21:06,27.33,85.43,1011.64,22.09,35.12,6.18
2026-05-31 16:31:06,27.19,84.45,1010.84,21.9,35.36,6.2
2026-05-31 16:41:06,27.17,85.38,1012.26,22.04,35.85,6.2
2026-05-31 16:51:06,26.9,84.76,1011.36,21.91,35.06,6.2
2026-05-31 17:01:06,27.16,85.47,1010.82,21.9,35.06,6.18
2026-05-31 17:11:06,26.55,85.06,1013.66,21.97,34.29,6.2
2026-05-31 17:21:06,27.3,85.18,1011.67,21.65,35.03,6.2
2026-05-31 17:31:06,26.27,84.98,1013.49,21.95,34.61,6.18
2026-05-31 17:41:06,26.33,86.05,1012.14,21.61,34.46,6.2
2026-05-31 17:51:06,25.86,84.21,1011.57,21.71,35.05,6.17
2026-05-31 18:01:06,25.7,85.69,1011.64,21.65,34.64,6.2
2026-05-31 18:11:06,26.65,85.2,1010.54,21.25,35.43,6.18
2026-05-31 18:21:06,25.6,86.22,1010.25,21.43,34.55,6.23
2026-05-31 18:31:06,25.16,85.27,1012.2,21.04,36.12,6.19
2026-05-31 18:41:06,25.98,86.09,1013.05,20.81,35.41,6.2
2026-05-31 18:51:06,25.96,85.86,1013.96,20.94,34.53,6.2
2026-05-31 19:01:06,25.62,85.36,1013.65,20.72,35.67,6.17
2026-05-31 19:11:06,25.47,86.38,1010.39,20.84,34.85,6.19
2026-05-31 19:21:06,25.67,85.9,1012.58,20.15,35.45,6.22
2026-05-31 19:31:06,24.91,86.17,1010.25,20.52,35.04,6.17
2026-05-31 19:41:06,24.26,87.12,1012.41,20.22,34.52,6.21
2026-05-31 19:51:06,24.08,87.03,1012.13,20.43,34.43,6.22
2026-05-31 20:01:06,24.29,87.22,1009.12,20.35,34.13,6.2
2026-05-31 20:11:06,24.35,86.16,1009.54,19.81,34.13,6.17
2026-05-31 20:21:06,24.22,87.08,1010.64,20.0,34.67,6.18
2026-05-31 20:31:06,24.05,87.75,1011.34,19.52,35.58,6.19
2026-05-31 20:41:06,24.15,87.42,1010.16,19.44,35.67,6.21
2026-05-31 20:51:06,23.41,87.99,1015.77,18.92,35.95,6.23
2026-05-31 21:01:06,23.58,88.17,1015.07,19.32,35.18,6.16
2026-05-31 21:11:06,23.06,88.4,1011.64,18.84,34.36,6.18
2026-05-31 21:21:06,22.98,88.51,1012.2,18.29,35.49,6.22
2026-05-31 21:31:06,23.17,87.86,1013.65,18.35,35.04,6.23
2026-05-31 21:41:06,22.9,89.2,1011.23,17.98,33.73,6.2
2026-05-31 21:51:06,22.9,87.82,1013.5,18.19,34.63,6.19
2026-05-31 22:01:06,22.74,89.14,1012.69,18.3,35.31,6.19
2026-05-31 22:11:06,22.35,88.73,1011.05,17.84,35.13,6.19
2026-05-31 22:21:06,22.64,89.59,1011.94,17.76,34.72,6.16
2026-05-31 22:31:06,22.54,88.93,1013.76,17.25,35.0,6.17
2026-05-31 22:41:06,21.99,89.12,1012.47,17.34,35.05,6.22
2026-05-31 22:51:06,22.43,88.64,1012.08,16.86,35.15,6.2
2026-05-31 23:01:06,22.02,89.29,1015.68,17.05,35.57,6.18
2026-05-31 23:11:06,21.71,89.73,1011.03,16.74,35.09,6.2
2026-05-31 23:21:06,21.9,88.52,1008.99,16.6,35.42,6.2
2026-05-31 23:31:06,21.48,89.11,1011.93,16.71,34.71,6.21
2026-05-31 23:41:06,22.26,88.94,1009.43,16.42,35.05,6.2
2026-05-31 23:51:06,21.9,89.62,1010.97,16.05,40.42,6.18
2026-06-01 00:01:06,21.95,89.05,1012.55,15.74,40.02,6.2
2026-06-01 00:11:06,21.07,89.97,1011.08,15.75,40.45,6.2
2026-06-01 00:21:06,21.0,90.0,1011.72,15.72,39.99,6.19
2026-06-01 00:31:06,21.59,88.91,1008.48,15.48,40.06,6.23
2026-06-01 00:41:06,21.25,90.0,1013.06,15.01,39.69,6.2
2026-06-01 00:51:06,21.0,90.0,1010.75,15.44,39.85,6.21
2026-06-01 01:01:06,21.37,90.0,1012.15,15.2,39.58,6.22
2026-06-01 01:11:06,21.0,90.0,1013.75,14.9,40.38,6.19
2026-06-01 01:21:06,21.48,90.0,1013.52,14.89,40.41,6.22
2026-06-01 01:31:06,21.02,89.44,1012.26,14.77,39.26,6.21
2026-06-01 01:41:06,21.26,89.44,1012.68,15.2,40.55,6.16
2026-06-01 01:51:06,21.0,89.98,1011.47,14.68,39.42,6.21
2026-06-01 02:01:06,21.13,90.0,1014.25,14.45,40.02,6.18
2026-06-01 02:11:06,21.0,89.57,1013.88,14.68,40.14,6.2
2026-06-01 02:21:06,21.0,89.33,1013.59,14.02,40.33,6.23
2026-06-01 02:31:06,21.0,89.64,1011.91,14.51,39.83,6.18
2026-06-01 02:41:06,21.21,89.68,1011.31,14.37,40.94,6.17
2026-06-01 02:51:06,21.0,89.87,1014.15,14.44,40.45,6.17
2026-06-01 03:01:06,21.0,90.0,1013.13,14.21,39.6,6.18
2026-06-01 03:11:06,21.0,89.78,1012.66,14.09,40.14,6.23
2026-06-01 03:21:06,21.11,89.55,1011.2,14.24,40.75,6.24
2026-06-01 03:31:06,21.73,89.47,1014.38,14.07,39.45,6.25
2026-06-01 03:41:06,21.44,89.5,1013.21,14.43,40.15,6.19
2026-06-01 03:51:06,21.62,89.9,1011.79,14.2,40.72,6.18
2026-06-01 04:01:06,21.77,88.18,1010.59,14.32,39.7,6.22
2026-06-01 04:11:06,21.51,89.17,1012.89,13.95,38.52,6.24
2026-06-01 04:21:06,21.71,89.3,1013.97,14.24,39.67,6.21
2026-06-01 04:31:06,21.14,90.0,1014.16,13.99,39.75,6.21
2026-06-01 04:41:06,21.89,89.3,1011.36,13.96,40.35,6.23
2026-06-01 04:51:06,22.17,89.31,1013.1,14.15,40.08,6.2
2026-06-01 05:01:06,21.89,88.87,1012.87,14.18,40.51,6.19
2026-06-01 05:11:06,22.08,89.88,1012.76,14.32,39.72,6.21
2026-06-01 05:21:06,21.96,87.99,1013.08,14.19,39.21,6.2
2026-06-01 05:31:06,21.94,88.92,1012.23,14.37,40.16,6.23
2026-06-01 05:41:06,22.81,87.67,1013.82,14.48,39.7,6.19
2026-06-01 05:51:06,22.3,88.25,1010.22,14.34,40.1,6.18
2026-06-01 06:01:06,22.77,87.81,1014.63,14.74,40.01,6.2
2026-06-01 06:11:06,23.66,88.48,1012.77,14.19,39.59,6.16
2026-06-01 06:21:06,23.29,88.51,1013.6,14.7,39.77,6.24
2026-06-01 06:31:06,22.72,88.72,1014.15,15.02,40.46,6.18
2026-06-01 06:41:06,23.06,87.89,1010.83,15.42,39.84,6.18
2026-06-01 06:51:06,24.37,87.14,1011.41,14.78,39.94,6.19
2026-06-01 07:01:06,23.68,87.24,1012.07,15.15,39.93,6.2
2026-06-01 07:11:06,24.09,88.05,1011.39,15.69,39.55,6.2
2026-06-01 07:21:06,24.11,87.86,1013.65,15.75,39.55,6.19
2026-06-01 07:31:06,24.23,87.86,1011.65,15.55,38.91,6.17
2026-06-01 07:41:06,24.25,86.23,1011.57,15.71,39.69,6.2
2026-06-01 07:51:06,24.45,86.95,1013.71,15.87,40.93,6.19
2026-06-01 08:01:06,24.65,86.78,1011.46,15.65,39.3,6.21
2026-06-01 08:11:06,24.52,87.15,1011.13,16.06,40.87,6.17
2026-06-01 08:21:06,24.67,87.5,1012.48,16.29,39.07,6.21
2026-06-01 08:31:06,24.8,85.99,1011.99,16.75,39.62,6.18
2026-06-01 08:41:06,25.13,85.62,1011.28,16.55,39.83,6.19
2026-06-01 08:51:06,25.24,86.8,1011.95,16.53,40.59,6.23
2026-06-01 09:01:06,25.46,87.51,1010.86,16.92,39.53,6.24
2026-06-01 09:11:06,25.18,85.98,1012.55,17.01,39.82,6.21
2026-06-01 09:21:06,25.93,86.3,1013.2,17.23,39.92,6.2
2026-06-01 09:31:06,25.26,86.96,1013.4,17.26,39.26,6.22
2026-06-01 09:41:06,26.63,85.21,1009.99,17.6,39.9,6.2
2026-06-01 09:51:06,25.83,85.96,1010.4,18.1,39.78,6.2
2026-06-01 10:01:06,26.15,85.35,1010.72,18.09,39.47,6.21
2026-06-01 10:11:06,26.72,84.98,1010.94,18.75,40.33,6.23
2026-06-01 10:21:06,26.51,85.49,1011.65,18.47,39.15,6.23
2026-06-01 10:31:06,26.71,85.64,1011.75,18.02,39.17,6.2
2026-06-01 10:41:06,26.89,85.24,1014.85,19.21,40.12,6.23
2026-06-01 10:51:06,27.18,84.81,1014.38,18.79,40.45,6.2
2026-06-01 11:01:06,26.95,85.14,1012.42,19.07,39.66,6.18
2026-06-01 11:11:06,26.68,84.26,1012.83,19.36,39.53,6.22
2026-06-01 11:21:06,27.26,85.14,1010.96,19.44,39.66,6.24
2026-06-01 11:31:06,27.37,84.43,1010.07,19.23,40.24,6.19
2026-06-01 11:41:06,27.19,84.14,1011.67,19.64,40.58,6.2
2026-06-01 11:51:06,27.65,84.5,1012.54,20.13,39.5,6.18
2026-06-01 12:01:06,27.84,84.52,1012.38,20.28,39.55,6.21
2026-06-01 12:11:06,28.0,84.36,1011.67,20.71,39.8,6.24
2026-06-01 12:21:06,27.4,84.49,1012.92,20.48,39.97,6.2
2026-06-01 12:31:06,27.74,84.0,1011.5,20.36,39.89,6.19
2026-06-01 12:41:06,27.5,84.0,1010.29,21.04,40.42,6.23
2026-06-01 12:51:06,28.0,84.0,1011.72,20.8,39.8,6.21
2026-06-01 13:01:06,27.07,84.32,1014.17,20.59,38.8,6.19
2026-06-01 13:11:06,27.81,84.12,1012.28,20.55,39.11,6.22
2026-06-01 13:21:06,27.99,84.0,1011.78,21.15,39.29,6.18
2026-06-01 13:31:06,27.91,84.79,1011.46,21.1,40.19,6.24
2026-06-01 13:41:06,28.0,84.6,1008.71,21.2,39.84,6.23
2026-06-01 13:51:06,27.57,84.0,1014.13,21.53,39.44,6.21
2026-06-01 14:01:06,28.0,84.0,1009.24,21.7,38.99,6.19
2026-06-01 14:11:06,28.0,84.0,1010.94,21.56,38.81,6.2
2026-06-01 14:21:06,28.0,84.4,1011.33,21.56,39.23,6.17
2026-06-01 14:31:06,28.0,84.07,1011.44,21.96,39.54,6.21
2026-06-01 14:41:06,28.0,84.0,1008.74,21.88,39.49,6.19
2026-06-01 14:51:06,28.0,84.45,1013.25,21.86,39.13,6.18
2026-06-01 15:01:06,27.68,84.0,1009.91,21.89,40.11,6.22
2026-06-01 15:11:06,28.0,84.06,1010.62,22.02,40.3,6.21
2026-06-01 15:21:06,27.53,84.0,1012.56,21.94,40.54,6.21
2026-06-01 15:31:06,27.59,84.0,1014.24,22.25,40.19,6.22
2026-06-01 15:41:06,27.69,84.0,1012.57,21.81,40.33,6.21
2026-06-01 15:51:06,27.68,84.0,1014.96,21.68,38.98,6.23
2026-06-01 16:01:06,27.64,84.0,1013.31,21.91,39.22,6.19
2026-06-01 16:11:06,27.55,84.36,1011.83,22.45,39.95,6.2
2026-06-01 16:21:06,27.11,84.0,1014.34,21.97,40.04,6.17
2026-06-01 16:31:06,27.13,84.62,1008.08,21.79,40.51,6.22
2026-06-01 16:41:06,27.46,84.45,1013.49,21.98,39.56,6.24
2026-06-01 16:51:06,27.07,84.0,1012.41,21.97,39.45,6.19
2026-06-01 17:01:06,26.96,84.87,1010.48,21.67,39.1,6.22
2026-06-01 17:11:06,26.43,84.84,1010.03,22.17,39.63,6.19
2026-06-01 17:21:06,26.67,85.1,1011.74,21.91,39.72,6.18
2026-06-01 17:31:06,26.51,85.3,1013.3,21.49,39.32,6.19
2026-06-01 17:41:06,25.94,84.78,1010.48,21.59,39.98,6.2
2026-06-01 17:51:06,26.76,85.11,1012.6,21.34,39.51,6.2
2026-06-01 18:01:06,26.0,85.17,1011.54,21.88,39.58,6.17
2026-06-01 18:11:06,26.05,85.58,1010.58,21.17,39.8,6.16
2026-06-01 18:21:06,25.98,86.12,1010.61,21.67,38.85,6.21
2026-06-01 18:31:06,25.45,85.94,1011.51,21.32,39.18,6.18
2026-06-01 18:41:06,25.64,86.23,1011.2,21.44,38.85,6.2
2026-06-01 18:51:06,25.72,85.79,1011.59,21.12,40.07,6.17
2026-06-01 19:01:06,25.21,87.15,1009.4,20.63,38.89,6.21
2026-06-01 19:11:06,25.35,86.67,1012.78,20.94,38.86,6.22
2026-06-01 19:21:06,24.94,86.63,1012.17,20.35,39.21,6.19
2026-06-01 19:31:06,24.75,87.14,1011.19,20.4,39.98,6.2
2026-06-01 19:41:06,25.37,87.35,1011.67,20.17,39.86,6.19
2026-06-01 19:51:06,24.42,86.17,1011.28,19.98,39.46,6.16
2026-06-01 20:01:06,25.0,86.15,1011.78,20.07,38.68,6.22
2026-06-01 20:11:06,24.21,86.83,1012.25,19.73,39.14,6.22
2026-06-01 20:21:06,23.71,87.72,1010.26,19.69,39.28,6.2
2026-06-01 20:31:06,23.86,87.82,1012.09,19.25,39.32,6.23
2026-06-01 20:41:06,23.88,88.79,1012.91,19.29,38.76,6.21
2026-06-01 20:51:06,24.03,86.8,1011.1,19.3,38.58,6.19
2026-06-01 21:01:06,22.97,87.58,1011.21,18.9,38.79,6.21
2026-06-01 21:11:06,23.43,87.91,1013.88,19.24,39.89,6.18
2026-06-01 21:21:06,23.24,88.05,1016.27,18.68,39.41,6.19
2026-06-01 21:31:06,22.97,89.15,1015.3,18.73,39.4,6.22
2026-06-01 21:41:06,23.11,88.94,1009.85,18.14,39.35,6.18
2026-06-01 21:51:06,23.12,88.52,1012.37,17.96,39.04,6.22
2026-06-01 22:01:06,22.75,89.44,1012.54,18.18,39.75,6.19
2026-06-01 22:11:06,22.52,88.3,1014.06,17.91,39.92,6.17
2026-06-01 22:21:06,22.09,88.23,1010.91,17.79,39.54,6.17
2026-06-01 22:31:06,22.08,88.35,1010.43,17.38,39.12,6.22
2026-06-01 22:41:06,21.88,89.42,1009.14,17.22,38.94,6.16
2026-06-01 22:51:06,21.74,89.68,1011.0,17.17,39.36,6.19
2026-06-01 23:01:06,21.72,89.34,1011.95,17.16,39.06,6.2
2026-06-01 23:11:06,21.6,88.94,1012.74,17.01,38.91,6.21
2026-06-01 23:21:06,21.92,89.53,1013.25,16.65,38.68,6.18
2026-06-01 23:31:06,22.04,89.23,1014.26,16.51,39.07,6.16
2026-06-01 23:41:06,21.72,89.11,1012.32,16.33,39.11,6.22
2026-06-01 23:51:06,21.06,89.79,1011.22,15.89,38.97,6.19
2026-06-02 00:01:06,21.72,90.0,1013.0,15.9,39.73,6.21
2026-06-02 00:11:06,21.34,89.5,1012.62,15.93,38.81,6.23
2026-06-02 00:21:06,21.72,90.0,1010.28,15.47,39.35,6.18
2026-06-02 00:31:06,21.6,90.0,1010.84,15.79,39.65,6.18
2026-06-02 00:41:06,21.19,89.81,1010.15,15.42,39.04,6.22
2026-06-02 00:51:06,21.15,89.09,1014.15,15.35,39.81,6.19
2026-06-02 01:01:06,21.0,90.0,1011.64,15.22,38.73,6.21
2026-06-02 01:11:06,21.0,90.0,1012.56,15.21,39.33,6.16
2026-06-02 01:21:06,21.0,89.0,1012.53,15.12,38.87,6.21
2026-06-02 01:31:06,21.42,89.87,1011.93,14.68,39.09,6.16
2026-06-02 01:41:06,21.0,89.41,1011.88,14.73,39.38,6.18
2026-06-02 01:51:06,21.0,89.9,1012.25,14.56,39.47,6.18
2026-06-02 02:01:06,21.18,90.0,1012.09,14.83,40.27,6.19
2026-06-02 02:11:06,21.22,90.0,1011.43,14.69,39.97,6.23
2026-06-02 02:21:06,21.38,90.0,1011.12,14.6,39.39,6.22
2026-06-02 02:31:06,21.0,89.82,1012.95,14.58,38.63,6.17
2026-06-02 02:41:06,21.0,89.6,1011.48,14.01,40.38,6.18
2026-06-02 02:51:06,21.0,90.0,1011.88,14.07,39.11,6.21
2026-06-02 03:01:06,21.29,90.0,1011.13,14.49,38.47,6.18
2026-06-02 03:11:06,21.0,89.68,1011.63,14.1,38.69,6.21
2026-06-02 03:21:06,21.78,90.0,1012.32,13.69,39.95,6.23
2026-06-02 03:31:06,21.34,89.78,1012.12,14.19,39.38,6.19
2026-06-02 03:41:06,21.16,89.85,1011.53,13.75,39.79,6.19
2026-06-02 03:51:06,21.91,89.74,1015.37,13.87,39.5,6.2
2026-06-02 04:01:06,21.71,89.4,1014.0,13.82,38.83,6.21
2026-06-02 04:11:06,21.53,89.65,1010.96,14.04,39.03,6.2
2026-06-02 04:21:06,22.04,89.12,1011.87,14.53,38.42,6.17
2026-06-02 04:31:06,21.9,89.88,1011.71,13.89,39.3,6.2
2026-06-02 04:41:06,22.29,88.69,1010.94,14.21,38.7,6.18
2026-06-02 04:51:06,22.09,89.47,1011.2,14.38,38.59,6.18
2026-06-02 05:01:06,22.36,88.73,1012.63,14.15,39.08,6.21
2026-06-02 05:11:06,21.93,89.52,1011.97,14.08,39.24,6.19
2026-06-02 05:21:06,22.04,89.39,1010.75,14.36,38.45,6.22
2026-06-02 05:31:06,22.18,87.87,1009.73,14.15,39.28,6.18
2026-06-02 05:41:06,22.66,89.85,1009.33,14.28,39.16,6.17
2026-06-02 05:51:06,22.25,88.0,1011.24,14.21,38.59,6.21
2026-06-02 06:01:06,22.4,87.95,1015.0,14.21,39.48,6.2
2026-06-02 06:11:06,23.13,88.39,1010.28,14.3,39.04,6.18
2026-06-02 06:21:06,23.01,88.77,1011.4,14.67,38.68,6.21
2026-06-02 06:31:06,23.38,88.02,1011.03,14.9,39.18,6.19
2026-06-02 06:41:06,23.17,88.27,1013.1,15.04,38.84,6.22
2026-06-02 06:51:06,23.27,88.51,1014.6,14.82,39.48,6.2
2026-06-02 07:01:06,23.91,87.46,1009.86,15.15,38.68,6.2
2026-06-02 07:11:06,23.3,87.9,1011.26,15.37,38.77,6.2
2026-06-02 07:21:06,24.13,88.11,1010.94,15.14,38.96,6.23
2026-06-02 07:31:06,24.35,88.22,1014.35,15.71,38.84,6.2
2026-06-02 07:41:06,24.33,87.48,1009.86,15.94,39.16,6.21
2026-06-02 07:51:06,24.46,86.4,1012.81,15.71,40.16,6.19
2026-06-02 08:01:06,24.36,87.79,1012.13,16.18,38.75,6.21
2026-06-02 08:11:06,24.81,87.11,1012.69,16.37,38.37,6.19
2026-06-02 08:21:06,25.12,85.72,1013.93,16.17,39.43,6.22
2026-06-02 08:31:06,24.99,86.54,1011.47,16.45,39.12,6.16
2026-06-02 08:41:06,25.47,86.53,1012.1,16.45,39.27,6.18
2026-06-02 08:51:06,25.16,86.18,1013.38,16.71,38.48,6.2
2026-06-02 09:01:06,25.39,86.29,1013.99,17.0,39.58,6.19
2026-06-02 09:11:06,25.8,86.24,1011.08,17.43,38.8,6.22
2026-06-02 09:21:06,25.78,86.33,1014.44,17.18,39.22,6.19
2026-06-02 09:31:06,25.57,85.37,1011.63,17.56,39.43,6.22
2026-06-02 09:41:06,25.42,84.95,1009.97,17.76,39.43,6.19
2026-06-02 09:51:06,25.98,85.44,1011.25,17.88,39.98,6.21
2026-06-02 10:01:06,26.38,84.54,1011.5,18.11,38.65,6.18
2026-06-02 10:11:06,25.77,84.99,1013.13,18.59,39.26,6.16
2026-06-02 10:21:06,26.78,85.41,1015.09,18.34,38.19,6.18
2026-06-02 10:31:06,27.09,85.34,1010.76,18.64,38.84,6.2
2026-06-02 10:41:06,26.76,84.89,1013.88,18.47,38.48,6.18
2026-06-02 10:51:06,26.81,84.76,1012.62,19.1,38.58,6.22
2026-06-02 11:01:06,26.91,85.11,1012.96,18.82,38.67,6.19
2026-06-02 11:11:06,27.28,84.0,1011.43,19.25,39.35,6.19
2026-06-02 11:21:06,27.02,84.36,1009.14,19.47,39.78,6.21
2026-06-02 11:31:06,26.8,85.21,1012.42,19.48,38.56,6.22
2026-06-02 11:41:06,27.73,84.84,1008.75,19.86,38.17,6.18
2026-06-02 11:51:06,27.81,84.95,1014.81,19.93,39.56,6.18
2026-06-02 12:01:06,28.0,84.59,1010.6,20.06,39.5,6.22
2026-06-02 12:11:06,27.0,85.16,1010.19,20.18,39.81,6.2
2026-06-02 12:21:06,27.95,84.0,1014.07,20.11,37.99,6.24
2026-06-02 12:31:06,27.72,84.93,1010.34,20.5,39.3,6.18
2026-06-02 12:41:06,28.0,84.0,1010.76,20.64,39.29,6.19
2026-06-02 12:51:06,28.0,84.53,1012.45,20.46,38.95,6.19
2026-06-02 13:01:06,28.0,84.0,1011.2,20.99,38.92,6.2
2026-06-02 13:11:06,27.63,85.13,1011.22,20.66,38.86,6.23
2026-06-02 13:21:06,27.98,84.69,1010.06,20.93,39.85,6.19
2026-06-02 13:31:06,27.35,84.0,1012.14,21.16,38.39,6.18
2026-06-02 13:41:06,27.79,84.0,1011.58,21.7,38.67,6.18
2026-06-02 13:51:06,27.89,84.0,1010.82,21.41,38.38,6.18
2026-06-02 14:01:06,27.86,84.78,1010.8,21.23,38.8,6.22
2026-06-02 14:11:06,27.91,84.0,1011.16,21.32,39.26,6.18
2026-06-02 14:21:06,27.86,84.14,1011.75,21.59,38.89,6.18
2026-06-02 14:31:06,27.88,84.0,1010.19,21.88,38.56,6.18
2026-06-02 14:41:06,28.0,84.0,1011.14,21.95,39.49,6.21
2026-06-02 14:51:06,28.0,84.35,1013.25,21.55,38.53,6.2
2026-06-02 15:01:06,27.53,84.0,1012.86,21.74,39.21,6.19
2026-06-02 15:11:06,27.52,84.0,1012.37,21.95,39.59,6.22
2026-06-02 15:21:06,27.56,84.19,1012.52,22.18,38.4,6.2
2026-06-02 15:31:06,28.0,84.62,1012.69,21.61,38.78,6.21
2026-06-02 15:41:06,27.32,84.15,1013.53,21.77,37.96,6.18
2026-06-02 15:51:06,27.9,84.29,1010.25,22.12,39.08,6.19
2026-06-02 16:01:06,27.23,84.84,1011.23,21.87,38.29,6.23
2026-06-02 16:11:06,27.37,84.68,1015.43,22.29,38.27,6.21
2026-06-02 16:21:06,27.62,84.22,1011.23,22.12,38.67,6.17
2026-06-02 16:31:06,27.5,84.86,1010.33,22.01,38.86,6.18
2026-06-02 16:41:06,27.35,85.26,1009.46,22.11,38.72,6.21
2026-06-02 16:51:06,26.47,84.85,1008.92,21.62,38.5,6.2
2026-06-02 17:01:06,26.78,84.59,1013.26,22.19,38.79,6.21
2026-06-02 17:11:06,26.81,85.29,1009.96,21.87,39.55,6.19
2026-06-02 17:21:06,26.52,84.82,1011.83,21.27,37.65,6.17
2026-06-02 17:31:06,26.08,85.78,1010.05,21.26,38.83,6.18
2026-06-02 17:41:06,26.65,84.81,1010.44,21.83,38.09,6.17
2026-06-02 17:51:06,26.06,84.94,1014.31,21.67,39.07,6.21
2026-06-02 18:01:06,26.25,85.08,1008.93,21.6,39.33,6.2
2026-06-02 18:11:06,26.05,85.3,1010.99,21.55,38.24,6.17
2026-06-02 18:21:06,25.95,86.45,1012.3,21.03,39.22,6.2
2026-06-02 18:31:06,25.62,85.28,1011.24,21.02,39.19,6.22
2026-06-02 18:41:06,25.4,85.43,1012.29,21.0,39.2,6.2
2026-06-02 18:51:06,25.15,85.83,1012.85,21.4,39.06,6.2
2026-06-02 19:01:06,25.72,85.99,1012.29,20.95,38.34,6.21
2026-06-02 19:11:06,25.63,86.48,1011.08,20.46,38.65,6.19
2026-06-02 19:21:06,25.47,86.24,1010.61,20.33,38.16,6.19
2026-06-02 19:31:06,25.2,86.62,1012.01,20.59,38.2,6.17
2026-06-02 19:41:06,24.92,87.17,1011.45,20.38,38.88,6.21
2026-06-02 19:51:06,24.36,85.79,1011.57,20.14,38.34,6.22
2026-06-02 20:01:06,24.67,88.09,1011.23,20.37,38.67,6.24
2026-06-02 20:11:06,24.81,87.08,1011.51,19.86,39.2,6.22
2026-06-02 20:21:06,23.97,86.83,1011.22,19.37,38.28,6.23
2026-06-02 20:31:06,24.04,87.66,1015.77,19.3,38.61,6.21
2026-06-02 20:41:06,23.87,87.87,1012.39,19.58,38.84,6.18
2026-06-02 20:51:06,23.52,87.27,1012.41,19.23,38.3,6.17
2026-06-02 21:01:06,23.48,87.76,1010.08,19.22,38.16,6.2
2026-06-02 21:11:06,23.29,88.46,1011.97,18.74,38.62,6.21
2026-06-02 21:21:06,23.43,88.41,1011.33,18.88,39.26,6.21
2026-06-02 21:31:06,22.42,88.07,1012.37,18.17,38.32,6.19
2026-06-02 21:41:06,22.88,89.15,1011.85,18.79,39.01,6.23
2026-06-02 21:51:06,22.92,88.16,1014.14,18.22,38.94,6.2
2026-06-02 22:01:06,23.06,88.57,1013.83,17.84,38.56,6.18
2026-06-02 22:11:06,22.75,88.44,1012.21,18.04,39.17,6.21
2026-06-02 22:21:06,22.56,89.67,1012.49,17.61,38.87,6.18
2026-06-02 22:31:06,22.33,89.48,1013.31,17.66,39.45,6.2
2026-06-02 22:41:06,21.93,89.25,1014.95,17.48,38.4,6.22
2026-06-02 22:51:06,21.64,88.27,1012.96,17.3,38.34,6.18
2026-06-02 23:01:06,21.42,89.07,1010.16,17.21,39.0,6.22
2026-06-02 23:11:06,22.11,89.8,1010.8,16.55,38.69,6.19
2026-06-02 23:21:06,22.02,88.78,1013.81,16.52,38.15,6.23
2026-06-02 23:31:06,21.96,89.38,1012.03,16.33,38.61,6.2
2026-06-02 23:41:06,22.05,89.28,1012.9,16.14,38.78,6.2
2026-06-02 23:51:06,21.15,89.61,1011.23,16.05,37.93,6.18
2026-06-03 00:01:06,21.72,90.0,1010.81,15.92,38.88,6.17
2026-06-03 00:11:06,21.46,89.65,1014.1,15.59,38.75,6.23
2026-06-03 00:21:06,21.16,90.0,1014.87,15.46,38.39,6.22
2026-06-03 00:31:06,21.62,89.82,1012.81,15.41,37.75,6.19
2026-06-03 00:41:06,21.42,89.73,1013.24,15.49,38.1,6.19
2026-06-03 00:51:06,21.47,89.09,1011.81,15.36,38.27,6.25
2026-06-03 01:01:06,21.0,89.94,1012.05,15.2,38.57,6.17
2026-06-03 01:11:06,21.13,90.0,1011.9,14.77,39.07,6.22
2026-06-03 01:21:06,21.27,90.0,1011.76,15.2,38.01,6.19
2026-06-03 01:31:06,21.31,90.0,1011.98,14.72,38.68,6.18
2026-06-03 01:41:06,21.0,90.0,1010.64,15.13,38.0,6.2
2026-06-03 01:51:06,21.0,90.0,1010.43,14.08,38.56,6.23
2026-06-03 02:01:06,21.7,90.0,1013.19,14.78,38.04,6.22
2026-06-03 02:11:06,21.0,89.86,1014.37,14.35,37.98,6.2
2026-06-03 02:21:06,21.0,89.85,1012.48,14.12,37.67,6.22
2026-06-03 02:31:06,21.17,90.0,1011.23,14.31,38.73,6.18
2026-06-03 02:41:06,21.26,90.0,1010.83,14.45,38.25,6.19
2026-06-03 02:51:06,21.26,90.0,1010.71,13.95,39.54,6.21
2026-06-03 03:01:06,21.48,89.66,1009.58,14.12,38.37,6.16
2026-06-03 03:11:06,21.41,90.0,1008.6,14.13,37.7,6.19
2026-06-03 03:21:06,21.0,89.87,1012.57,13.89,39.41,6.17
2026-06-03 03:31:06,21.65,88.96,1013.4,13.94,38.58,6.17
2026-06-03 03:41:06,21.06,89.74,1009.94,13.82,38.78,6.21
2026-06-03 03:51:06,21.68,89.32,1011.96,14.15,37.59,6.21
2026-06-03 04:01:06,21.43,90.0,1011.17,13.93,37.93,6.21
2026-06-03 04:11:06,21.42,88.8,1011.7,14.27,38.57,6.18
2026-06-03 04:21:06,21.65,88.62,1014.45,14.25,39.19,6.2
2026-06-03 04:31:06,21.96,90.0,1011.52,14.35,37.62,6.22
2026-06-03 04:41:06,22.28,89.17,1011.52,14.09,37.76,6.18
2026-06-03 04:51:06,21.91,87.83,1012.3,14.22,37.78,6.19
2026-06-03 05:01:06,22.06,89.92,1011.35,14.36,38.44,6.24
2026-06-03 05:11:06,22.51,89.86,1010.8,13.8,38.48,6.2
2026-06-03 05:21:06,21.66,89.42,1013.41,14.37,39.33,6.2
2026-06-03 05:31:06,22.59,88.25,1010.3,14.33,38.77,6.17
2026-06-03 05:41:06,23.05,89.14,1011.77,14.28,39.22,6.2
2026-06-03 05:51:06,22.53,88.4,1010.63,14.12,37.67,6.22
2026-06-03 06:01:06,22.52,88.08,1011.65,14.57,37.17,6.21
2026-06-03 06:11:06,22.32,87.77,1012.43,14.91,37.74,6.19
2026-06-03 06:21:06,22.99,87.73,1011.53,14.68,38.34,6.2
2026-06-03 06:31:06,22.97,87.24,1010.87,14.79,37.53,6.2
2026-06-03 06:41:06,23.04,88.4,1014.09,14.82,38.11,6.23
2026-06-03 06:51:06,23.64,87.81,1008.74,15.1,38.8,6.21
2026-06-03 07:01:06,23.36,87.79,1010.93,15.29,38.54,6.23
2026-06-03 07:11:06,24.25,87.56,1012.59,15.34,37.92,6.2
2026-06-03 07:21:06,23.86,88.66,1014.78,15.59,38.33,6.15
2026-06-03 07:31:06,24.25,87.6,1013.28,15.29,37.8,6.2
2026-06-03 07:41:06,24.39,87.12,1010.94,15.95,38.66,6.2
2026-06-03 07:51:06,24.13,87.0,1011.81,15.91,37.92,6.19
2026-06-03 08:01:06,24.69,87.31,1013.35,16.11,38.48,6.19
2026-06-03 08:11:06,24.45,86.98,1011.44,16.0,39.16,6.19
2026-06-03 08:21:06,25.24,86.54,1013.13,16.56,37.99,6.16
2026-06-03 08:31:06,24.51,86.77,1013.9,16.55,38.07,6.21
2026-06-03 08:41:06,25.61,86.76,1010.96,16.97,38.47,6.2
2026-06-03 08:51:06,24.71,85.81,1009.69,16.68,37.65,6.19
2026-06-03 09:01:06,25.44,86.33,1014.0,16.99,38.95,6.19
2026-06-03 09:11:06,26.16,84.95,1011.72,17.26,37.22,6.17
2026-06-03 09:21:06,25.95,85.83,1011.38,17.16,38.22,6.21
2026-06-03 09:31:06,25.6,84.79,1010.0,17.85,39.11,6.2
2026-06-03 09:41:06,25.39,86.52,1016.38,17.5,37.56,6.22
2026-06-03 09:51:06,25.98,84.54,1011.17,17.72,38.55,6.19
2026-06-03 10:01:06,25.69,85.48,1010.33,18.05,38.86,6.22
2026-06-03 10:11:06,26.21,84.22,1010.12,18.15,37.43,6.2
2026-06-03 10:21:06,27.01,84.65,1011.3,18.47,38.67,6.21
2026-06-03 10:31:06,26.64,84.11,1011.43,18.35,37.78,6.16
2026-06-03 10:41:06,26.67,84.61,1013.47,18.34,38.34,6.17
2026-06-03 10:51:06,27.83,85.96,1012.67,18.81,38.66,6.2
2026-06-03 11:01:06,26.89,84.83,1011.67,18.76,38.72,6.21
2026-06-03 11:11:06,26.99,84.29,1009.36,19.25,38.67,6.17
2026-06-03 11:21:06,27.69,85.26,1012.84,19.45,38.02,6.2
2026-06-03 11:31:06,27.53,84.99,1007.78,19.21,38.44,6.18
2026-06-03 11:41:06,27.77,84.35,1009.26,19.48,38.18,6.19
2026-06-03 11:51:06,26.91,84.82,1010.63,19.81,38.57,6.21
2026-06-03 12:01:06,27.5,84.64,1013.18,19.82,38.81,6.21
2026-06-03 12:11:06,27.8,84.9,1013.68,20.21,38.17,6.19
2026-06-03 12:21:06,27.84,84.15,1014.63,20.35,37.98,6.21
2026-06-03 12:31:06,27.58,84.28,1011.32,20.58,38.05,6.2
2026-06-03 12:41:06,27.87,84.0,1009.0,20.78,38.66,6.21
2026-06-03 12:51:06,27.72,84.67,1010.61,20.78,38.97,6.21
2026-06-03 13:01:06,27.63,84.0,1010.48,20.7,38.43,6.21
2026-06-03 13:11:06,28.0,84.0,1011.74,21.04,38.03,6.19
2026-06-03 13:21:06,27.45,84.0,1013.24,21.17,37.56,6.17
2026-06-03 13:31:06,27.77,84.0,1010.4,21.19,37.71,6.18
2026-06-03 13:41:06,27.75,85.0,1010.94,21.18,37.63,6.2
2026-06-03 13:51:06,28.0,84.02,1011.49,21.49,37.3,6.17
2026-06-03 14:01:06,27.98,84.27,1011.53,21.33,38.16,6.2
2026-06-03 14:11:06,28.0,85.25,1010.4,21.65,37.87,6.23
2026-06-03 14:21:06,28.0,84.0,1011.02,21.42,37.93,6.18
2026-06-03 14:31:06,28.0,84.94,1012.11,21.77,38.27,6.21
2026-06-03 14:41:06,28.0,84.06,1014.34,21.9,37.42,6.17
2026-06-03 14:51:06,27.89,84.12,1009.64,21.82,38.19,6.19
2026-06-03 15:01:06,27.97,84.0,1012.11,21.64,37.92,6.2
2026-06-03 15:11:06,27.92,84.0,1011.71,21.99,38.7,6.2
2026-06-03 15:21:06,27.66,84.4,1012.52,21.83,38.18,6.18
2026-06-03 15:31:06,27.7,85.02,1013.12,21.98,39.22,6.19
2026-06-03 15:41:06,27.7,85.1,1015.33,21.83,38.32,6.21
2026-06-03 15:51:06,27.54,84.0,1012.24,22.06,37.45,6.21
2026-06-03 16:01:06,28.0,84.79,1011.9,22.3,37.93,6.21
2026-06-03 16:11:06,27.54,84.0,1012.47,22.12,38.3,6.17
2026-06-03 16:21:06,27.33,86.14,1011.02,21.64,37.72,6.21
2026-06-03 16:31:06,26.61,84.02,1013.18,21.88,37.81,6.22
2026-06-03 16:41:06,27.3,84.31,1010.57,21.97,38.31,6.21
2026-06-03 16:51:06,27.41,85.38,1011.24,21.94,37.85,6.21
2026-06-03 17:01:06,27.09,85.32,1011.68,22.09,37.74,6.19
2026-06-03 17:11:06,26.64,84.18,1014.03,21.66,38.22,6.21
2026-06-03 17:21:06,26.87,85.22,1010.97,21.75,37.64,6.2
2026-06-03 17:31:06,26.09,84.86,1013.29,21.59,37.39,6.19
2026-06-03 17:41:06,26.88,86.16,1012.58,21.82,37.31,6.19
2026-06-03 17:51:06,26.4,86.51,1012.0,21.7,38.09,6.23
2026-06-03 18:01:06,26.08,85.7,1012.56,21.39,37.84,6.2
2026-06-03 18:11:06,25.99,85.19,1011.94,21.24,38.32,6.18
2026-06-03 18:21:06,25.95,85.95,1011.61,21.17,37.7,6.19
2026-06-03 18:31:06,25.35,85.26,1012.2,21.26,38.37,6.19
2026-06-03 18:41:06,25.51,86.1,1011.25,21.22,37.97,6.19
2026-06-03 18:51:06,24.89,85.92,1012.1,20.95,36.91,6.2
2026-06-03 19:01:06,25.35,85.8,1011.78,21.02,38.01,6.2
2026-06-03 19:11:06,25.52,85.85,1011.58,20.82,37.8,6.18
2026-06-03 19:21:06,25.52,86.51,1011.7,20.65,37.82,6.21
2026-06-03 19:31:06,25.07,86.38,1013.52,20.35,38.31,6.22
2026-06-03 19:41:06,25.12,87.03,1013.11,20.47,38.74,6.19
2026-06-03 19:51:06,24.71,86.54,1013.83,20.04,37.1,6.17
2026-06-03 20:01:06,24.5,86.13,1010.34,19.92,37.8,6.22
2026-06-03 20:11:06,24.73,86.32,1013.07,20.02,38.03,6.24
2026-06-03 20:21:06,24.01,86.98,1010.8,19.78,37.77,6.21
2026-06-03 20:31:06,23.46,86.86,1014.46,19.46,37.71,6.23
2026-06-03 20:41:06,24.28,87.57,1011.93,19.18,37.69,6.2
2026-06-03 20:51:06,23.98,87.64,1010.41,19.2,38.76,6.2
2026-06-03 21:01:06,23.08,88.9,1012.51,19.31,37.7,6.19
2026-06-03 21:11:06,23.3,88.14,1007.78,18.9,38.93,6.19
2026-06-03 21:21:06,22.98,87.52,1013.17,18.41,37.86,6.23
2026-06-03 21:31:06,23.47,88.46,1009.97,18.52,38.12,6.22
2026-06-03 21:41:06,23.35,87.59,1014.71,18.3,37.82,6.2
2026-06-03 21:51:06,23.24,88.39,1010.5,17.94,38.09,6.22
2026-06-03 22:01:06,22.62,89.06,1012.82,18.03,38.65,6.2
2026-06-03 22:11:06,22.68,88.9,1010.75,17.8,37.55,6.2
2026-06-03 22:21:06,22.51,88.86,1010.59,17.69,37.92,6.21
2026-06-03 22:31:06,22.18,89.18,1010.13,17.36,38.75,6.22
2026-06-03 22:41:06,22.53,88.54,1014.1,17.33,37.55,6.17
2026-06-03 22:51:06,21.99,88.49,1010.57,17.12,37.93,6.21
2026-06-03 23:01:06,22.39,89.38,1012.5,16.82,37.74,6.18
2026-06-03 23:11:06,21.67,88.26,1012.16,16.8,38.29,6.18
2026-06-03 23:21:06,22.26,89.51,1012.27,16.46,37.47,6.22
2026-06-03 23:31:06,21.61,89.24,1013.81,16.54,37.76,6.2
2026-06-03 23:41:06,21.84,89.88,1011.54,16.02,38.78,6.22
2026-06-03 23:51:06,21.19,89.9,1013.21,15.86,38.52,6.2
2026-06-04 00:01:06,21.89,89.56,1014.65,15.75,38.35,6.2
2026-06-04 00:11:06,21.63,90.0,1011.33,16.03,37.61,6.21
2026-06-04 00:21:06,22.16,89.56,1011.94,15.6,37.02,6.17
2026-06-04 00:31:06,21.0,90.0,1010.75,15.59,37.79,6.19
2026-06-04 00:41:06,21.0,90.0,1011.17,15.62,38.25,6.18
2026-06-04 00:51:06,21.02,89.32,1008.5,15.27,37.88,6.21
2026-06-04 01:01:06,21.27,89.75,1009.73,15.29,38.97,6.23
2026-06-04 01:11:06,21.12,90.0,1012.73,15.03,37.91,6.18
2026-06-04 01:21:06,21.0,90.0,1009.24,14.92,37.4,6.19
2026-06-04 01:31:06,21.0,90.0,1011.01,14.9,37.69,6.22
2026-06-04 01:41:06,21.15,89.77,1011.31,15.1,37.92,6.19
2026-06-04 01:51:06,21.26,90.0,1009.98,14.6,38.17,6.21
2026-06-04 02:01:06,21.0,90.0,1015.14,14.44,37.72,6.2
2026-06-04 02:11:06,21.0,90.0,1012.1,14.62,38.2,6.19
2026-06-04 02:21:06,21.0,90.0,1013.07,14.23,37.37,6.21
2026-06-04 02:31:06,21.07,89.87,1012.4,14.65,38.19,6.21
2026-06-04 02:41:06,21.0,90.0,1013.48,14.12,36.98,6.23
2026-06-04 02:51:06,21.16,90.0,1013.83,14.04,38.11,6.18
2026-06-04 03:01:06,21.0,89.08,1011.95,13.91,37.92,6.16
2026-06-04 03:11:06,21.24,89.14,1009.12,13.94,38.12,6.21
2026-06-04 03:21:06,21.28,89.66,1012.72,14.17,37.5,6.21
2026-06-04 03:31:06,21.0,89.66,1009.88,13.86,37.73,6.21
2026-06-04 03:41:06,21.05,89.58,1013.52,13.95,37.7,6.22
2026-06-04 03:51:06,21.31,90.0,1013.55,13.82,37.35,6.21
2026-06-04 04:01:06,21.15,89.5,1012.39,14.23,38.57,6.17
2026-06-04 04:11:06,21.57,89.53,1013.12,13.94,37.98,6.22
2026-06-04 04:21:06,21.47,90.0,1010.08,13.77,37.79,6.21
2026-06-04 04:31:06,22.11,88.55,1012.87,13.68,38.02,6.19
2026-06-04 04:41:06,21.37,89.5,1011.96,14.37,37.21,6.21
2026-06-04 04:51:06,21.9,88.26,1013.1,14.28,37.79,6.22
2026-06-04 05:01:06,22.55,88.8,1010.02,14.54,37.07,6.2
2026-06-04 05:11:06,21.97,88.93,1010.89,14.57,37.93,6.18
2026-06-04 05:21:06,22.27,88.24,1012.44,14.03,38.01,6.22
2026-06-04 05:31:06,23.16,88.58,1013.31,14.42,37.12,6.17
2026-06-04 05:41:06,22.16,88.24,1010.75,14.65,37.62,6.21
2026-06-04 05:51:06,23.1,88.28,1012.24,14.34,37.82,6.2
2026-06-04 06:01:06,22.68,88.8,1013.54,14.51,36.7,6.17
2026-06-04 06:11:06,22.51,88.56,1010.0,14.5,38.11,6.19
2026-06-04 06:21:06,22.48,87.51,1010.93,14.51,37.01,6.2
2026-06-04 06:31:06,23.05,87.85,1010.27,15.0,37.39,6.21
2026-06-04 06:41:06,22.68,88.51,1011.22,15.06,37.83,6.21
2026-06-04 06:51:06,23.87,87.66,1014.04,15.16,37.74,6.19
2026-06-04 07:01:06,23.46,87.25,1011.01,15.0,37.03,6.22
2026-06-04 07:11:06,24.1,87.94,1012.22,15.42,37.1,6.18
2026-06-04 07:21:06,24.8,87.79,1012.63,15.57,37.41,6.2
2026-06-04 07:31:06,24.15,89.11,1014.74,15.54,37.31,6.19
2026-06-04 07:41:06,24.19,87.89,1012.35,15.39,37.65,6.2
2026-06-04 07:51:06,24.5,87.2,1013.94,15.99,38.13,6.23
2026-06-04 08:01:06,24.33,86.98,1010.86,16.06,37.52,6.21
2026-06-04 08:11:06,24.59,87.75,1011.12,16.03,38.27,6.23
2026-06-04 08:21:06,24.45,86.44,1012.68,16.58,37.44,6.2
2026-06-04 08:31:06,24.8,86.58,1012.71,16.43,37.95,6.2
2026-06-04 08:41:06,25.22,86.36,1011.56,17.14,38.45,6.19
2026-06-04 08:51:06,25.11,86.8,1008.9,16.83,37.42,6.21
2026-06-04 09:01:06,25.79,86.88,1011.19,17.09,38.01,6.17
2026-06-04 09:11:06,25.89,86.41,1011.42,17.51,38.08,6.22
2026-06-04 09:21:06,25.78,86.25,1012.97,17.07,36.89,6.24
2026-06-04 09:31:06,25.54,85.15,1012.03,17.32,37.14,6.2
2026-06-04 09:41:06,26.23,86.66,1012.07,17.7,36.86,6.18
2026-06-04 09:51:06,25.27,85.28,1014.73,17.77,36.57,6.18
2026-06-04 10:01:06,25.77,85.42,1014.11,18.12,36.85,6.2
2026-06-04 10:11:06,25.71,85.22,1013.61,18.46,37.44,6.19
2026-06-04 10:21:06,26.83,84.41,1011.92,18.07,37.59,6.19
2026-06-04 10:31:06,26.16,84.03,1014.08,18.34,37.76,6.2
2026-06-04 10:41:06,26.83,84.43,1010.29,18.73,37.47,6.19
2026-06-04 10:51:06,27.03,85.38,1011.02,19.01,38.05,6.22
2026-06-04 11:01:06,26.98,85.2,1013.21,18.76,37.41,6.19
2026-06-04 11:11:06,26.79,84.93,1010.98,18.99,36.89,6.2
2026-06-04 11:21:06,27.36,84.76,1010.16,19.25,36.91,6.2
2026-06-04 11:31:06,27.3,84.0,1010.78,19.6,37.3,6.18
2026-06-04 11:41:06,26.95,84.0,1010.55,19.74,36.51,6.17
2026-06-04 11:51:06,27.9,84.23,1011.61,19.72,37.83,6.17
2026-06-04 12:01:06,27.97,84.0,1013.53,19.99,37.43,6.16
2026-06-04 12:11:06,27.42,84.0,1011.56,20.07,37.76,6.19
2026-06-04 12:21:06,27.43,84.0,1012.19,20.35,36.97,6.21
2026-06-04 12:31:06,27.44,84.0,1011.36,20.3,37.35,6.18
2026-06-04 12:41:06,28.0,84.59,1010.88,20.77,37.49,6.23
2026-06-04 12:51:06,27.5,84.46,1011.63,20.32,37.46,6.18
2026-06-04 13:01:06,28.0,84.05,1010.33,21.16,37.93,6.19
2026-06-04 13:11:06,28.0,84.23,1008.89,21.08,37.59,6.2
2026-06-04 13:21:06,28.0,84.0,1010.68,21.01,36.73,6.19
2026-06-04 13:31:06,28.0,84.79,1013.95,20.82,38.25,6.22
2026-06-04 13:41:06,28.0,84.0,1011.62,21.33,37.3,6.2
2026-06-04 13:51:06,28.0,84.38,1011.83,21.41,37.18,6.18
2026-06-04 14:01:06,27.62,84.0,1013.25,21.48,36.65,6.17
2026-06-04 14:11:06,28.0,84.0,1011.68,22.2,37.8,6.21
2026-06-04 14:21:06,28.0,84.77,1010.58,21.31,38.16,6.18
2026-06-04 14:31:06,27.42,84.05,1011.15,21.69,38.43,6.16
2026-06-04 14:41:06,28.0,84.0,1012.54,21.73,37.66,6.21
2026-06-04 14:51:06,27.99,84.0,1011.65,21.65,37.25,6.21
2026-06-04 15:01:06,27.72,84.41,1012.61,21.79,36.47,6.25
2026-06-04 15:11:06,27.89,84.11,1012.04,21.7,37.01,6.19
2026-06-04 15:21:06,27.42,84.2,1010.16,21.65,37.55,6.18
2026-06-04 15:31:06,28.0,84.29,1009.57,21.68,38.11,6.22
2026-06-04 15:41:06,27.73,84.46,1012.2,21.83,36.87,6.2
2026-06-04 15:51:06,27.75,84.41,1013.05,22.07,37.81,6.19
2026-06-04 16:01:06,27.67,84.95,1011.84,22.13,37.04,6.18
2026-06-04 16:11:06,27.84,85.48,1013.41,21.66,37.25,6.21
2026-06-04 16:21:06,27.35,84.0,1013.74,21.95,37.41,6.2
2026-06-04 16:31:06,27.47,84.39,1013.06,22.05,36.95,6.22
2026-06-04 16:41:06,26.98,84.74,1010.96,22.24,37.8,6.23
2026-06-04 16:51:06,26.83,84.11,1010.98,21.74,37.43,6.18
2026-06-04 17:01:06,26.67,84.51,1011.94,21.77,36.18,6.21
2026-06-04 17:11:06,26.97,84.37,1013.33,22.05,36.56,6.2
2026-06-04 17:21:06,26.85,84.11,1011.8,21.75,38.16,6.19
2026-06-04 17:31:06,26.72,84.84,1011.46,21.62,37.3,6.18
2026-06-04 17:41:06,26.47,85.06,1010.49,21.39,36.97,6.19
2026-06-04 17:51:06,26.39,84.77,1014.05,21.34,36.87,6.21
2026-06-04 18:01:06,26.13,85.68,1011.59,21.35,36.89,6.18
2026-06-04 18:11:06,26.25,86.04,1010.81,21.48,36.99,6.17
2026-06-04 18:21:06,25.64,86.02,1011.1,21.05,36.88,6.17
2026-06-04 18:31:06,26.18,85.56,1013.66,21.04,37.01,6.2
2026-06-04 18:41:06,26.17,85.57,1014.28,20.93,37.6,6.19
2026-06-04 18:51:06,25.18,86.58,1010.34,21.04,37.06,6.22
2026-06-04 19:01:06,25.8,86.19,1009.46,20.86,37.86,6.19
2026-06-04 19:11:06,25.49,86.89,1012.45,20.37,36.83,6.22
2026-06-04 19:21:06,24.96,86.72,1012.1,20.42,37.81,6.2
2026-06-04 19:31:06,24.62,86.09,1013.04,20.52,37.11,6.16
2026-06-04 19:41:06,24.51,87.24,1012.35,20.23,36.99,6.16
2026-06-04 19:51:06,24.59,86.5,1013.77,20.15,37.37,6.17
2026-06-04 20:01:06,24.54,87.35,1010.9,20.03,38.03,6.18
2026-06-04 20:11:06,24.66,87.62,1011.27,19.7,37.02,6.19
2026-06-04 20:21:06,24.05,87.25,1014.05,19.57,37.45,6.23
2026-06-04 20:31:06,23.88,87.09,1012.97,19.84,37.67,6.22
2026-06-04 20:41:06,23.56,88.13,1007.96,19.61,37.78,6.14
2026-06-04 20:51:06,23.56,87.05,1012.23,19.09,37.72,6.19
2026-06-04 21:01:06,23.62,87.06,1010.53,19.03,37.59,6.2
2026-06-04 21:11:06,23.12,88.2,1011.58,18.59,36.76,6.21
2026-06-04 21:21:06,23.03,87.84,1013.65,18.83,37.06,6.22
2026-06-04 21:31:06,23.55,87.89,1012.13,18.3,37.71,6.19
2026-06-04 21:41:06,23.26,88.63,1012.29,18.72,37.63,6.2
2026-06-04 21:51:06,22.81,88.36,1012.0,18.16,37.08,6.21
2026-06-04 22:01:06,22.18,89.35,1010.8,17.75,37.11,6.23
2026-06-04 22:11:06,23.14,89.17,1013.24,17.86,36.89,6.21
2026-06-04 22:21:06,22.39,88.52,1009.58,17.66,38.1,6.19
2026-06-04 22:31:06,22.03,88.53,1013.02,17.7,37.95,6.21
2026-06-04 22:41:06,22.45,89.09,1013.74,17.27,37.94,6.23
2026-06-04 22:51:06,22.51,88.87,1011.38,16.69,36.85,6.22
2026-06-04 23:01:06,22.15,89.63,1014.72,16.73,37.66,6.21
2026-06-04 23:11:06,21.67,88.18,1013.7,16.54,36.93,6.22
2026-06-04 23:21:06,22.1,89.35,1012.14,16.47,36.64,6.18
2026-06-04 23:31:06,21.88,90.0,1010.12,16.41,36.96,6.21
2026-06-04 23:41:06,21.48,88.91,1008.41,16.46,36.68,6.17
2026-06-04 23:51:06,21.29,90.0,1012.69,16.17,37.47,6.18
2026-06-05 00:01:06,21.47,89.42,1012.94,16.15,37.19,6.2
2026-06-05 00:11:06,21.49,89.95,1013.36,15.95,37.35,6.22
2026-06-05 00:21:06,21.68,88.74,1010.53,15.6,37.07,6.24
2026-06-05 00:31:06,21.21,90.0,1011.04,15.28,37.61,6.18
2026-06-05 00:41:06,21.24,89.4,1011.89,15.57,36.82,6.16
2026-06-05 00:51:06,21.54,90.0,1012.34,15.38,36.37,6.21
2026-06-05 01:01:06,21.0,89.68,1010.64,15.4,37.68,6.23
2026-06-05 01:11:06,21.24,90.0,1012.01,15.07,37.54,6.21
2026-06-05 01:21:06,21.0,90.0,1010.03,14.62,38.12,6.16
2026-06-05 01:31:06,21.23,90.0,1012.06,14.85,37.63,6.22
2026-06-05 01:41:06,21.4,90.0,1012.23,14.62,37.07,6.18
2026-06-05 01:51:06,21.0,90.0,1012.48,14.67,37.92,6.2
2026-06-05 02:01:06,21.42,89.5,1010.15,14.66,37.31,6.18
2026-06-05 02:11:06,21.05,89.97,1012.59,14.35,36.04,6.2
2026-06-05 02:21:06,21.42,90.0,1010.06,14.1,36.71,6.19
2026-06-05 02:31:06,21.0,89.01,1012.78,14.36,37.24,6.18
2026-06-05 02:41:06,21.12,90.0,1012.6,14.14,36.98,6.19
2026-06-05 02:51:06,21.18,90.0,1010.8,14.39,36.99,6.22
2026-06-05 03:01:06,21.32,90.0,1009.66,14.03,37.07,6.22
2026-06-05 03:11:06,21.18,89.89,1012.85,14.07,36.29,6.18
2026-06-05 03:21:06,21.58,89.91,1012.98,14.0,36.88,6.2
2026-06-05 03:31:06,21.29,89.96,1011.53,13.68,37.57,6.21
2026-06-05 03:41:06,21.16,89.52,1012.22,13.81,37.29,6.19
2026-06-05 03:51:06,21.55,89.73,1013.86,14.17,36.4,6.2
2026-06-05 04:01:06,21.54,89.67,1010.66,13.71,37.46,6.2
2026-06-05 04:11:06,21.93,89.57,1010.24,13.84,37.32,6.21
2026-06-05 04:21:06,21.72,89.68,1013.17,14.05,36.8,6.18
2026-06-05 04:31:06,22.03,89.17,1012.52,13.71,37.06,6.24
2026-06-05 04:41:06,21.31,89.54,1015.38,14.26,36.89,6.17
2026-06-05 04:51:06,22.0,87.87,1012.1,14.06,36.4,6.25
2026-06-05 05:01:06,22.18,88.67,1011.42,14.29,36.94,6.2
2026-06-05 05:11:06,22.69,88.51,1012.24,14.13,37.28,6.19
2026-06-05 05:21:06,22.62,89.36,1011.65,14.16,37.04,6.18
2026-06-05 05:31:06,22.63,88.43,1014.09,14.4,36.57,6.19
2026-06-05 05:41:06,22.41,89.01,1012.15,14.55,35.72,6.19
2026-06-05 05:51:06,22.35,89.08,1011.99,14.42,36.41,6.2
2026-06-05 06:01:06,22.61,88.37,1013.64,14.31,37.31,6.2
2026-06-05 06:11:06,22.69,87.9,1014.33,14.61,37.04,6.16
2026-06-05 06:21:06,23.08,88.69,1009.31,14.65,37.01,6.18
2026-06-05 06:31:06,22.95,88.22,1012.19,14.77,37.62,6.21
2026-06-05 06:41:06,23.67,88.47,1010.85,15.0,36.53,6.19
2026-06-05 06:51:06,23.48,87.69,1009.66,14.79,36.22,6.2
2026-06-05 07:01:06,23.91,87.61,1010.32,15.32,36.36,6.19
2026-06-05 07:11:06,23.51,88.65,1012.51,15.53,36.68,6.23
2026-06-05 07:21:06,23.61,86.8,1010.5,15.81,38.18,6.21
2026-06-05 07:31:06,23.78,86.84,1011.94,15.6,36.43,6.19
2026-06-05 07:41:06,23.9,86.43,1014.6,16.07,35.78,6.17
2026-06-05 07:51:06,24.72,87.51,1011.9,15.87,36.07,6.22
2026-06-05 08:01:06,24.69,87.13,1014.31,16.24,35.74,6.22
2026-06-05 08:11:06,24.69,86.51,1012.11,15.94,36.18,6.24
2026-06-05 08:21:06,24.21,86.18,1011.41,16.26,37.32,6.17
2026-06-05 08:31:06,24.96,86.9,1014.91,16.58,36.26,6.22
2026-06-05 08:41:06,25.05,86.74,1012.75,16.64,37.48,6.21
2026-06-05 08:51:06,25.6,86.08,1013.41,17.04,37.24,6.21
2026-06-05 09:01:06,24.51,85.83,1009.65,17.21,36.36,6.21
2026-06-05 09:11:06,25.48,86.29,1011.25,16.99,37.02,6.2
2026-06-05 09:21:06,25.77,85.56,1011.2,17.45,36.45,6.19
2026-06-05 09:31:06,25.82,85.96,1013.48,17.71,37.54,6.17
2026-06-05 09:41:06,25.47,84.96,1010.93,17.75,36.78,6.18
2026-06-05 09:51:06,26.07,85.89,1011.67,17.34,36.76,6.19
2026-06-05 10:01:06,26.08,85.34,1013.89,18.04,36.17,6.22
2026-06-05 10:11:06,26.68,85.62,1014.29,18.37,36.73,6.22
2026-06-05 10:21:06,26.56,84.86,1010.95,18.48,36.07,6.19
2026-06-05 10:31:06,26.53,85.06,1011.55,18.78,37.27,6.17
2026-06-05 10:41:06,26.6,85.37,1013.52,18.86,37.1,6.26
2026-06-05 10:51:06,27.12,85.01,1012.13,18.57,37.15,6.21
2026-06-05 11:01:06,26.82,84.0,1010.72,18.53,37.55,6.19
2026-06-05 11:11:06,27.23,84.02,1010.56,19.01,37.35,6.2
2026-06-05 11:21:06,27.68,85.19,1011.47,19.1,37.62,6.22
2026-06-05 11:31:06,27.3,84.86,1010.4,19.62,36.08,6.2
2026-06-05 11:41:06,27.13,84.81,1010.22,19.78,36.94,6.22
2026-06-05 11:51:06,27.39,84.0,1012.08,19.84,36.61,6.24
2026-06-05 12:01:06,27.22,84.0,1010.35,19.79,37.49,6.19
2026-06-05 12:11:06,27.49,84.0,1012.11,20.07,37.19,6.18
2026-06-05 12:21:06,28.0,84.0,1011.7,20.03,37.18,6.21
2026-06-05 12:31:06,27.7,84.0,1013.24,20.47,36.47,6.21
2026-06-05 12:41:06,27.63,84.65,1013.28,20.23,37.55,6.18
2026-06-05 12:51:06,27.75,84.44,1012.46,20.84,35.89,6.2
2026-06-05 13:01:06,27.8,84.0,1013.85,20.95,36.57,6.15
2026-06-05 13:11:06,27.87,85.1,1012.05,20.64,36.64,6.22
2026-06-05 13:21:06,27.97,84.12,1013.42,21.09,36.35,6.17
2026-06-05 13:31:06,28.0,84.0,1012.63,21.3,37.04,6.19
2026-06-05 13:41:06,28.0,84.07,1011.48,21.57,36.99,6.21
2026-06-05 13:51:06,28.0,84.0,1012.49,21.5,36.92,6.19
2026-06-05 14:01:06,28.0,84.0,1008.98,21.29,36.3,6.17
2026-06-05 14:11:06,28.0,84.81,1011.85,21.4,36.73,6.18
2026-06-05 14:21:06,28.0,84.2,1010.54,21.56,36.12,6.17
2026-06-05 14:31:06,28.0,84.0,1012.65,21.54,37.16,6.21
2026-06-05 14:41:06,28.0,84.51,1012.02,21.92,36.95,6.24
2026-06-05 14:51:06,27.96,84.0,1014.53,21.81,36.62,6.16
2026-06-05 15:01:06,28.0,84.0,1012.27,21.83,36.26,6.22
2026-06-05 15:11:06,27.62,84.02,1012.13,22.16,37.43,6.24
2026-06-05 15:21:06,27.75,84.0,1012.54,22.11,35.1,6.2
2026-06-05 15:31:06,28.0,84.21,1011.28,22.04,35.85,6.18
2026-06-05 15:41:06,27.29,84.32,1008.72,21.73,37.07,6.22
2026-06-05 15:51:06,27.75,84.0,1012.17,21.61,36.44,6.24
2026-06-05 16:01:06,27.15,85.43,1010.29,22.14,36.0,6.2
2026-06-05 16:11:06,26.77,84.0,1013.35,21.75,35.75,6.2
2026-06-05 16:21:06,27.61,85.42,1011.08,22.06,37.57,6.19
2026-06-05 16:31:06,27.5,85.11,1010.03,21.85,36.2,6.2
2026-06-05 16:41:06,26.32,84.42,1012.95,21.92,36.17,6.17
2026-06-05 16:51:06,26.99,85.12,1013.46,22.11,36.26,6.22
2026-06-05 17:01:06,27.43,85.45,1010.64,21.79,36.89,6.2
2026-06-05 17:11:06,27.03,84.67,1011.42,21.8,36.27,6.21
2026-06-05 17:21:06,26.66,84.51,1012.95,21.44,36.05,6.21
2026-06-05 17:31:06,26.68,85.4,1011.63,21.65,36.42,6.19
2026-06-05 17:41:06,26.5,85.35,1009.84,21.68,36.17,6.17
2026-06-05 17:51:06,26.46,85.07,1011.45,21.75,36.04,6.19
2026-06-05 18:01:06,26.09,85.58,1013.22,21.53,36.97,6.19
2026-06-05 18:11:06,26.12,85.29,1010.03,21.02,36.28,6.19
2026-06-05 18:21:06,26.02,85.55,1011.97,21.25,36.46,6.21
2026-06-05 18:31:06,25.33,86.01,1011.74,20.92,36.93,6.21
2026-06-05 18:41:06,25.35,84.75,1012.68,20.99,36.45,6.22
2026-06-05 18:51:06,25.99,86.27,1013.07,20.94,35.62,6.18
2026-06-05 19:01:06,25.12,86.16,1012.6,20.77,35.96,6.22
2026-06-05 19:11:06,25.13,86.51,1012.07,20.46,35.62,6.18
2026-06-05 19:21:06,25.0,86.5,1013.31,20.78,36.66,6.21
2026-06-05 19:31:06,24.79,88.01,1014.15,20.44,36.7,6.23
2026-06-05 19:41:06,25.01,86.13,1010.2,20.19,36.51,6.2
2026-06-05 19:51:06,24.87,86.98,1011.84,20.07,36.72,6.23
2026-06-05 20:01:06,24.84,86.95,1012.49,20.09,35.88,6.22
2026-06-05 20:11:06,24.41,87.65,1011.93,20.25,36.44,6.19
2026-06-05 20:21:06,24.08,86.91,1010.31,19.92,37.57,6.2
2026-06-05 20:31:06,23.78,87.39,1011.98,19.46,35.94,6.19
2026-06-05 20:41:06,23.77,87.38,1012.32,19.28,36.79,6.21
2026-06-05 20:51:06,23.39,87.82,1012.16,19.3,36.1,6.18
2026-06-05 21:01:06,23.43,87.88,1012.91,19.36,36.17,6.19
2026-06-05 21:11:06,23.88,87.56,1014.09,18.74,35.93,6.22
2026-06-05 21:21:06,23.82,87.33,1012.71,18.48,35.95,6.23
2026-06-05 21:31:06,22.99,88.3,1012.39,18.34,36.74,6.2
2026-06-05 21:41:06,23.7,88.0,1012.73,18.33,35.83,6.17
2026-06-05 21:51:06,22.84,88.29,1012.27,18.29,36.9,6.21
2026-06-05 22:01:06,22.99,88.05,1010.05,17.96,35.83,6.18
2026-06-05 22:11:06,22.73,87.84,1011.17,17.59,37.4,6.2
2026-06-05 22:21:06,22.64,88.58,1012.88,17.81,36.4,6.17
2026-06-05 22:31:06,22.83,88.48,1014.13,17.45,36.99,6.2
2026-06-05 22:41:06,22.82,88.41,1009.22,17.32,35.51,6.19
2026-06-05 22:51:06,22.02,89.1,1011.85,16.94,36.62,6.22
2026-06-05 23:01:06,21.94,89.14,1014.35,17.32,36.55,6.18
2026-06-05 23:11:06,21.78,88.3,1012.57,17.19,36.75,6.16
2026-06-05 23:21:06,21.87,89.79,1011.23,16.8,36.75,6.19
2026-06-05 23:31:06,21.0,88.65,1012.36,16.61,35.81,6.22
2026-06-05 23:41:06,21.41,89.49,1011.85,16.27,37.13,6.21
2026-06-05 23:51:06,21.58,89.24,1013.18,15.73,36.31,6.21
2026-06-06 00:01:06,21.51,89.77,1012.52,15.76,35.67,6.21
2026-06-06 00:11:06,21.39,89.11,1013.58,15.81,37.4,6.23
2026-06-06 00:21:06,21.17,89.96,1009.9,15.39,36.19,6.19
2026-06-06 00:31:06,21.45,90.0,1012.05,15.77,36.29,6.23
2026-06-06 00:41:06,21.52,89.9,1011.01,15.37,37.19,6.21
2026-06-06 00:51:06,21.2,89.39,1013.47,15.35,36.67,6.22
2026-06-06 01:01:06,21.0,90.0,1011.88,15.34,36.34,6.23
2026-06-06 01:11:06,21.36,90.0,1011.14,14.85,36.64,6.19
2026-06-06 01:21:06,21.26,90.0,1011.52,15.15,35.76,6.19
2026-06-06 01:31:06,21.0,89.8,1012.81,14.69,35.65,6.21
2026-06-06 01:41:06,21.0,89.9,1009.52,15.0,37.15,6.15
2026-06-06 01:51:06,21.29,89.77,1011.92,14.59,35.9,6.19
2026-06-06 02:01:06,21.04,89.97,1012.02,14.66,36.16,6.19
2026-06-06 02:11:06,21.18,89.15,1011.96,14.2,35.85,6.2
2026-06-06 02:21:06,21.44,89.85,1010.5,14.54,35.87,6.23
2026-06-06 02:31:06,21.42,89.49,1011.1,14.53,36.98,6.22
2026-06-06 02:41:06,21.78,89.94,1012.47,14.27,35.97,6.19
2026-06-06 02:51:06,21.0,90.0,1008.86,14.36,36.59,6.2
2026-06-06 03:01:06,21.13,89.29,1009.2,14.12,36.29,6.26
2026-06-06 03:11:06,21.12,89.92,1012.56,13.89,35.81,6.22
2026-06-06 03:21:06,21.0,89.02,1011.32,14.03,36.26,6.19
2026-06-06 03:31:06,21.45,89.68,1010.89,14.7,36.28,6.18
2026-06-06 03:41:06,21.0,89.5,1012.43,14.08,36.55,6.19
2026-06-06 03:51:06,21.0,89.34,1011.61,14.23,36.08,6.17
2026-06-06 04:01:06,21.6,89.14,1012.84,13.31,36.47,6.19
2026-06-06 04:11:06,21.7,88.94,1012.7,14.28,36.38,6.22
2026-06-06 04:21:06,21.85,88.64,1009.4,13.98,36.77,6.22
2026-06-06 04:31:06,21.94,89.71,1012.68,14.31,35.86,6.22
2026-06-06 04:41:06,22.53,89.28,1014.51,14.01,35.19,6.22
2026-06-06 04:51:06,21.71,89.68,1012.65,13.58,35.33,6.18
2026-06-06 05:01:06,21.93,89.35,1012.53,14.17,35.84,6.2
2026-06-06 05:11:06,21.09,88.85,1012.73,13.59,36.07,6.21
2026-06-06 05:21:06,22.36,88.94,1010.1,14.49,36.48,6.2
2026-06-06 05:31:06,22.25,88.73,1010.52,14.33,36.38,6.2
2026-06-06 05:41:06,22.95,88.27,1010.97,14.42,35.62,6.19
2026-06-06 05:51:06,22.69,88.79,1013.75,14.73,35.44,6.14
2026-06-06 06:01:06,22.9,87.25,1011.0,14.22,35.51,6.18
2026-06-06 06:11:06,22.8,88.87,1012.71,14.68,36.23,6.2
2026-06-06 06:21:06,23.03,87.51,1011.53,14.88,36.64,6.18
2026-06-06 06:31:06,23.25,87.27,1011.83,14.8,36.72,6.26
2026-06-06 06:41:06,23.48,88.69,1011.78,14.89,36.34,6.18
2026-06-06 06:51:06,23.55,87.95,1013.71,15.08,35.71,6.21
2026-06-06 07:01:06,23.37,89.0,1012.78,14.9,35.88,6.24
2026-06-06 07:11:06,24.18,87.89,1013.61,15.25,36.27,6.21
2026-06-06 07:21:06,24.16,87.85,1012.97,15.17,35.39,6.18
2026-06-06 07:31:06,23.82,87.28,1011.3,15.6,36.24,6.16
2026-06-06 07:41:06,24.16,88.15,1013.16,15.53,36.27,6.15
2026-06-06 07:51:06,24.17,87.2,1011.66,15.78,35.61,6.19
2026-06-06 08:01:06,24.52,86.78,1010.02,15.76,37.11,6.2
2026-06-06 08:11:06,24.29,87.57,1011.22,16.1,36.68,6.23
2026-06-06 08:21:06,24.43,87.5,1013.42,16.54,35.09,6.21
2026-06-06 08:31:06,24.94,86.68,1011.44,16.75,36.17,6.2
2026-06-06 08:41:06,25.19,87.29,1010.79,16.7,35.92,6.15
2026-06-06 08:51:06,25.08,86.75,1011.16,16.7,35.72,6.2
2026-06-06 09:01:06,25.78,85.77,1014.34,16.84,36.31,6.19
2026-06-06 09:11:06,25.43,85.18,1009.0,17.16,36.72,6.19
2026-06-06 09:21:06,25.37,86.27,1015.11,17.14,36.67,6.19
2026-06-06 09:31:06,26.12,85.49,1014.55,17.53,35.79,6.2
2026-06-06 09:41:06,26.2,84.91,1014.07,17.76,36.51,6.2
2026-06-06 09:51:06,26.12,85.48,1013.7,17.79,36.35,6.19
2026-06-06 10:01:06,26.31,85.8,1011.36,18.32,36.02,6.2
2026-06-06 10:11:06,26.42,84.79,1013.85,18.27,36.37,6.17
2026-06-06 10:21:06,26.37,84.72,1013.89,18.22,36.23,6.2
2026-06-06 10:31:06,26.0,84.93,1012.98,18.67,36.16,6.2
2026-06-06 10:41:06,26.6,85.48,1012.47,18.96,35.74,6.23
2026-06-06 10:51:06,26.63,85.13,1011.99,18.49,35.48,6.22
2026-06-06 11:01:06,26.65,84.75,1008.49,18.87,35.81,6.19
2026-06-06 11:11:06,27.15,84.68,1014.69,19.27,35.72,6.2
2026-06-06 11:21:06,27.52,84.53,1011.68,19.63,36.58,6.21
2026-06-06 11:31:06,27.17,84.27,1014.91,19.95,35.95,6.17
2026-06-06 11:41:06,27.14,85.05,1013.64,19.55,36.39,6.2
2026-06-06 11:51:06,27.3,84.7,1010.55,19.66,36.75,6.24
2026-06-06 12:01:06,27.67,85.2,1011.68,20.37,35.74,6.24
2026-06-06 12:11:06,27.64,84.14,1013.16,20.12,35.43,6.23
2026-06-06 12:21:06,27.86,84.43,1012.03,20.49,36.47,6.16
2026-06-06 12:31:06,27.87,84.63,1010.51,20.5,35.69,6.2
2026-06-06 12:41:06,28.0,84.17,1008.45,20.38,36.41,6.16
2026-06-06 12:51:06,28.0,84.26,1011.9,20.74,36.0,6.2
2026-06-06 13:01:06,27.96,84.0,1012.89,20.83,36.29,6.18
2026-06-06 13:11:06,27.78,84.0,1013.97,20.73,35.76,6.18
2026-06-06 13:21:06,27.79,84.0,1013.28,21.31,36.18,6.2
2026-06-06 13:31:06,28.0,84.25,1011.57,21.36,36.02,6.22
2026-06-06 13:41:06,28.0,84.74,1012.82,21.51,36.12,6.17
2026-06-06 13:51:06,28.0,84.47,1015.23,21.26,36.35,6.2
2026-06-06 14:01:06,28.0,84.34,1013.2,21.16,36.48,6.2
2026-06-06 14:11:06,28.0,84.38,1009.96,21.46,35.41,6.18
2026-06-06 14:21:06,27.78,84.87,1011.42,21.63,36.68,6.17
2026-06-06 14:31:06,28.0,84.0,1011.05,21.39,36.74,6.22
2026-06-06 14:41:06,28.0,84.44,1012.16,22.13,36.85,6.21
2026-06-06 14:51:06,28.0,84.3,1013.58,21.44,36.52,6.16
2026-06-06 15:01:06,27.5,84.0,1011.76,21.62,36.28,6.24
2026-06-06 15:11:06,27.61,85.21,1012.58,21.77,35.91,6.23
2026-06-06 15:21:06,27.33,84.0,1014.15,22.02,35.15,6.23
2026-06-06 15:31:06,27.94,84.0,1011.27,21.97,35.54,6.17
2026-06-06 15:41:06,27.48,84.0,1013.91,22.03,35.63,6.16
2026-06-06 15:51:06,27.48,85.05,1011.58,22.27,36.15,6.19
2026-06-06 16:01:06,27.45,85.4,1014.18,22.49,35.87,6.2
2026-06-06 16:11:06,26.66,84.55,1013.91,21.84,35.45,6.23
2026-06-06 16:21:06,27.63,84.76,1012.24,21.98,35.47,6.22
2026-06-06 16:31:06,27.8,85.06,1012.08,22.14,35.34,6.21
2026-06-06 16:41:06,27.15,85.21,1012.84,22.01,36.1,6.22
2026-06-06 16:51:06,27.38,86.34,1011.62,21.62,36.55,6.21
2026-06-06 17:01:06,27.05,84.76,1011.47,22.33,36.52,6.22
2026-06-06 17:11:06,26.68,84.7,1013.32,21.65,35.86,6.19
2026-06-06 17:21:06,26.48,85.47,1011.41,21.74,35.77,6.2
2026-06-06 17:31:06,26.57,84.27,1009.6,21.43,35.81,6.21
2026-06-06 17:41:06,26.97,85.4,1012.57,21.67,36.09,6.22
2026-06-06 17:51:06,26.37,84.14,1012.86,21.7,35.94,6.21
2026-06-06 18:01:06,26.54,85.57,1011.28,21.31,35.75,6.21
2026-06-06 18:11:06,25.7,85.64,1012.56,21.2,36.44,6.17
2026-06-06 18:21:06,25.88,85.63,1010.57,20.91,34.82,6.19
2026-06-06 18:31:06,25.24,85.12,1013.32,21.29,35.57,6.2
2026-06-06 18:41:06,25.18,85.82,1011.7,21.13,35.3,6.21
2026-06-06 18:51:06,25.07,86.26,1011.72,20.73,35.79,6.2
2026-06-06 19:01:06,25.9,86.92,1012.71,20.76,34.99,6.21
2026-06-06 19:11:06,24.87,86.77,1011.31,20.71,36.54,6.26
2026-06-06 19:21:06,24.55,86.06,1014.12,20.33,35.02,6.22
2026-06-06 19:31:06,25.37,86.34,1012.42,20.59,35.9,6.21
2026-06-06 19:41:06,24.86,86.31,1012.77,20.52,35.79,6.18
2026-06-06 19:51:06,24.87,86.73,1016.82,19.99,35.55,6.22
2026-06-06 20:01:06,24.02,87.42,1011.84,20.3,35.35,6.24
2026-06-06 20:11:06,24.23,88.05,1011.33,19.93,37.02,6.17
2026-06-06 20:21:06,24.03,86.98,1010.53,19.72,35.92,6.18
2026-06-06 20:31:06,23.95,87.87,1010.27,19.68,35.65,6.19
2026-06-06 20:41:06,23.46,88.36,1013.2,19.24,35.47,6.22
2026-06-06 20:51:06,23.65,87.9,1010.7,19.04,35.65,6.21
2026-06-06 21:01:06,23.6,87.17,1011.59,19.07,35.32,6.2
2026-06-06 21:11:06,23.82,87.72,1010.65,18.93,35.59,6.22
2026-06-06 21:21:06,23.02,87.81,1011.16,18.73,35.78,6.2
2026-06-06 21:31:06,23.08,88.58,1012.93,18.42,35.97,6.16
2026-06-06 21:41:06,22.9,89.31,1012.82,18.22,35.55,6.22
2026-06-06 21:51:06,22.79,88.23,1011.73,17.91,35.58,6.19
2026-06-06 22:01:06,22.24,88.52,1010.93,18.09,34.77,6.16
2026-06-06 22:11:06,22.7,88.38,1012.1,17.78,36.21,6.18
2026-06-06 22:21:06,22.56,89.41,1013.27,17.9,35.21,6.24
2026-06-06 22:31:06,22.29,88.87,1011.74,17.49,35.24,6.22
2026-06-06 22:41:06,22.48,89.47,1011.57,17.12,35.99,6.2
2026-06-06 22:51:06,22.37,88.61,1012.0,17.33,35.79,6.22
2026-06-06 23:01:06,21.69,88.88,1011.11,17.3,35.28,6.21
2026-06-06 23:11:06,21.78,88.82,1012.83,16.59,35.78,6.19
2026-06-06 23:21:06,22.5,89.35,1014.14,16.64,35.72,6.21
2026-06-06 23:31:06,21.63,89.81,1014.28,16.16,36.3,6.22
2026-06-06 23:41:06,21.78,89.43,1013.63,16.22,35.51,6.18
2026-06-06 23:51:06,21.04,89.08,1012.04,16.51,36.22,6.16
2026-06-07 00:01:06,21.45,89.28,1013.45,15.57,35.83,6.22
2026-06-07 00:11:06,21.42,89.55,1012.26,15.47,35.64,6.21
2026-06-07 00:21:06,21.34,90.0,1012.47,15.96,35.49,6.21
2026-06-07 00:31:06,21.05,89.61,1009.75,15.36,35.71,6.2
2026-06-07 00:41:06,21.35,90.0,1012.61,15.37,35.9,6.18
2026-06-07 00:51:06,21.13,90.0,1011.53,15.32,35.01,6.23
2026-06-07 01:01:06,21.14,88.76,1014.4,15.19,35.06,6.21
2026-06-07 01:11:06,21.0,90.0,1011.82,15.06,35.48,6.21
2026-06-07 01:21:06,21.31,89.56,1015.93,14.94,35.99,6.2
2026-06-07 01:31:06,21.05,90.0,1011.84,14.72,36.1,6.19
2026-06-07 01:41:06,21.0,90.0,1016.0,14.32,34.09,6.2
2026-06-07 01:51:06,21.27,89.95,1014.25,14.67,35.43,6.22
2026-06-07 02:01:06,21.0,89.55,1014.63,14.48,35.81,6.2
2026-06-07 02:11:06,21.0,89.91,1011.54,14.45,35.48,6.21
2026-06-07 02:21:06,21.06,89.92,1011.0,14.27,35.85,6.2
2026-06-07 02:31:06,21.0,89.0,1012.07,14.29,35.96,6.24
2026-06-07 02:41:06,21.5,89.01,1012.06,14.28,35.57,6.2
2026-06-07 02:51:06,21.0,89.2,1010.7,14.3,35.75,6.25
2026-06-07 03:01:06,21.4,89.79,1012.62,14.35,36.23,6.21
2026-06-07 03:11:06,21.71,88.99,1011.75,14.19,35.43,6.2
2026-06-07 03:21:06,21.33,89.62,1009.18,14.26,35.98,6.17
2026-06-07 03:31:06,21.37,90.0,1013.69,13.84,35.24,6.18
2026-06-07 03:41:06,21.14,90.0,1014.66,13.78,35.29,6.25
2026-06-07 03:51:06,21.38,88.57,1014.22,13.9,34.71,6.22
2026-06-07 04:01:06,21.25,89.04,1013.25,13.84,35.55,6.2
2026-06-07 04:11:06,21.39,89.25,1011.92,14.17,35.81,6.2
2026-06-07 04:21:06,21.08,89.54,1010.58,14.39,35.27,6.23
2026-06-07 04:31:06,21.33,89.58,1014.71,14.07,36.08,6.19
2026-06-07 04:41:06,21.87,89.29,1012.34,13.9,35.04,6.19
2026-06-07 04:51:06,21.83,88.94,1008.71,14.03,35.18,6.18
2026-06-07 05:01:06,22.57,89.03,1011.65,14.22,35.08,6.21
2026-06-07 05:11:06,22.02,89.18,1010.95,14.15,35.95,6.2
2026-06-07 05:21:06,22.27,89.21,1010.38,14.54,35.88,6.21
2026-06-07 05:31:06,22.51,89.1,1011.45,14.3,35.47,6.23
2026-06-07 05:41:06,22.68,89.32,1013.95,14.33,35.92,6.2
2026-06-07 05:51:06,22.58,88.19,1015.68,14.59,35.76,6.21
2026-06-07 06:01:06,22.62,88.4,1011.76,14.27,34.97,6.19
2026-06-07 06:11:06,22.75,89.33,1013.13,14.46,35.78,6.19
2026-06-07 06:21:06,23.13,87.85,1012.2,14.84,35.67,6.22
2026-06-07 06:31:06,23.25,88.12,1011.44,15.02,35.61,6.19
2026-06-07 06:41:06,22.86,88.61,1010.81,14.77,34.92,6.24
2026-06-07 06:51:06,23.47,87.98,1014.9,15.18,36.0,6.17
2026-06-07 07:01:06,24.1,87.63,1010.33,14.98,35.06,6.19
2026-06-07 07:11:06,24.15,87.76,1011.72,15.53,36.25,6.21
2026-06-07 07:21:06,23.94,87.54,1012.58,15.49,35.27,6.21
2026-06-07 07:31:06,23.93,87.44,1011.93,15.63,35.7,6.2
2026-06-07 07:41:06,23.55,87.25,1012.36,15.8,36.22,6.18
2026-06-07 07:51:06,24.03,86.4,1012.06,16.29,35.85,6.2
2026-06-07 08:01:06,24.66,87.21,1012.74,16.16,35.43,6.21
2026-06-07 08:11:06,24.26,87.1,1011.71,16.42,35.53,6.17
2026-06-07 08:21:06,24.64,86.84,1013.78,16.3,36.45,6.18
2026-06-07 08:31:06,24.39,86.09,1009.46,16.47,35.51,6.18
2026-06-07 08:41:06,25.78,86.83,1011.17,16.84,35.16,6.21
2026-06-07 08:51:06,24.93,85.4,1013.35,16.79,34.81,6.2
2026-06-07 09:01:06,25.7,85.33,1013.7,16.78,35.16,6.21
2026-06-07 09:11:06,25.63,85.63,1010.76,16.98,35.49,6.19
2026-06-07 09:21:06,25.17,86.28,1012.6,17.5,35.58,6.19
2026-06-07 09:31:06,25.91,85.28,1008.56,17.59,35.11,6.18
2026-06-07 09:41:06,26.22,85.41,1011.91,17.7,35.63,6.22
2026-06-07 09:51:06,26.09,86.06,1013.21,17.45,35.62,6.2
2026-06-07 10:01:06,26.27,84.26,1014.3,18.03,35.16,6.22
2026-06-07 10:11:06,26.15,85.52,1012.64,18.15,35.49,6.22
2026-06-07 10:21:06,27.06,85.35,1011.74,18.54,35.16,6.21
2026-06-07 10:31:06,26.34,84.95,1009.87,18.56,35.39,6.21
2026-06-07 10:41:06,27.04,85.1,1011.4,18.79,34.91,6.24
2026-06-07 10:51:06,26.98,84.14,1011.47,19.1,35.32,6.16
2026-06-07 11:01:06,27.43,84.73,1012.77,18.92,35.58,6.21
2026-06-07 11:11:06,27.43,85.67,1010.27,19.42,34.8,6.19
2026-06-07 11:21:06,27.51,84.37,1013.0,19.57,36.09,6.18
2026-06-07 11:31:06,26.92,85.39,1012.64,19.79,34.73,6.21
2026-06-07 11:41:06,27.45,84.42,1011.7,20.07,35.65,6.2
2026-06-07 11:51:06,27.53,84.23,1010.59,19.53,34.54,6.21
2026-06-07 12:01:06,27.65,84.49,1011.68,19.8,35.5,6.19
2026-06-07 12:11:06,27.75,85.18,1014.31,20.15,34.95,6.2
2026-06-07 12:21:06,27.79,84.0,1010.56,20.28,35.97,6.2
2026-06-07 12:31:06,27.48,84.21,1014.56,20.4,34.77,6.21
2026-06-07 12:41:06,27.71,84.0,1014.74,20.26,34.98,6.21
2026-06-07 12:51:06,28.0,85.32,1012.59,21.16,35.1,6.16
2026-06-07 13:01:06,27.82,84.29,1011.71,21.05,34.91,6.21
2026-06-07 13:11:06,28.0,84.56,1010.37,20.99,35.51,6.2
2026-06-07 13:21:06,28.0,84.24,1010.13,21.21,35.42,6.17
2026-06-07 13:31:06,27.75,84.0,1015.8,21.1,35.02,6.24
2026-06-07 13:41:06,28.0,84.32,1012.87,21.08,35.62,6.18
2026-06-07 13:51:06,28.0,84.54,1012.5,21.3,34.57,6.18
2026-06-07 14:01:06,27.56,84.04,1010.46,21.3,35.17,6.14
2026-06-07 14:11:06,27.93,84.0,1013.17,21.27,36.03,6.19
2026-06-07 14:21:06,27.47,84.0,1011.75,21.73,35.19,6.2
2026-06-07 14:31:06,28.0,84.06,1010.52,21.49,35.46,6.16
2026-06-07 14:41:06,27.35,84.11,1010.95,21.89,34.92,6.17
2026-06-07 14:51:06,28.0,84.35,1015.31,21.6,35.76,6.17
2026-06-07 15:01:06,28.0,84.9,1010.34,21.65,35.59,6.21
2026-06-07 15:11:06,28.0,84.27,1014.56,21.82,35.37,6.23
2026-06-07 15:21:06,27.67,84.47,1012.17,21.96,35.25,6.19
2026-06-07 15:31:06,27.97,84.16,1012.87,22.06,35.64,6.18
2026-06-07 15:41:06,27.76,84.49,1012.28,21.64,35.27,6.18
2026-06-07 15:51:06,27.2,84.0,1012.16,21.86,35.12,6.19
2026-06-07 16:01:06,26.95,84.22,1012.3,22.29,35.64,6.2
2026-06-07 16:11:06,27.56,84.0,1013.65,21.68,34.98,6.22
2026-06-07 16:21:06,27.03,84.72,1012.02,21.69,34.39,6.21
2026-06-07 16:31:06,27.61,84.0,1009.48,22.09,35.2,6.21
2026-06-07 16:41:06,27.4,84.94,1010.81,21.96,34.64,6.2
2026-06-07 16:51:06,27.01,85.39,1011.06,21.8,35.95,6.22
2026-06-07 17:01:06,27.1,84.99,1013.0,22.1,35.07,6.17
2026-06-07 17:11:06,26.61,84.82,1010.42,21.94,34.9,6.2
2026-06-07 17:21:06,26.86,84.94,1011.0,21.8,34.83,6.16
2026-06-07 17:31:06,27.09,85.08,1012.52,21.48,35.36,6.22
2026-06-07 17:41:06,26.67,85.92,1013.59,21.6,35.99,6.21
2026-06-07 17:51:06,26.6,85.63,1013.02,21.26,34.99,6.23
2026-06-07 18:01:06,25.95,86.13,1012.63,21.85,34.35,6.22
2026-06-07 18:11:06,26.14,85.92,1011.48,21.25,35.56,6.21
2026-06-07 18:21:06,25.75,85.1,1009.52,21.27,35.12,6.21
2026-06-07 18:31:06,25.93,86.61,1011.37,20.78,35.21,6.18
2026-06-07 18:41:06,25.99,85.94,1012.2,21.07,36.1,6.18
2026-06-07 18:51:06,25.44,86.13,1012.56,21.0,35.35,6.16
2026-06-07 19:01:06,25.67,85.8,1009.82,20.67,36.14,6.21
2026-06-07 19:11:06,24.93,86.47,1012.3,20.74,35.37,6.21
2026-06-07 19:21:06,24.5,86.01,1010.94,20.74,35.15,6.2
2026-06-07 19:31:06,25.34,86.35,1016.25,20.4,34.8,6.17
2026-06-07 19:41:06,25.16,86.65,1014.31,20.05,35.05,6.18
2026-06-07 19:51:06,24.91,87.2,1012.64,20.15,35.06,6.23
2026-06-07 20:01:06,24.36,86.81,1014.18,20.14,35.42,6.17
2026-06-07 20:11:06,24.22,87.64,1015.27,19.82,36.65,6.2
2026-06-07 20:21:06,23.74,87.2,1010.73,19.83,34.99,6.2
2026-06-07 20:31:06,23.36,87.85,1013.19,19.73,35.93,6.18
2026-06-07 20:41:06,23.97,88.12,1012.8,19.61,35.56,6.2
2026-06-07 20:51:06,23.67,87.91,1010.98,19.52,35.1,6.19
2026-06-07 21:01:06,23.5,87.57,1011.37,18.63,35.63,6.22
2026-06-07 21:11:06,23.09,88.03,1013.56,18.89,35.01,6.2
2026-06-07 21:21:06,23.26,87.52,1013.75,18.91,35.17,6.23
2026-06-07 21:31:06,22.8,88.12,1011.15,18.76,35.13,6.23
2026-06-07 21:41:06,23.36,89.25,1010.25,18.77,35.64,6.24
2026-06-07 21:51:06,22.7,89.15,1011.66,18.63,35.39,6.19
2026-06-07 22:01:06,22.51,88.33,1012.55,17.99,36.17,6.24
2026-06-07 22:11:06,22.37,87.9,1013.23,17.89,35.73,6.23
2026-06-07 22:21:06,22.45,88.11,1014.01,18.01,34.37,6.19
2026-06-07 22:31:06,22.33,89.04,1011.38,17.25,35.07,6.22
2026-06-07 22:41:06,21.81,88.91,1012.58,17.53,34.47,6.18
2026-06-07 22:51:06,21.61,88.95,1011.05,16.92,35.36,6.18
2026-06-07 23:01:06,22.3,89.96,1010.82,17.07,34.49,6.21
2026-06-07 23:11:06,21.98,88.67,1008.04,16.75,35.15,6.22
2026-06-07 23:21:06,21.6,88.59,1012.82,16.45,35.67,6.21
2026-06-07 23:31:06,22.12,88.8,1013.33,16.71,35.29,6.2
2026-06-07 23:41:06,21.74,89.75,1011.45,16.05,34.91,6.18
2026-06-07 23:51:06,21.52,90.0,1010.08,16.15,39.68,6.21
2026-06-08 00:01:06,21.57,89.32,1012.08,16.07,39.59,6.19
2026-06-08 00:11:06,21.65,90.0,1010.56,15.73,40.51,6.19
2026-06-08 00:21:06,21.53,89.27,1010.08,15.91,39.1,6.19
2026-06-08 00:31:06,21.31,90.0,1011.72,15.44,39.83,6.22
2026-06-08 00:41:06,21.82,89.84,1011.73,15.6,39.4,6.16
2026-06-08 00:51:06,21.31,89.85,1011.76,15.31,39.08,6.2
2026-06-08 01:01:06,21.56,90.0,1013.37,15.53,39.79,6.19
2026-06-08 01:11:06,21.12,90.0,1012.19,15.02,40.06,6.21
2026-06-08 01:21:06,21.16,90.0,1011.78,14.75,39.36,6.2
2026-06-08 01:31:06,21.0,89.9,1013.4,15.26,40.13,6.19
2026-06-08 01:41:06,21.0,89.32,1012.16,15.01,39.93,6.17
2026-06-08 01:51:06,21.23,90.0,1011.08,14.61,39.43,6.2
2026-06-08 02:01:06,21.0,90.0,1012.21,14.98,39.39,6.21
2026-06-08 02:11:06,21.12,90.0,1011.91,14.3,40.31,6.18
2026-06-08 02:21:06,21.01,89.81,1012.36,14.75,39.55,6.18
2026-06-08 02:31:06,21.0,90.0,1009.89,14.28,40.07,6.24
2026-06-08 02:41:06,21.0,89.77,1012.65,14.2,40.48,6.22
2026-06-08 02:51:06,21.28,89.53,1011.21,13.8,40.52,6.15
2026-06-08 03:01:06,21.18,89.53,1013.34,13.96,39.14,6.2
2026-06-08 03:11:06,21.01,90.0,1013.01,14.37,39.55,6.2
2026-06-08 03:21:06,21.43,89.36,1013.25,13.89,39.78,6.2
2026-06-08 03:31:06,21.0,88.93,1010.9,13.99,39.25,6.21
2026-06-08 03:41:06,21.2,90.0,1013.72,14.19,40.06,6.23
2026-06-08 03:51:06,21.68,89.9,1012.54,14.13,38.64,6.23
2026-06-08 04:01:06,21.75,89.38,1010.51,13.95,39.78,6.21
2026-06-08 04:11:06,21.61,88.95,1014.0,13.68,39.6,6.22
2026-06-08 04:21:06,21.86,88.7,1012.37,13.86,40.15,6.2
2026-06-08 04:31:06,22.1,88.95,1012.21,13.91,40.33,6.21
2026-06-08 04:41:06,22.08,89.71,1011.63,13.86,39.85,6.18
2026-06-08 04:51:06,21.59,88.4,1011.21,13.84,40.34,6.21
2026-06-08 05:01:06,22.65,89.73,1010.46,14.53,40.0,6.2
2026-06-08 05:11:06,22.24,90.0,1013.01,14.42,40.03,6.17
2026-06-08 05:21:06,22.0,89.44,1010.35,14.19,39.13,6.2
2026-06-08 05:31:06,22.34,87.58,1014.4,13.92,39.23,6.2
2026-06-08 05:41:06,22.83,88.5,1013.32,14.23,40.07,6.23
2026-06-08 05:51:06,22.8,88.28,1011.86,14.72,39.62,6.2
2026-06-08 06:01:06,23.07,87.04,1011.31,14.59,39.7,6.22
2026-06-08 06:11:06,23.0,87.52,1013.28,14.42,40.35,6.19
2026-06-08 06:21:06,23.06,88.92,1010.16,14.58,39.5,6.18
2026-06-08 06:31:06,22.43,88.2,1012.44,15.13,40.13,6.22
2026-06-08 06:41:06,22.94,87.12,1011.06,14.79,41.52,6.21
2026-06-08 06:51:06,23.83,88.5,1011.77,15.09,40.2,6.19
2026-06-08 07:01:06,23.29,87.85,1012.81,15.12,39.16,6.14
2026-06-08 07:11:06,23.96,87.76,1012.15,15.29,39.44,6.25
2026-06-08 07:21:06,23.6,87.33,1013.23,15.32,40.07,6.21
2026-06-08 07:31:06,24.23,87.38,1012.77,15.85,40.48,6.2
2026-06-08 07:41:06,24.44,86.97,1011.94,15.83,39.98,6.22
2026-06-08 07:51:06,24.52,87.76,1013.54,15.49,40.31,6.2
2026-06-08 08:01:06,24.16,86.59,1014.11,16.17,39.08,6.21
2026-06-08 08:11:06,24.08,86.65,1012.26,16.29,39.38,6.21
2026-06-08 08:21:06,24.78,86.44,1012.47,16.6,40.55,6.2
2026-06-08 08:31:06,24.95,86.25,1010.56,16.51,40.4,6.18
2026-06-08 08:41:06,25.34,86.35,1013.47,16.29,39.53,6.17
2026-06-08 08:51:06,24.85,86.2,1011.03,16.72,39.56,6.19
2026-06-08 09:01:06,25.39,86.56,1014.19,17.16,39.89,6.22
2026-06-08 09:11:06,26.02,85.97,1009.8,17.09,39.05,6.2
2026-06-08 09:21:06,25.31,85.57,1013.93,16.9,40.18,6.18
2026-06-08 09:31:06,25.9,85.51,1011.68,17.53,39.43,6.21
2026-06-08 09:41:06,26.72,85.75,1013.25,17.78,39.35,6.22
2026-06-08 09:51:06,26.78,85.86,1010.68,17.75,39.98,6.18
2026-06-08 10:01:06,25.92,86.28,1014.12,18.08,38.86,6.2
2026-06-08 10:11:06,26.63,85.6,1011.31,18.58,38.86,6.2
2026-06-08 10:21:06,26.21,86.05,1012.6,18.05,40.37,6.15
2026-06-08 10:31:06,26.57,85.3,1013.25,18.73,39.37,6.2
2026-06-08 10:41:06,26.73,85.68,1013.45,18.61,38.43,6.2
2026-06-08 10:51:06,27.18,85.04,1011.98,18.63,39.29,6.17
2026-06-08 11:01:06,26.9,84.91,1013.45,18.9,40.09,6.13
2026-06-08 11:11:06,27.04,85.36,1010.71,19.33,39.03,6.16
2026-06-08 11:21:06,27.02,85.26,1011.25,19.54,40.31,6.17
2026-06-08 11:31:06,27.19,84.54,1012.98,19.87,39.79,6.21
2026-06-08 11:41:06,27.2,84.0,1014.76,19.85,39.11,6.21
2026-06-08 11:51:06,27.68,84.18,1009.16,20.26,39.27,6.21
2026-06-08 12:01:06,27.45,84.41,1011.09,20.04,39.95,6.19
2026-06-08 12:11:06,27.46,84.0,1013.38,20.32,39.45,6.19
2026-06-08 12:21:06,27.93,84.0,1010.59,20.09,38.91,6.19
2026-06-08 12:31:06,27.55,85.16,1012.26,20.59,39.83,6.2
2026-06-08 12:41:06,27.97,84.0,1011.42,20.38,39.51,6.2
2026-06-08 12:51:06,27.56,84.0,1013.65,20.89,39.61,6.19
2026-06-08 13:01:06,28.0,84.5,1013.21,21.05,39.63,6.22
2026-06-08 13:11:06,27.56,84.0,1012.55,20.84,39.07,6.2
2026-06-08 13:21:06,28.0,84.0,1010.81,21.12,39.74,6.22
2026-06-08 13:31:06,28.0,84.77,1013.16,21.38,39.64,6.21
2026-06-08 13:41:06,27.87,84.66,1010.53,21.27,39.69,6.21
2026-06-08 13:51:06,27.54,84.0,1012.64,21.78,39.98,6.24
2026-06-08 14:01:06,27.99,84.56,1015.82,21.18,39.34,6.2
2026-06-08 14:11:06,28.0,85.02,1012.22,21.34,39.62,6.18
2026-06-08 14:21:06,28.0,84.0,1011.35,21.78,39.38,6.18
2026-06-08 14:31:06,28.0,84.75,1012.68,21.67,39.75,6.2
2026-06-08 14:41:06,27.78,84.98,1011.2,21.78,39.86,6.19
2026-06-08 14:51:06,28.0,84.14,1014.21,21.82,39.68,6.18
2026-06-08 15:01:06,27.59,84.16,1014.88,22.01,40.08,6.2
2026-06-08 15:11:06,27.79,84.0,1012.65,22.11,40.07,6.17
2026-06-08 15:21:06,27.49,84.14,1010.64,21.58,39.3,6.22
2026-06-08 15:31:06,27.76,84.0,1010.1,22.14,39.63,6.2
2026-06-08 15:41:06,27.03,84.11,1011.74,21.93,39.35,6.23
2026-06-08 15:51:06,27.23,84.58,1013.54,21.88,40.43,6.21
2026-06-08 16:01:06,27.52,84.47,1013.96,22.19,39.38,6.21
2026-06-08 16:11:06,27.19,84.3,1011.3,22.14,39.86,6.19
2026-06-08 16:21:06,27.56,84.48,1012.47,21.9,39.37,6.19
2026-06-08 16:31:06,26.85,84.53,1012.86,22.45,40.07,6.22
2026-06-08 16:41:06,27.2,84.37,1012.66,21.95,38.77,6.2
2026-06-08 16:51:06,26.73,85.39,1011.65,21.94,38.84,6.18
2026-06-08 17:01:06,26.83,85.18,1012.49,21.84,40.1,6.19
2026-06-08 17:11:06,26.87,85.41,1011.08,21.94,39.57,6.2
2026-06-08 17:21:06,26.8,85.08,1013.9,21.76,39.98,6.25
2026-06-08 17:31:06,26.78,84.85,1011.9,21.36,39.54,6.21
2026-06-08 17:41:06,26.16,84.99,1010.53,21.41,39.2,6.24
2026-06-08 17:51:06,26.48,85.29,1011.58,21.58,38.96,6.22
2026-06-08 18:01:06,26.6,84.92,1013.61,21.63,39.93,6.21
2026-06-08 18:11:06,25.88,86.2,1013.35,21.03,38.65,6.19
2026-06-08 18:21:06,25.6,85.43,1011.74,21.36,39.86,6.19
2026-06-08 18:31:06,25.8,86.23,1010.49,21.1,39.04,6.16
2026-06-08 18:41:06,25.83,85.96,1012.9,20.92,39.99,6.19
2026-06-08 18:51:06,25.22,86.13,1011.06,20.99,39.09,6.2
2026-06-08 19:01:06,25.76,85.85,1012.19,20.86,39.54,6.19
2026-06-08 19:11:06,25.09,86.58,1010.98,20.57,39.05,6.18
2026-06-08 19:21:06,24.91,86.92,1010.46,20.85,39.58,6.19
2026-06-08 19:31:06,25.18,87.17,1013.11,20.51,39.56,6.21
2026-06-08 19:41:06,24.62,86.45,1012.95,20.56,39.47,6.19
2026-06-08 19:51:06,24.78,86.63,1012.24,20.15,38.43,6.2
2026-06-08 20:01:06,24.3,86.79,1011.52,19.61,39.16,6.21
2026-06-08 20:11:06,24.51,86.72,1010.26,19.72,39.02,6.21
2026-06-08 20:21:06,24.02,87.09,1008.66,20.32,38.94,6.27
2026-06-08 20:31:06,23.92,87.91,1011.89,19.52,39.61,6.23
2026-06-08 20:41:06,24.18,87.14,1011.15,18.7,39.04,6.19
2026-06-08 20:51:06,23.87,87.18,1011.45,18.91,39.03,6.19
2026-06-08 21:01:06,23.61,88.22,1011.99,19.13,40.4,6.21
2026-06-08 21:11:06,23.57,87.16,1009.76,18.92,39.47,6.17
2026-06-08 21:21:06,23.93,89.19,1010.53,18.87,39.46,6.23
2026-06-08 21:31:06,22.51,88.7,1013.23,18.62,39.37,6.21
2026-06-08 21:41:06,22.92,87.41,1012.87,18.51,39.44,6.21
2026-06-08 21:51:06,23.31,88.85,1010.5,18.05,39.57,6.23
2026-06-08 22:01:06,22.71,88.76,1012.41,18.13,39.71,6.22
2026-06-08 22:11:06,22.41,88.67,1013.11,18.03,38.47,6.18
2026-06-08 22:21:06,22.32,88.58,1011.03,17.74,39.98,6.21
2026-06-08 22:31:06,22.61,89.21,1011.26,17.6,38.83,6.22
2026-06-08 22:41:06,22.87,88.52,1012.13,16.94,39.21,6.2
2026-06-08 22:51:06,21.78,88.55,1012.15,17.31,38.64,6.19
2026-06-08 23:01:06,22.39,88.79,1011.74,16.92,39.88,6.17
2026-06-08 23:11:06,21.99,89.08,1011.45,16.78,39.23,6.21
2026-06-08 23:21:06,21.64,89.13,1014.11,16.48,39.44,6.16
2026-06-08 23:31:06,21.47,89.8,1010.1,16.27,38.79,6.17
2026-06-08 23:41:06,21.46,89.13,1010.25,16.3,39.52,6.19
2026-06-08 23:51:06,22.1,89.8,1012.43,16.15,39.61,6.24
2026-06-09 00:01:06,21.0,89.79,1013.54,15.73,39.49,6.21
2026-06-09 00:11:06,21.52,88.81,1012.33,15.95,39.07,6.21
2026-06-09 00:21:06,21.74,89.9,1013.85,15.58,39.37,6.18
2026-06-09 00:31:06,21.34,90.0,1010.81,15.72,39.61,6.21
2026-06-09 00:41:06,21.3,89.43,1013.14,15.6,39.57,6.2
2026-06-09 00:51:06,21.32,89.69,1013.76,14.96,39.06,6.18
2026-06-09 01:01:06,21.0,90.0,1013.28,15.02,39.04,6.19
2026-06-09 01:11:06,21.0,89.68,1011.15,15.24,39.13,6.26
2026-06-09 01:21:06,21.25,90.0,1013.65,15.01,39.15,6.22
2026-06-09 01:31:06,21.01,89.2,1014.39,14.76,39.56,6.19
2026-06-09 01:41:06,21.0,90.0,1012.93,14.42,38.96,6.24
2026-06-09 01:51:06,21.34,89.48,1012.99,14.68,39.91,6.24
2026-06-09 02:01:06,21.0,89.52,1012.25,14.66,39.61,6.2
2026-06-09 02:11:06,21.0,90.0,1010.64,14.23,39.86,6.22
2026-06-09 02:21:06,21.16,90.0,1011.92,14.22,39.62,6.19
2026-06-09 02:31:06,21.45,90.0,1013.71,14.22,39.22,6.19
2026-06-09 02:41:06,21.0,89.1,1012.19,14.14,39.02,6.22
2026-06-09 02:51:06,21.08,90.0,1014.58,13.94,39.4,6.16
2026-06-09 03:01:06,21.0,89.5,1011.75,14.31,40.0,6.21
2026-06-09 03:11:06,21.07,89.99,1010.67,14.31,39.85,6.17
2026-06-09 03:21:06,21.25,89.82,1012.22,14.05,38.93,6.2
2026-06-09 03:31:06,21.26,89.85,1011.41,14.17,38.66,6.2
2026-06-09 03:41:06,21.17,89.2,1011.27,14.39,39.03,6.23
2026-06-09 03:51:06,21.18,88.81,1013.28,14.16,39.9,6.23
2026-06-09 04:01:06,21.66,89.02,1013.36,14.05,38.91,6.22
2026-06-09 04:11:06,21.47,89.78,1007.54,14.2,39.0,6.21
2026-06-09 04:21:06,21.74,88.12,1013.82,13.95,39.39,6.2
2026-06-09 04:31:06,21.0,88.62,1012.22,13.92,38.83,6.21
2026-06-09 04:41:06,21.55,90.0,1011.88,13.94,38.51,6.21
2026-06-09 04:51:06,22.33,88.86,1011.32,13.77,38.81,6.19
2026-06-09 05:01:06,22.39,89.05,1012.77,14.21,39.0,6.21
2026-06-09 05:11:06,22.74,89.25,1012.77,14.27,39.86,6.16
2026-06-09 05:21:06,22.37,89.11,1013.62,14.33,39.44,6.19
2026-06-09 05:31:06,22.14,88.57,1011.39,14.13,39.49,6.22
2026-06-09 05:41:06,22.15,88.61,1009.29,13.93,38.26,6.18
2026-06-09 05:51:06,22.34,88.36,1012.58,14.62,40.14,6.2
2026-06-09 06:01:06,22.24,88.43,1013.03,14.39,39.28,6.14
2026-06-09 06:11:06,22.59,88.39,1012.96,14.49,39.04,6.19
2026-06-09 06:21:06,23.1,88.12,1010.8,14.79,39.39,6.2
2026-06-09 06:31:06,23.27,88.04,1009.93,14.6,40.09,6.19
2026-06-09 06:41:06,23.1,87.59,1014.33,14.78,38.73,6.19
2026-06-09 06:51:06,23.77,88.81,1010.52,15.18,38.78,6.21
2026-06-09 07:01:06,23.72,87.89,1011.47,15.56,39.45,6.17
2026-06-09 07:11:06,23.93,86.62,1012.85,15.15,39.07,6.17
2026-06-09 07:21:06,24.34,87.67,1013.13,15.55,39.84,6.19
2026-06-09 07:31:06,23.63,87.92,1010.17,15.36,39.02,6.18
2026-06-09 07:41:06,24.86,86.94,1010.5,15.85,39.72,6.18
2026-06-09 07:51:06,24.0,87.35,1014.9,15.81,38.87,6.18
2026-06-09 08:01:06,24.44,86.64,1011.27,16.07,39.28,6.2
2026-06-09 08:11:06,25.33,86.35,1014.69,16.04,38.93,6.18
2026-06-09 08:21:06,24.67,87.17,1012.98,16.17,39.14,6.22
2026-06-09 08:31:06,24.47,86.37,1012.88,16.32,38.78,6.19
2026-06-09 08:41:06,24.68,86.63,1011.87,16.54,39.03,6.2
2026-06-09 08:51:06,25.16,85.9,1010.52,16.76,38.66,6.18
2026-06-09 09:01:06,25.69,85.68,1013.85,17.02,40.44,6.21
2026-06-09 09:11:06,25.37,85.13,1014.72,16.89,38.34,6.17
2026-06-09 09:21:06,25.89,85.82,1009.72,17.71,39.07,6.15
2026-06-09 09:31:06,25.46,85.69,1009.49,17.85,39.07,6.17
2026-06-09 09:41:06,25.76,86.02,1011.86,17.61,39.08,6.2
2026-06-09 09:51:06,26.05,86.05,1011.58,17.82,39.23,6.2
2026-06-09 10:01:06,25.84,85.45,1009.72,18.13,38.58,6.21
2026-06-09 10:11:06,26.48,85.4,1013.58,17.74,38.92,6.2
2026-06-09 10:21:06,27.05,84.94,1014.79,18.68,39.29,6.2
2026-06-09 10:31:06,26.22,85.16,1012.42,18.6,39.53,6.21
2026-06-09 10:41:06,26.64,85.24,1011.38,18.65,37.23,6.19
2026-06-09 10:51:06,26.9,85.12,1011.96,18.61,39.26,6.2
2026-06-09 11:01:06,27.17,85.26,1013.15,18.88,39.26,6.2
2026-06-09 11:11:06,27.41,84.88,1010.81,18.76,39.9,6.22
2026-06-09 11:21:06,27.24,84.49,1009.5,19.12,39.14,6.19
2026-06-09 11:31:06,26.82,84.35,1011.08,19.72,37.85,6.21
2026-06-09 11:41:06,27.12,85.3,1010.35,19.63,39.34,6.21
2026-06-09 11:51:06,27.39,84.0,1012.87,20.19,39.36,6.18
2026-06-09 12:01:06,27.41,84.0,1011.23,19.97,39.03,6.2
2026-06-09 12:11:06,27.38,84.0,1015.42,20.06,38.88,6.2
2026-06-09 12:21:06,26.95,84.25,1011.78,20.31,38.65,6.21
2026-06-09 12:31:06,28.0,85.04,1010.23,20.41,38.97,6.17
2026-06-09 12:41:06,27.87,84.0,1014.83,20.74,39.33,6.19
2026-06-09 12:51:06,27.45,84.16,1010.85,20.56,38.42,6.2
2026-06-09 13:01:06,27.49,84.57,1009.84,20.54,38.96,6.19
2026-06-09 13:11:06,28.0,84.0,1012.06,20.7,38.24,6.16
2026-06-09 13:21:06,27.92,84.0,1010.59,20.95,39.41,6.19
2026-06-09 13:31:06,27.92,84.52,1009.54,20.66,38.29,6.2
2026-06-09 13:41:06,27.94,84.34,1014.49,21.02,38.35,6.19
2026-06-09 13:51:06,28.0,84.08,1011.83,21.66,39.05,6.16
2026-06-09 14:01:06,27.52,84.0,1011.96,21.47,39.03,6.21
2026-06-09 14:11:06,27.65,84.14,1012.16,21.39,38.66,6.21
2026-06-09 14:21:06,28.0,84.0,1012.46,21.66,38.9,6.17
2026-06-09 14:31:06,28.0,84.45,1014.01,21.58,39.13,6.18
2026-06-09 14:41:06,27.47,84.0,1014.07,21.81,39.25,6.18
2026-06-09 14:51:06,27.94,84.0,1012.84,21.81,38.86,6.2
2026-06-09 15:01:06,28.0,84.58,1010.42,21.69,38.65,6.17
2026-06-09 15:11:06,27.53,84.0,1009.86,21.78,38.63,6.17
2026-06-09 15:21:06,27.81,84.7,1013.03,21.67,39.5,6.2
2026-06-09 15:31:06,27.76,84.68,1012.16,21.85,37.82,6.2
2026-06-09 15:41:06,27.66,84.29,1009.61,22.28,38.16,6.2
2026-06-09 15:51:06,28.0,84.44,1012.45,21.92,37.64,6.2
2026-06-09 16:01:06,27.64,85.24,1013.36,22.18,39.02,6.21
2026-06-09 16:11:06,28.0,84.66,1011.98,21.89,38.8,6.2
2026-06-09 16:21:06,27.92,84.89,1012.66,21.81,39.22,6.21
2026-06-09 16:31:06,27.35,84.83,1013.72,21.77,39.35,6.23
2026-06-09 16:41:06,26.94,84.81,1010.72,22.02,38.4,6.22
2026-06-09 16:51:06,27.43,85.04,1010.6,21.94,37.99,6.21
2026-06-09 17:01:06,26.54,84.0,1009.3,21.61,38.49,6.19
2026-06-09 17:11:06,26.66,84.63,1012.06,21.67,38.41,6.23
2026-06-09 17:21:06,26.61,85.04,1012.43,21.88,38.35,6.18
2026-06-09 17:31:06,26.26,85.06,1011.63,21.39,39.39,6.17
2026-06-09 17:41:06,26.63,85.06,1014.34,22.03,38.56,6.18
2026-06-09 17:51:06,26.18,86.0,1010.93,21.59,38.49,6.2
2026-06-09 18:01:06,26.14,86.05,1012.33,21.56,38.94,6.21
2026-06-09 18:11:06,25.48,85.09,1010.92,20.92,38.75,6.18
2026-06-09 18:21:06,25.77,86.75,1012.98,21.27,39.65,6.17
2026-06-09 18:31:06,25.26,86.22,1011.82,20.9,37.89,6.2
2026-06-09 18:41:06,25.88,85.41,1010.62,20.98,38.99,6.21
2026-06-09 18:51:06,25.55,86.34,1012.38,21.03,38.6,6.16
2026-06-09 19:01:06,25.59,86.75,1013.14,20.69,39.18,6.16
2026-06-09 19:11:06,25.93,86.97,1012.82,20.5,38.05,6.19
2026-06-09 19:21:06,25.06,85.91,1012.07,20.91,38.98,6.23
2026-06-09 19:31:06,25.12,85.76,1010.44,20.68,38.82,6.2
2026-06-09 19:41:06,24.19,86.1,1010.86,20.2,38.31,6.2
2026-06-09 19:51:06,24.43,86.73,1014.66,20.0,39.22,6.21
2026-06-09 20:01:06,24.5,87.65,1010.58,19.95,39.23,6.22
2026-06-09 20:11:06,24.29,87.25,1011.91,19.78,38.83,6.2
2026-06-09 20:21:06,24.75,87.14,1013.09,19.64,38.78,6.19
2026-06-09 20:31:06,24.27,87.36,1012.14,19.76,38.74,6.2
2026-06-09 20:41:06,23.57,87.87,1012.56,19.32,38.28,6.21
2026-06-09 20:51:06,23.98,87.48,1010.17,19.4,39.57,6.19
2026-06-09 21:01:06,23.51,87.93,1013.69,18.85,38.16,6.21
2026-06-09 21:11:06,23.02,87.25,1012.81,19.24,38.65,6.2
2026-06-09 21:21:06,23.57,88.71,1011.73,18.57,38.57,6.17
2026-06-09 21:31:06,23.44,88.03,1013.14,18.52,39.01,6.2
2026-06-09 21:41:06,22.68,88.29,1013.09,18.08,38.69,6.24
2026-06-09 21:51:06,23.77,88.79,1009.39,18.06,39.52,6.21
2026-06-09 22:01:06,22.36,88.34,1011.87,17.84,38.21,6.18
2026-06-09 22:11:06,22.58,88.81,1010.89,18.08,38.32,6.19
2026-06-09 22:21:06,22.96,88.5,1012.14,17.95,38.63,6.2
2026-06-09 22:31:06,21.89,89.49,1010.85,17.84,38.56,6.17
2026-06-09 22:41:06,21.81,89.19,1013.4,17.48,38.62,6.19
2026-06-09 22:51:06,21.51,89.21,1014.92,17.28,39.08,6.19
2026-06-09 23:01:06,21.89,90.0,1013.41,17.01,37.97,6.18
2026-06-09 23:11:06,21.73,88.86,1013.56,16.98,38.62,6.17
2026-06-09 23:21:06,22.36,89.74,1011.54,16.5,38.97,6.21
2026-06-09 23:31:06,22.11,88.89,1011.61,16.18,38.27,6.21
2026-06-09 23:41:06,21.2,89.48,1010.32,16.45,37.84,6.23
2026-06-09 23:51:06,21.41,90.0,1010.56,15.85,39.59,6.2
2026-06-10 00:01:06,21.35,89.22,1012.95,15.89,38.69,6.17
2026-06-10 00:11:06,21.74,89.77,1011.41,15.37,38.46,6.21
2026-06-10 00:21:06,21.56,89.77,1013.3,15.97,38.35,6.22
2026-06-10 00:31:06,21.27,90.0,1012.88,15.48,38.15,6.2
2026-06-10 00:41:06,21.0,89.89,1011.72,15.07,38.96,6.19
2026-06-10 00:51:06,21.25,90.0,1009.24,15.02,39.59,6.23
2026-06-10 01:01:06,21.35,89.49,1009.15,15.12,39.34,6.16
2026-06-10 01:11:06,21.0,90.0,1009.48,14.8,38.26,6.22
2026-06-10 01:21:06,21.6,89.86,1012.34,15.01,37.96,6.18
2026-06-10 01:31:06,21.74,90.0,1008.76,15.09,38.93,6.16
2026-06-10 01:41:06,21.04,89.6,1010.71,14.83,38.6,6.16
2026-06-10 01:51:06,21.01,89.14,1008.53,15.0,38.84,6.23
2026-06-10 02:01:06,21.31,89.48,1012.34,14.36,39.56,6.21
2026-06-10 02:11:06,21.0,89.75,1014.28,14.8,38.21,6.22
2026-06-10 02:21:06,21.0,90.0,1012.51,14.43,39.17,6.21
2026-06-10 02:31:06,21.0,90.0,1012.24,14.26,38.18,6.21
2026-06-10 02:41:06,21.09,90.0,1015.63,14.16,38.65,6.22
2026-06-10 02:51:06,21.0,89.04,1013.52,14.59,39.07,6.19
2026-06-10 03:01:06,21.12,89.65,1011.92,14.38,38.23,6.19
2026-06-10 03:11:06,21.48,89.74,1012.17,13.87,37.61,6.2
2026-06-10 03:21:06,21.39,90.0,1014.2,14.11,37.72,6.22
2026-06-10 03:31:06,21.37,90.0,1012.75,13.64,38.05,6.23
2026-06-10 03:41:06,21.25,89.46,1012.19,14.42,38.67,6.23
2026-06-10 03:51:06,21.54,89.34,1016.66,14.11,38.22,6.21
2026-06-10 04:01:06,21.84,89.42,1013.41,14.08,38.96,6.18
2026-06-10 04:11:06,21.69,89.62,1012.45,13.93,38.38,6.19
2026-06-10 04:21:06,22.04,89.55,1013.23,14.28,38.38,6.24
2026-06-10 04:31:06,21.49,89.2,1009.67,14.13,37.54,6.21
2026-06-10 04:41:06,22.11,89.23,1012.44,14.0,37.81,6.21
2026-06-10 04:51:06,22.49,89.0,1014.73,13.95,38.46,6.16
2026-06-10 05:01:06,22.15,89.71,1014.36,13.89,38.05,6.2
2026-06-10 05:11:06,22.03,88.34,1010.55,14.36,38.15,6.18
2026-06-10 05:21:06,21.91,88.96,1013.66,14.46,39.41,6.24
2026-06-10 05:31:06,22.59,88.47,1010.37,14.56,38.49,6.21
2026-06-10 05:41:06,22.45,88.56,1013.03,14.52,38.62,6.16
2026-06-10 05:51:06,22.81,88.33,1014.38,14.65,37.38,6.16
2026-06-10 06:01:06,22.33,88.61,1012.44,14.75,38.5,6.22
2026-06-10 06:11:06,23.32,88.1,1010.92,14.36,38.94,6.2
2026-06-10 06:21:06,22.87,88.7,1013.4,14.84,37.91,6.19
2026-06-10 06:31:06,23.15,87.55,1010.19,14.58,37.97,6.17
2026-06-10 06:41:06,23.76,87.56,1013.11,14.87,37.9,6.21
2026-06-10 06:51:06,23.02,87.99,1011.72,15.07,38.15,6.21
2026-06-10 07:01:06,23.32,87.54,1010.36,15.22,37.99,6.23
2026-06-10 07:11:06,23.74,88.86,1011.99,15.25,38.38,6.25
2026-06-10 07:21:06,24.18,87.64,1011.67,15.47,39.51,6.19
2026-06-10 07:31:06,24.02,88.65,1011.74,15.63,38.16,6.19
2026-06-10 07:41:06,24.05,87.89,1012.65,15.36,38.63,6.2
2026-06-10 07:51:06,23.77,87.15,1010.59,16.11,37.72,6.2
2026-06-10 08:01:06,24.29,86.64,1010.68,16.2,38.43,6.21
2026-06-10 08:11:06,24.53,87.03,1013.38,16.24,38.1,6.2
2026-06-10 08:21:06,24.48,87.15,1011.21,16.15,36.95,6.21
2026-06-10 08:31:06,25.35,87.53,1011.1,16.51,37.99,6.2
2026-06-10 08:41:06,25.16,86.73,1013.18,16.86,37.28,6.18
2026-06-10 08:51:06,25.54,85.59,1012.6,16.98,38.68,6.15
2026-06-10 09:01:06,25.29,86.41,1010.78,17.04,38.56,6.23
2026-06-10 09:11:06,24.98,85.41,1013.2,17.18,38.63,6.18
2026-06-10 09:21:06,25.28,86.16,1013.38,17.25,37.77,6.22
2026-06-10 09:31:06,25.95,85.32,1012.03,17.52,38.38,6.2
2026-06-10 09:41:06,26.07,84.7,1010.02,17.62,38.16,6.19
2026-06-10 09:51:06,26.09,85.63,1008.92,18.0,38.56,6.16
2026-06-10 10:01:06,26.76,85.82,1013.37,18.29,38.24,6.18
2026-06-10 10:11:06,25.85,85.63,1014.23,18.19,38.34,6.21
2026-06-10 10:21:06,25.89,85.28,1012.94,18.61,37.6,6.19
2026-06-10 10:31:06,26.25,85.2,1010.69,18.43,37.89,6.17
2026-06-10 10:41:06,27.08,85.28,1012.39,19.05,38.02,6.22
2026-06-10 10:51:06,27.43,86.04,1010.92,18.79,38.74,6.2
2026-06-10 11:01:06,26.39,85.11,1013.32,19.31,38.76,6.14
2026-06-10 11:11:06,26.72,85.23,1012.81,19.58,38.58,6.24
2026-06-10 11:21:06,27.13,84.96,1010.89,19.51,38.01,6.2
2026-06-10 11:31:06,27.36,84.51,1012.08,19.42,38.35,6.22
2026-06-10 11:41:06,27.37,84.32,1013.48,19.77,38.5,6.19
2026-06-10 11:51:06,27.17,84.81,1011.23,19.47,38.47,6.2
2026-06-10 12:01:06,27.65,85.09,1010.74,19.81,39.43,6.19
2026-06-10 12:11:06,27.33,84.12,1010.21,20.08,38.62,6.24
2026-06-10 12:21:06,27.69,84.26,1013.03,20.73,37.42,6.27
2026-06-10 12:31:06,27.34,84.87,1012.66,20.45,38.28,6.2
2026-06-10 12:41:06,28.0,84.0,1010.85,20.53,38.34,6.23
2026-06-10 12:51:06,27.93,84.37,1012.72,20.29,38.0,6.21
2026-06-10 13:01:06,27.95,84.31,1014.27,20.78,37.83,6.23
2026-06-10 13:11:06,27.46,84.0,1014.27,20.95,38.72,6.22
2026-06-10 13:21:06,27.78,84.05,1013.18,21.4,38.85,6.21
2026-06-10 13:31:06,28.0,84.0,1014.28,21.35,37.74,6.19
2026-06-10 13:41:06,27.95,84.0,1010.93,21.18,37.82,6.21
2026-06-10 13:51:06,27.85,84.0,1010.2,21.5,38.48,6.21
2026-06-10 14:01:06,28.0,84.0,1012.38,21.3,37.58,6.22
2026-06-10 14:11:06,28.0,84.0,1014.08,21.62,38.05,6.16
2026-06-10 14:21:06,27.9,84.09,1011.21,21.57,37.4,6.21
2026-06-10 14:31:06,27.93,84.0,1014.46,22.02,38.32,6.2
2026-06-10 14:41:06,27.63,84.45,1013.67,21.79,38.07,6.2
2026-06-10 14:51:06,27.82,84.0,1010.79,21.81,38.0,6.2
2026-06-10 15:01:06,27.51,84.0,1012.92,21.88,38.7,6.2
2026-06-10 15:11:06,27.73,84.0,1013.3,21.88,39.1,6.21
2026-06-10 15:21:06,27.76,84.87,1012.7,22.07,38.09,6.23
2026-06-10 15:31:06,27.84,84.0,1014.68,22.2,38.45,6.21
2026-06-10 15:41:06,27.57,84.24,1009.87,22.05,38.28,6.22
2026-06-10 15:51:06,27.67,84.65,1012.38,22.14,39.46,6.2
2026-06-10 16:01:06,27.17,85.13,1013.07,22.23,38.49,6.2
2026-06-10 16:11:06,27.5,84.52,1013.95,21.85,37.95,6.23
2026-06-10 16:21:06,26.87,84.0,1012.8,21.62,38.01,6.22
2026-06-10 16:31:06,27.42,85.09,1012.2,21.87,38.3,6.2
2026-06-10 16:41:06,26.3,84.45,1011.94,22.0,38.14,6.21
2026-06-10 16:51:06,27.62,84.48,1013.02,22.31,36.86,6.21
2026-06-10 17:01:06,27.13,84.84,1012.35,21.89,38.55,6.22
2026-06-10 17:11:06,26.63,85.01,1013.38,21.98,37.9,6.2
2026-06-10 17:21:06,26.86,86.03,1013.12,21.98,37.2,6.17
2026-06-10 17:31:06,26.69,85.77,1010.26,21.81,37.97,6.2
2026-06-10 17:41:06,26.74,85.46,1011.53,21.68,38.1,6.19
2026-06-10 17:51:06,26.71,84.92,1012.0,21.7,37.86,6.21
2026-06-10 18:01:06,26.28,84.62,1013.61,21.56,38.53,6.22
2026-06-10 18:11:06,25.77,84.46,1011.52,21.48,39.07,6.24
2026-06-10 18:21:06,26.34,86.5,1012.97,21.45,37.38,6.2
2026-06-10 18:31:06,25.65,85.91,1012.31,20.72,37.98,6.19
2026-06-10 18:41:06,25.89,85.72,1013.02,21.22,37.96,6.2
2026-06-10 18:51:06,25.87,85.57,1009.2,21.04,37.86,6.2
2026-06-10 19:01:06,25.66,86.19,1012.59,20.81,38.3,6.23
2026-06-10 19:11:06,25.15,86.45,1012.35,20.77,38.3,6.22
2026-06-10 19:21:06,25.44,85.84,1011.96,20.86,37.47,6.2
2026-06-10 19:31:06,24.5,86.84,1012.19,20.09,36.79,6.2
2026-06-10 19:41:06,25.18,86.25,1009.67,20.26,38.46,6.21
2026-06-10 19:51:06,24.28,86.65,1011.67,20.37,38.05,6.23
2026-06-10 20:01:06,24.85,86.19,1014.0,19.68,37.71,6.21
2026-06-10 20:11:06,24.37,87.24,1010.4,20.09,36.48,6.2
2026-06-10 20:21:06,24.38,86.75,1012.13,19.48,37.4,6.21
2026-06-10 20:31:06,24.03,86.6,1012.67,19.45,37.91,6.23
2026-06-10 20:41:06,23.95,87.74,1012.44,19.18,37.13,6.18
2026-06-10 20:51:06,23.8,87.94,1011.85,19.37,38.61,6.25
2026-06-10 21:01:06,23.78,87.71,1012.14,19.1,38.07,6.22
2026-06-10 21:11:06,23.43,89.01,1012.58,18.7,38.15,6.2
2026-06-10 21:21:06,23.58,88.45,1012.17,18.69,38.72,6.22
2026-06-10 21:31:06,23.02,88.16,1013.4,18.18,38.38,6.22
2026-06-10 21:41:06,22.82,89.18,1011.51,18.1,37.56,6.19
2026-06-10 21:51:06,22.95,89.64,1015.81,18.44,37.99,6.2
2026-06-10 22:01:06,23.09,87.88,1012.45,17.96,37.6,6.2
2026-06-10 22:11:06,22.43,88.64,1013.84,17.74,37.94,6.19
2026-06-10 22:21:06,22.58,89.09,1014.05,17.27,37.68,6.19
2026-06-10 22:31:06,23.13,88.74,1010.43,17.33,37.77,6.2
2026-06-10 22:41:06,22.18,88.4,1011.69,17.2,38.33,6.23
2026-06-10 22:51:06,21.89,89.32,1010.59,17.37,38.2,6.23
2026-06-10 23:01:06,22.22,89.18,1011.52,16.73,37.94,6.17
2026-06-10 23:11:06,21.86,89.66,1013.09,16.8,37.78,6.19
2026-06-10 23:21:06,21.72,89.84,1012.87,16.79,38.56,6.18
2026-06-10 23:31:06,21.62,89.01,1011.44,16.34,37.59,6.2
2026-06-10 23:41:06,21.68,89.51,1013.41,16.38,38.41,6.2
2026-06-10 23:51:06,21.84,89.82,1011.18,16.11,37.97,6.2
2026-06-11 00:01:06,21.08,89.61,1010.74,16.07,36.81,6.16
2026-06-11 00:11:06,21.09,89.14,1009.25,15.72,38.19,6.22
2026-06-11 00:21:06,21.06,89.65,1013.95,15.49,37.96,6.18
2026-06-11 00:31:06,21.08,90.0,1012.58,15.6,37.57,6.22
2026-06-11 00:41:06,21.0,89.6,1009.16,15.34,37.37,6.22
2026-06-11 00:51:06,21.0,90.0,1015.31,15.42,37.83,6.19
2026-06-11 01:01:06,21.0,89.31,1012.22,15.14,38.15,6.21
2026-06-11 01:11:06,21.26,89.54,1012.61,15.19,36.3,6.19
2026-06-11 01:21:06,21.0,90.0,1010.21,15.17,38.41,6.18
2026-06-11 01:31:06,21.0,90.0,1011.01,14.77,37.21,6.18
2026-06-11 01:41:06,21.0,89.92,1013.36,14.87,37.45,6.2
2026-06-11 01:51:06,21.4,90.0,1013.16,14.72,37.48,6.22
2026-06-11 02:01:06,21.0,90.0,1014.46,14.42,37.02,6.22
2026-06-11 02:11:06,21.11,89.27,1013.32,14.55,37.63,6.15
2026-06-11 02:21:06,21.38,90.0,1012.65,14.2,37.58,6.14
2026-06-11 02:31:06,21.06,90.0,1009.93,14.48,37.89,6.19
2026-06-11 02:41:06,21.03,90.0,1012.56,14.26,37.85,6.18
2026-06-11 02:51:06,21.0,89.44,1011.92,14.18,38.1,6.19
2026-06-11 03:01:06,21.0,89.87,1011.48,14.12,37.59,6.19
2026-06-11 03:11:06,21.21,89.22,1013.34,13.96,37.74,6.17
2026-06-11 03:21:06,21.28,89.66,1011.52,13.81,37.05,6.23
2026-06-11 03:31:06,21.45,89.78,1014.5,13.92,38.46,6.22
2026-06-11 03:41:06,21.27,90.0,1013.1,14.1,37.71,6.17
2026-06-11 03:51:06,21.66,88.82,1012.31,13.69,37.95,6.2
2026-06-11 04:01:06,21.21,89.85,1014.3,14.08,37.18,6.21
2026-06-11 04:11:06,21.41,89.45,1010.68,13.79,38.77,6.21
2026-06-11 04:21:06,21.86,90.0,1012.0,13.91,38.15,6.19
2026-06-11 04:31:06,21.67,89.09,1012.42,13.96,38.26,6.18
2026-06-11 04:41:06,21.98,89.07,1009.97,14.24,37.35,6.22
2026-06-11 04:51:06,21.75,89.55,1014.96,14.41,37.77,6.2
2026-06-11 05:01:06,21.96,88.02,1013.86,14.09,37.82,6.18
2026-06-11 05:11:06,22.34,89.33,1011.61,14.37,38.09,6.24
2026-06-11 05:21:06,22.29,89.61,1011.63,14.17,38.75,6.2
2026-06-11 05:31:06,23.37,89.18,1009.75,13.95,37.6,6.19
2026-06-11 05:41:06,22.6,89.51,1011.74,14.23,37.45,6.18
2026-06-11 05:51:06,22.34,88.04,1011.37,14.67,37.79,6.21
2026-06-11 06:01:06,22.94,88.87,1012.55,14.29,38.21,6.2
2026-06-11 06:11:06,22.65,88.46,1009.72,14.78,37.82,6.23
2026-06-11 06:21:06,22.53,88.71,1013.54,14.71,36.52,6.18
2026-06-11 06:31:06,23.18,87.42,1012.76,14.52,37.66,6.23
2026-06-11 06:41:06,23.58,88.31,1012.87,15.3,37.33,6.19
2026-06-11 06:51:06,23.86,88.89,1013.48,14.79,38.32,6.21
2026-06-11 07:01:06,23.36,87.55,1011.1,15.3,38.35,6.21
2026-06-11 07:11:06,23.48,88.43,1012.18,15.1,36.97,6.18
2026-06-11 07:21:06,24.29,86.54,1010.96,15.43,37.02,6.22
2026-06-11 07:31:06,24.04,87.61,1012.35,15.31,37.91,6.22
2026-06-11 07:41:06,23.97,87.57,1014.08,15.51,38.09,6.25
2026-06-11 07:51:06,24.19,87.7,1011.48,15.45,37.12,6.16
2026-06-11 08:01:06,24.26,87.12,1010.55,15.99,37.55,6.2
2026-06-11 08:11:06,24.89,86.92,1015.02,16.36,37.3,6.21
2026-06-11 08:21:06,24.92,85.78,1011.35,16.14,37.7,6.19
2026-06-11 08:31:06,24.9,86.36,1011.03,16.62,37.22,6.23
2026-06-11 08:41:06,24.95,87.07,1010.52,16.66,38.48,6.21
2026-06-11 08:51:06,25.32,86.75,1010.68,16.49,38.45,6.15
2026-06-11 09:01:06,25.68,85.34,1011.44,16.97,37.73,6.16
2026-06-11 09:11:06,25.46,86.43,1014.34,17.13,37.23,6.23
2026-06-11 09:21:06,25.52,87.12,1014.63,17.3,37.37,6.16
2026-06-11 09:31:06,26.27,86.04,1013.85,17.61,37.67,6.2
2026-06-11 09:41:06,26.52,86.46,1012.65,17.76,37.31,6.2
2026-06-11 09:51:06,25.62,86.05,1011.93,17.85,36.59,6.21
2026-06-11 10:01:06,26.18,85.46,1012.83,18.21,37.54,6.21
2026-06-11 10:11:06,26.26,84.19,1011.17,18.27,37.54,6.22
2026-06-11 10:21:06,26.81,86.03,1012.23,18.22,37.66,6.18
2026-06-11 10:31:06,26.9,85.22,1012.63,18.24,36.94,6.2
2026-06-11 10:41:06,26.62,85.01,1011.51,19.22,38.39,6.2
2026-06-11 10:51:06,26.93,84.72,1011.45,19.51,37.07,6.17
2026-06-11 11:01:06,26.63,85.16,1010.34,19.13,38.41,6.21
2026-06-11 11:11:06,27.44,84.0,1014.15,19.13,37.73,6.19
2026-06-11 11:21:06,27.38,85.78,1007.41,19.33,37.42,6.18
2026-06-11 11:31:06,27.66,84.02,1012.72,19.45,37.24,6.22
2026-06-11 11:41:06,27.19,84.0,1011.02,20.02,37.08,6.17
2026-06-11 11:51:06,27.35,84.75,1012.57,19.58,37.84,6.19
2026-06-11 12:01:06,27.74,84.32,1010.79,20.1,37.03,6.17
2026-06-11 12:11:06,27.47,84.25,1013.82,20.24,36.66,6.2
2026-06-11 12:21:06,27.15,84.45,1010.37,20.3,37.35,6.2
2026-06-11 12:31:06,27.98,84.59,1011.37,20.62,37.93,6.2
2026-06-11 12:41:06,27.88,84.0,1014.99,20.45,36.77,6.2
2026-06-11 12:51:06,27.45,84.16,1012.59,20.73,38.15,6.21
2026-06-11 13:01:06,27.61,84.0,1012.84,20.52,37.21,6.18
2026-06-11 13:11:06,27.9,84.0,1012.65,20.85,36.79,6.2
2026-06-11 13:21:06,27.81,84.0,1010.96,20.86,38.21,6.22
2026-06-11 13:31:06,27.87,84.0,1012.8,21.19,37.51,6.23
2026-06-11 13:41:06,27.67,84.0,1011.17,21.51,36.86,6.22
2026-06-11 13:51:06,28.0,84.0,1011.22,21.31,37.04,6.19
2026-06-11 14:01:06,28.0,84.0,1011.17,21.14,37.47,6.19
2026-06-11 14:11:06,27.44,85.53,1011.42,21.34,36.97,6.18
2026-06-11 14:21:06,27.59,84.0,1013.99,21.72,37.07,6.19
2026-06-11 14:31:06,27.74,84.0,1012.49,21.58,37.87,6.19
2026-06-11 14:41:06,27.98,84.24,1011.37,21.86,36.87,6.22
2026-06-11 14:51:06,28.0,84.68,1009.21,22.0,36.77,6.2
2026-06-11 15:01:06,27.81,84.0,1014.01,21.79,37.58,6.15
2026-06-11 15:11:06,28.0,84.31,1010.24,21.73,36.94,6.2
2026-06-11 15:21:06,28.0,84.0,1011.31,22.03,37.12,6.2
2026-06-11 15:31:06,28.0,84.0,1013.79,22.09,38.14,6.2
2026-06-11 15:41:06,27.83,84.0,1014.14,21.77,36.77,6.19
2026-06-11 15:51:06,27.65,84.0,1012.34,21.92,37.24,6.18
2026-06-11 16:01:06,27.46,84.69,1011.93,21.91,37.32,6.19
2026-06-11 16:11:06,26.96,84.47,1012.98,22.2,37.61,6.19
2026-06-11 16:21:06,27.08,84.96,1012.31,21.87,37.38,6.18
2026-06-11 16:31:06,27.01,84.35,1012.7,21.63,37.68,6.22
2026-06-11 16:41:06,27.53,84.65,1011.39,21.9,37.54,6.18
2026-06-11 16:51:06,26.72,84.8,1013.11,21.59,37.95,6.19
2026-06-11 17:01:06,26.49,85.04,1008.71,21.72,36.38,6.21
2026-06-11 17:11:06,26.46,84.29,1014.37,22.09,37.99,6.15
2026-06-11 17:21:06,26.6,85.64,1012.35,22.02,36.29,6.21
2026-06-11 17:31:06,26.79,85.07,1012.39,21.52,38.25,6.21
2026-06-11 17:41:06,26.58,85.5,1009.97,21.33,36.94,6.17
2026-06-11 17:51:06,26.77,85.01,1012.09,21.7,37.97,6.2
2026-06-11 18:01:06,26.58,85.32,1013.98,21.34,37.21,6.19
2026-06-11 18:11:06,26.01,85.06,1009.63,21.78,37.46,6.17
2026-06-11 18:21:06,25.81,85.86,1012.46,21.32,37.42,6.22
2026-06-11 18:31:06,25.25,85.85,1009.74,21.19,37.68,6.22
2026-06-11 18:41:06,25.82,85.0,1012.24,21.23,38.03,6.23
2026-06-11 18:51:06,25.88,85.73,1011.85,21.06,36.89,6.22
2026-06-11 19:01:06,25.76,85.74,1012.05,20.73,37.34,6.16
2026-06-11 19:11:06,25.74,86.44,1013.01,20.76,37.96,6.2
2026-06-11 19:21:06,25.48,86.18,1014.68,20.72,37.19,6.21
2026-06-11 19:31:06,24.88,86.87,1013.19,20.66,37.11,6.18
2026-06-11 19:41:06,24.61,85.05,1011.77,20.25,36.29,6.19
2026-06-11 19:51:06,24.7,86.36,1010.58,19.9,37.5,6.2
2026-06-11 20:01:06,24.84,86.49,1011.06,20.21,37.68,6.24
2026-06-11 20:11:06,24.27,88.09,1012.48,19.71,37.17,6.2
2026-06-11 20:21:06,24.15,87.38,1012.57,19.96,36.77,6.2
2026-06-11 20:31:06,23.75,87.68,1011.56,19.29,36.94,6.21
2026-06-11 20:41:06,23.45,87.79,1013.77,19.43,36.73,6.21
2026-06-11 20:51:06,23.33,87.74,1012.23,19.25,38.2,6.19
2026-06-11 21:01:06,23.98,87.67,1012.73,19.38,37.21,6.2
2026-06-11 21:11:06,23.25,88.13,1012.13,19.23,37.65,6.17
2026-06-11 21:21:06,23.51,89.04,1012.94,19.1,37.28,6.21
2026-06-11 21:31:06,22.66,87.69,1009.02,18.48,37.11,6.21
2026-06-11 21:41:06,22.58,87.42,1010.56,18.48,37.05,6.22
2026-06-11 21:51:06,23.04,88.01,1012.85,18.19,37.19,6.21
2026-06-11 22:01:06,22.79,88.75,1013.55,17.88,37.24,6.22
2026-06-11 22:11:06,22.18,88.55,1013.76,17.77,37.0,6.2
2026-06-11 22:21:06,21.96,88.08,1012.13,17.32,37.71,6.19
2026-06-11 22:31:06,22.82,89.0,1010.24,17.44,36.64,6.19
2026-06-11 22:41:06,22.2,90.0,1010.79,17.6,37.2,6.21
2026-06-11 22:51:06,22.21,89.03,1010.37,16.93,36.8,6.21
2026-06-11 23:01:06,21.74,89.39,1012.73,17.07,36.94,6.21
2026-06-11 23:11:06,22.02,89.41,1011.98,16.72,36.9,6.2
2026-06-11 23:21:06,22.4,90.0,1011.32,17.05,37.34,6.21
2026-06-11 23:31:06,21.5,89.21,1011.56,16.5,36.55,6.2
2026-06-11 23:41:06,21.6,89.22,1011.71,16.04,38.06,6.18
2026-06-11 23:51:06,21.64,89.93,1011.04,16.34,36.8,6.19
2026-06-12 00:01:06,21.71,89.08,1013.82,16.26,36.88,6.19
2026-06-12 00:11:06,21.0,89.89,1011.17,15.94,36.07,6.22
2026-06-12 00:21:06,21.31,90.0,1011.5,15.7,36.32,6.2
2026-06-12 00:31:06,21.71,89.64,1010.29,15.58,37.8,6.24
2026-06-12 00:41:06,21.0,90.0,1010.22,15.52,38.22,6.23
2026-06-12 00:51:06,21.0,88.85,1010.97,15.51,36.96,6.23
2026-06-12 01:01:06,21.29,89.89,1013.54,15.17,37.21,6.22
2026-06-12 01:11:06,21.2,89.95,1012.2,14.85,37.62,6.19
2026-06-12 01:21:06,21.04,89.61,1015.06,15.12,36.93,6.25
2026-06-12 01:31:06,21.16,89.79,1012.14,14.57,36.11,6.18
2026-06-12 01:41:06,21.0,90.0,1011.51,14.38,36.72,6.22
2026-06-12 01:51:06,21.0,89.7,1010.85,14.78,37.76,6.21
2026-06-12 02:01:06,21.32,90.0,1013.67,14.49,36.67,6.2
2026-06-12 02:11:06,21.52,89.86,1011.51,14.67,37.26,6.22
2026-06-12 02:21:06,21.01,90.0,1011.05,14.47,36.8,6.22
2026-06-12 02:31:06,21.34,90.0,1012.53,14.32,36.85,6.16
2026-06-12 02:41:06,21.01,89.54,1011.89,14.43,37.29,6.2
2026-06-12 02:51:06,21.62,89.59,1012.2,14.25,36.75,6.21
2026-06-12 03:01:06,21.0,89.06,1013.22,14.16,38.36,6.18
2026-06-12 03:11:06,21.42,90.0,1012.44,14.17,36.73,6.23
2026-06-12 03:21:06,21.44,89.86,1009.58,13.92,37.23,6.22
2026-06-12 03:31:06,21.48,90.0,1011.48,13.93,37.15,6.2
2026-06-12 03:41:06,21.48,89.9,1012.4,14.38,36.6,6.23
2026-06-12 03:51:06,21.63,89.8,1011.4,13.94,37.03,6.2
2026-06-12 04:01:06,22.16,90.0,1014.72,14.03,37.08,6.23
2026-06-12 04:11:06,21.0,89.46,1011.14,13.86,36.57,6.23
2026-06-12 04:21:06,21.74,89.36,1011.93,13.57,37.12,6.22
2026-06-12 04:31:06,21.95,89.48,1009.67,13.74,36.68,6.19
2026-06-12 04:41:06,21.69,89.83,1014.92,13.88,36.91,6.2
2026-06-12 04:51:06,22.21,89.62,1012.33,14.35,37.73,6.21
2026-06-12 05:01:06,21.75,88.91,1010.26,13.95,37.22,6.18
2026-06-12 05:11:06,22.43,89.13,1012.46,14.28,36.72,6.2
2026-06-12 05:21:06,22.91,89.03,1013.13,14.62,36.81,6.17
2026-06-12 05:31:06,22.32,89.02,1011.01,14.44,37.65,6.19
2026-06-12 05:41:06,23.03,87.89,1010.38,14.26,36.25,6.19
2026-06-12 05:51:06,22.88,88.39,1015.62,14.53,36.75,6.2
2026-06-12 06:01:06,22.81,89.03,1009.92,14.57,37.13,6.2
2026-06-12 06:11:06,23.19,87.76,1014.12,14.86,36.23,6.17
2026-06-12 06:21:06,22.66,88.56,1011.47,14.61,37.33,6.2
2026-06-12 06:31:06,23.45,87.08,1014.27,15.2,35.93,6.23
2026-06-12 06:41:06,23.13,87.25,1013.1,14.82,36.31,6.2
2026-06-12 06:51:06,23.24,87.35,1013.6,15.11,37.1,6.25
2026-06-12 07:01:06,23.66,87.93,1009.31,15.25,37.01,6.18
2026-06-12 07:11:06,23.98,88.12,1011.57,15.17,36.97,6.21
2026-06-12 07:21:06,23.46,87.93,1014.06,15.66,36.77,6.21
2026-06-12 07:31:06,24.04,86.84,1012.62,15.55,37.82,6.2
2026-06-12 07:41:06,24.46,87.87,1012.25,15.53,37.45,6.2
2026-06-12 07:51:06,24.37,86.16,1012.06,15.72,36.07,6.19
2026-06-12 08:01:06,24.76,87.05,1011.04,16.25,36.99,6.19
2026-06-12 08:11:06,25.1,87.02,1012.08,16.54,37.76,6.21
2026-06-12 08:21:06,24.77,85.8,1010.14,16.47,37.35,6.2
2026-06-12 08:31:06,24.9,86.48,1009.44,16.95,36.92,6.2
2026-06-12 08:41:06,24.77,86.71,1014.39,16.77,37.11,6.21
2026-06-12 08:51:06,25.52,86.19,1012.33,16.92,37.12,6.2
2026-06-12 09:01:06,25.13,86.81,1013.07,17.0,37.07,6.21
2026-06-12 09:11:06,25.43,86.57,1013.97,17.1,36.53,6.21
2026-06-12 09:21:06,25.31,86.2,1012.77,17.47,36.63,6.2
2026-06-12 09:31:06,26.2,85.34,1013.86,17.19,37.61,6.18
2026-06-12 09:41:06,25.96,85.55,1012.54,17.31,36.36,6.21
2026-06-12 09:51:06,26.16,84.73,1015.0,17.84,37.71,6.21
2026-06-12 10:01:06,26.27,85.46,1011.17,17.94,36.61,6.22
2026-06-12 10:11:06,26.25,85.15,1011.96,18.33,36.31,6.2
2026-06-12 10:21:06,27.02,85.92,1013.38,18.16,36.26,6.23
2026-06-12 10:31:06,26.93,85.56,1008.98,18.58,36.47,6.13
2026-06-12 10:41:06,26.76,85.01,1012.63,18.63,36.61,6.19
2026-06-12 10:51:06,26.92,85.08,1009.13,18.69,36.37,6.21
2026-06-12 11:01:06,26.89,84.56,1010.94,19.16,37.09,6.18
2026-06-12 11:11:06,26.96,85.64,1012.94,19.25,37.32,6.16
2026-06-12 11:21:06,27.54,84.7,1013.67,19.42,36.49,6.22
2026-06-12 11:31:06,27.5,84.62,1010.71,19.31,37.62,6.21
2026-06-12 11:41:06,27.79,84.76,1010.71,19.68,37.41,6.22
2026-06-12 11:51:06,27.06,85.96,1012.35,19.89,36.36,6.2
2026-06-12 12:01:06,27.34,84.5,1012.21,20.18,35.95,6.19
2026-06-12 12:11:06,28.0,84.43,1010.56,20.24,36.57,6.21
2026-06-12 12:21:06,27.77,84.13,1010.63,20.17,37.28,6.18
2026-06-12 12:31:06,27.97,84.0,1014.6,20.41,35.98,6.16
2026-06-12 12:41:06,28.0,84.64,1012.65,20.3,36.48,6.21
2026-06-12 12:51:06,27.67,84.0,1011.53,20.53,37.62,6.15
2026-06-12 13:01:06,28.0,84.08,1009.99,20.76,37.41,6.16
2026-06-12 13:11:06,27.73,84.0,1012.08,20.45,36.84,6.16
2026-06-12 13:21:06,27.46,84.62,1011.89,21.1,37.2,6.22
2026-06-12 13:31:06,28.0,84.0,1013.95,21.67,35.52,6.17
2026-06-12 13:41:06,27.95,84.0,1012.19,21.42,36.85,6.19
2026-06-12 13:51:06,27.98,84.0,1011.77,21.77,35.76,6.22
2026-06-12 14:01:06,28.0,84.41,1011.48,21.23,37.21,6.19
2026-06-12 14:11:06,27.94,84.31,1011.26,21.18,36.75,6.21
2026-06-12 14:21:06,27.79,84.0,1011.26,21.45,36.25,6.2
2026-06-12 14:31:06,28.0,84.0,1009.7,21.77,36.76,6.18
2026-06-12 14:41:06,27.64,84.13,1009.57,21.69,36.26,6.23
2026-06-12 14:51:06,28.0,84.0,1011.2,22.12,36.5,6.23
2026-06-12 15:01:06,27.84,84.0,1013.59,22.01,36.62,6.21
2026-06-12 15:11:06,27.5,84.0,1014.13,21.97,37.63,6.22
2026-06-12 15:21:06,28.0,84.0,1010.29,21.91,36.7,6.22
2026-06-12 15:31:06,27.7,84.0,1013.31,22.09,35.96,6.21
2026-06-12 15:41:06,28.0,84.0,1008.26,22.03,36.93,6.21
2026-06-12 15:51:06,27.38,84.06,1012.55,21.91,36.52,6.2
2026-06-12 16:01:06,27.84,84.93,1012.17,22.2,36.09,6.2
2026-06-12 16:11:06,27.41,85.19,1012.29,22.15,37.19,6.22
2026-06-12 16:21:06,27.37,84.49,1010.92,21.82,36.74,6.2
2026-06-12 16:31:06,27.06,85.19,1010.46,22.33,36.45,6.17
2026-06-12 16:41:06,27.48,84.34,1013.43,21.84,37.04,6.25
2026-06-12 16:51:06,26.7,84.13,1012.79,22.2,36.0,6.2
2026-06-12 17:01:06,27.1,84.25,1011.75,22.02,36.37,6.24
2026-06-12 17:11:06,27.08,84.93,1011.05,21.62,36.68,6.22
2026-06-12 17:21:06,26.4,85.56,1012.02,21.84,37.67,6.2
2026-06-12 17:31:06,26.94,84.88,1010.6,21.5,36.03,6.18
2026-06-12 17:41:06,26.29,85.03,1012.94,21.72,36.79,6.21
2026-06-12 17:51:06,26.63,85.89,1012.99,21.51,37.02,6.18
2026-06-12 18:01:06,25.97,85.64,1010.95,21.58,37.05,6.19
2026-06-12 18:11:06,25.42,84.8,1011.88,21.11,36.44,6.2
2026-06-12 18:21:06,26.31,85.7,1010.39,21.22,37.14,6.19
2026-06-12 18:31:06,25.61,85.99,1012.22,21.42,36.33,6.2
2026-06-12 18:41:06,25.18,86.41,1014.38,20.98,36.84,6.25
2026-06-12 18:51:06,25.49,86.61,1013.93,21.04,35.97,6.22
2026-06-12 19:01:06,24.86,85.97,1013.66,21.21,37.52,6.23
2026-06-12 19:11:06,24.93,86.32,1010.75,20.68,37.0,6.22
2026-06-12 19:21:06,25.26,87.01,1009.25,20.82,36.92,6.23
2026-06-12 19:31:06,25.03,86.59,1012.32,20.38,36.52,6.21
2026-06-12 19:41:06,24.96,87.48,1011.88,20.15,36.26,6.21
2026-06-12 19:51:06,24.46,86.04,1009.89,19.92,36.25,6.23
2026-06-12 20:01:06,24.99,87.39,1013.44,19.69,36.53,6.2
2026-06-12 20:11:06,24.43,86.8,1014.34,19.67,36.53,6.19
2026-06-12 20:21:06,24.32,87.33,1013.05,19.78,36.19,6.21
2026-06-12 20:31:06,23.92,87.77,1010.59,19.54,37.2,6.19
2026-06-12 20:41:06,24.01,88.95,1013.18,19.06,36.75,6.21
2026-06-12 20:51:06,23.63,87.61,1010.91,18.96,36.16,6.22
2026-06-12 21:01:06,23.76,88.53,1013.27,19.02,36.22,6.2
2026-06-12 21:11:06,23.41,88.62,1013.99,18.94,37.0,6.22
2026-06-12 21:21:06,23.19,87.33,1011.7,18.68,36.23,6.22
2026-06-12 21:31:06,23.46,89.13,1010.88,18.34,36.77,6.2
2026-06-12 21:41:06,22.54,88.78,1011.98,18.2,36.99,6.2
2026-06-12 21:51:06,22.85,88.77,1011.8,18.11,36.08,6.22
2026-06-12 22:01:06,22.53,88.08,1011.3,18.08,37.42,6.23
2026-06-12 22:11:06,22.58,88.32,1011.77,17.83,35.65,6.18
2026-06-12 22:21:06,22.58,89.52,1012.66,17.62,35.82,6.2
2026-06-12 22:31:06,22.43,88.23,1012.17,17.49,36.23,6.27
2026-06-12 22:41:06,22.36,89.04,1011.51,17.23,36.32,6.18
2026-06-12 22:51:06,21.57,89.8,1014.69,17.22,37.82,6.18
2026-06-12 23:01:06,21.62,89.0,1014.6,16.83,35.87,6.19
2026-06-12 23:11:06,21.71,89.3,1013.08,16.84,36.23,6.22
2026-06-12 23:21:06,21.73,89.13,1010.23,16.79,36.23,6.24
2026-06-12 23:31:06,21.0,89.43,1011.96,16.61,36.26,6.21
2026-06-12 23:41:06,21.9,89.39,1011.95,15.86,36.58,6.21
2026-06-12 23:51:06,21.86,89.09,1013.89,16.15,36.06,6.19
2026-06-13 00:01:06,21.09,89.78,1011.94,15.73,36.69,6.21
2026-06-13 00:11:06,21.3,89.09,1012.41,15.71,36.47,6.24
2026-06-13 00:21:06,21.05,88.97,1013.05,15.85,36.93,6.23
2026-06-13 00:31:06,21.0,89.42,1013.04,15.59,35.97,6.2
2026-06-13 00:41:06,21.49,88.32,1009.02,15.27,35.24,6.22
2026-06-13 00:51:06,21.23,90.0,1013.6,15.35,36.39,6.17
2026-06-13 01:01:06,21.19,89.75,1014.43,15.29,35.52,6.24
2026-06-13 01:11:06,21.18,89.38,1008.92,14.84,36.36,6.18
2026-06-13 01:21:06,21.11,89.7,1014.18,14.79,36.04,6.2
2026-06-13 01:31:06,21.21,90.0,1012.29,14.89,35.44,6.17
2026-06-13 01:41:06,21.44,90.0,1014.42,14.59,36.96,6.19
2026-06-13 01:51:06,21.11,90.0,1010.74,14.82,36.32,6.22
2026-06-13 02:01:06,21.25,88.75,1010.31,14.53,36.56,6.16
2026-06-13 02:11:06,21.18,90.0,1013.06,14.37,36.79,6.23
2026-06-13 02:21:06,21.07,90.0,1010.03,14.25,38.15,6.2
2026-06-13 02:31:06,21.0,89.76,1009.86,14.43,36.52,6.17
2026-06-13 02:41:06,21.0,89.5,1014.71,14.14,35.67,6.2
2026-06-13 02:51:06,21.79,90.0,1012.73,13.94,36.91,6.21
2026-06-13 03:01:06,21.69,89.66,1011.98,14.23,36.85,6.18
2026-06-13 03:11:06,21.0,90.0,1013.13,14.06,36.24,6.2
2026-06-13 03:21:06,21.53,89.74,1011.28,14.14,36.58,6.18
2026-06-13 03:31:06,21.79,89.73,1012.93,13.74,36.87,6.18
2026-06-13 03:41:06,21.25,90.0,1012.03,13.9,36.9,6.2
2026-06-13 03:51:06,21.14,90.0,1013.55,13.73,35.58,6.19
2026-06-13 04:01:06,21.26,89.65,1011.0,13.96,35.86,6.18
2026-06-13 04:11:06,21.58,89.83,1014.21,13.81,37.12,6.18
2026-06-13 04:21:06,21.86,89.57,1012.46,13.81,36.6,6.19
2026-06-13 04:31:06,21.5,89.07,1011.19,13.93,35.88,6.18
2026-06-13 04:41:06,22.3,88.89,1012.44,13.66,36.18,6.18
2026-06-13 04:51:06,21.95,88.92,1013.92,14.51,36.02,6.2
2026-06-13 05:01:06,22.7,89.67,1013.56,13.81,36.96,6.22
2026-06-13 05:11:06,22.52,89.08,1012.57,14.2,36.52,6.18
2026-06-13 05:21:06,22.4,89.41,1011.43,14.29,36.06,6.2
2026-06-13 05:31:06,22.44,88.8,1013.1,14.28,36.93,6.23
2026-06-13 05:41:06,22.47,88.48,1013.15,14.43,36.57,6.18
2026-06-13 05:51:06,22.4,88.51,1012.42,14.25,37.35,6.22
2026-06-13 06:01:06,23.16,87.83,1012.63,14.6,36.13,6.21
2026-06-13 06:11:06,22.86,88.78,1015.32,14.57,36.2,6.23
2026-06-13 06:21:06,23.68,88.88,1014.73,14.81,36.93,6.21
2026-06-13 06:31:06,23.02,88.31,1012.44,14.67,36.15,6.22
2026-06-13 06:41:06,23.35,87.76,1012.01,14.63,36.12,6.2
2026-06-13 06:51:06,22.98,88.5,1012.95,14.67,35.38,6.2
2026-06-13 07:01:06,23.72,86.91,1013.06,14.9,34.75,6.17
2026-06-13 07:11:06,24.06,87.0,1013.41,15.08,36.15,6.23
2026-06-13 07:21:06,23.35,87.58,1012.84,15.41,35.32,6.2
2026-06-13 07:31:06,24.16,88.34,1013.69,15.64,35.97,6.18
2026-06-13 07:41:06,24.32,88.06,1010.1,15.8,35.64,6.17
2026-06-13 07:51:06,23.89,87.58,1011.16,15.89,36.05,6.22
2026-06-13 08:01:06,24.6,86.52,1009.48,15.8,36.63,6.21
2026-06-13 08:11:06,24.46,87.78,1014.11,16.16,36.61,6.25
2026-06-13 08:21:06,24.75,87.17,1012.26,16.59,34.86,6.24
2026-06-13 08:31:06,24.91,86.32,1010.88,16.44,35.9,6.21
2026-06-13 08:41:06,25.36,86.11,1011.48,16.5,35.87,6.18
2026-06-13 08:51:06,25.16,86.3,1008.61,17.12,35.74,6.21
2026-06-13 09:01:06,25.66,86.12,1014.28,17.03,36.24,6.21
2026-06-13 09:11:06,25.36,85.76,1012.21,17.37,35.86,6.22
2026-06-13 09:21:06,26.1,86.28,1010.57,16.98,35.02,6.18
2026-06-13 09:31:06,26.36,86.79,1013.21,17.49,36.38,6.21
2026-06-13 09:41:06,25.69,85.07,1012.46,17.79,35.44,6.2
2026-06-13 09:51:06,26.03,85.56,1013.06,18.06,35.62,6.22
2026-06-13 10:01:06,26.56,86.55,1011.13,18.02,36.15,6.2
2026-06-13 10:11:06,26.31,85.24,1010.91,18.3,36.39,6.22
2026-06-13 10:21:06,26.25,85.2,1009.41,18.24,36.8,6.21
2026-06-13 10:31:06,27.15,84.53,1013.11,18.45,36.69,6.18
2026-06-13 10:41:06,27.2,84.83,1013.03,19.24,35.68,6.22
2026-06-13 10:51:06,26.84,85.35,1012.24,19.14,35.17,6.22
2026-06-13 11:01:06,27.21,85.53,1013.27,19.12,36.25,6.22
2026-06-13 11:11:06,27.24,84.0,1013.89,19.46,36.62,6.2
2026-06-13 11:21:06,27.6,85.99,1013.37,19.35,36.24,6.24
2026-06-13 11:31:06,27.13,84.05,1012.0,19.79,34.87,6.19
2026-06-13 11:41:06,27.51,85.33,1013.3,19.59,36.53,6.19
2026-06-13 11:51:06,27.36,84.58,1010.93,19.73,35.97,6.22
2026-06-13 12:01:06,27.81,84.84,1012.99,20.12,35.52,6.18
2026-06-13 12:11:06,27.28,84.61,1011.04,20.31,35.67,6.17
2026-06-13 12:21:06,27.77,84.0,1011.51,20.29,36.13,6.19
2026-06-13 12:31:06,27.78,84.38,1009.72,20.48,36.33,6.21
2026-06-13 12:41:06,28.0,84.13,1010.64,20.71,36.15,6.22
2026-06-13 12:51:06,27.64,84.59,1013.14,21.16,36.62,6.21
2026-06-13 13:01:06,27.78,84.0,1013.6,21.16,36.01,6.2
2026-06-13 13:11:06,28.0,84.0,1011.95,20.95,36.03,6.24
2026-06-13 13:21:06,27.97,84.35,1007.98,20.87,36.3,6.19
2026-06-13 13:31:06,27.94,84.0,1012.54,20.67,35.6,6.21
2026-06-13 13:41:06,27.73,84.04,1008.77,21.4,35.88,6.21
2026-06-13 13:51:06,28.0,84.28,1011.32,21.22,36.61,6.19
2026-06-13 14:01:06,27.95,85.06,1011.36,21.61,36.62,6.19
2026-06-13 14:11:06,27.97,84.0,1010.34,21.44,34.95,6.2
2026-06-13 14:21:06,27.95,84.0,1012.82,21.64,35.71,6.22
2026-06-13 14:31:06,28.0,84.0,1011.96,21.41,35.88,6.19
2026-06-13 14:41:06,27.6,84.0,1012.05,22.0,36.67,6.21
2026-06-13 14:51:06,27.61,84.0,1009.94,22.38,35.52,6.2
2026-06-13 15:01:06,27.98,85.25,1010.75,21.95,35.31,6.22
2026-06-13 15:11:06,28.0,84.35,1010.73,21.8,35.91,6.2
2026-06-13 15:21:06,27.92,85.24,1013.69,22.15,35.73,6.18
2026-06-13 15:31:06,27.9,84.98,1012.41,21.63,36.37,6.2
2026-06-13 15:41:06,27.2,84.0,1010.44,21.86,36.33,6.2
2026-06-13 15:51:06,27.41,84.0,1011.16,22.06,35.77,6.22
2026-06-13 16:01:06,27.68,84.67,1010.77,21.98,36.18,6.22
2026-06-13 16:11:06,27.58,85.11,1012.49,22.04,36.16,6.19
2026-06-13 16:21:06,27.43,84.84,1010.46,22.29,35.47,6.23
2026-06-13 16:31:06,27.92,84.0,1012.09,21.82,35.94,6.19
2026-06-13 16:41:06,26.82,84.67,1011.31,21.69,36.3,6.21
2026-06-13 16:51:06,27.32,84.49,1010.61,22.1,35.16,6.21
2026-06-13 17:01:06,26.9,84.99,1012.2,21.93,35.67,6.2
2026-06-13 17:11:06,26.95,85.25,1010.96,21.85,35.83,6.18
2026-06-13 17:21:06,26.44,84.92,1013.36,21.93,34.83,6.22
2026-06-13 17:31:06,26.48,85.17,1012.2,21.67,36.69,6.22
2026-06-13 17:41:06,26.23,84.79,1011.14,21.44,36.09,6.23
2026-06-13 17:51:06,26.97,85.19,1011.08,21.68,35.9,6.2
2026-06-13 18:01:06,26.31,85.74,1013.25,21.35,36.34,6.26
2026-06-13 18:11:06,25.55,86.03,1013.08,21.17,36.42,6.21
2026-06-13 18:21:06,25.99,86.69,1013.61,21.53,36.97,6.19
2026-06-13 18:31:06,25.39,85.98,1013.04,21.03,35.43,6.17
2026-06-13 18:41:06,25.9,86.5,1013.06,21.34,36.04,6.22
2026-06-13 18:51:06,25.56,85.9,1011.33,21.05,36.21,6.18
2026-06-13 19:01:06,24.99,86.85,1016.58,20.53,36.06,6.21
2026-06-13 19:11:06,25.41,86.3,1012.61,20.91,36.1,6.2
2026-06-13 19:21:06,24.77,86.33,1012.83,20.75,35.46,6.19
2026-06-13 19:31:06,24.77,86.78,1013.03,20.57,35.66,6.19
2026-06-13 19:41:06,24.83,86.4,1010.72,20.6,35.48,6.2
2026-06-13 19:51:06,24.45,87.02,1010.99,20.03,35.62,6.18
2026-06-13 20:01:06,24.26,86.76,1010.56,20.0,35.31,6.21
2026-06-13 20:11:06,24.57,86.86,1009.99,19.94,35.27,6.2
2026-06-13 20:21:06,24.47,86.91,1011.6,19.96,35.71,6.17
2026-06-13 20:31:06,23.92,87.05,1009.65,19.39,35.71,6.2
2026-06-13 20:41:06,23.51,87.54,1014.04,19.45,35.75,6.17
2026-06-13 20:51:06,23.52,87.58,1012.34,18.93,35.1,6.16
2026-06-13 21:01:06,23.25,88.28,1010.19,18.92,35.87,6.19
2026-06-13 21:11:06,23.48,87.37,1015.42,18.85,35.19,6.21
2026-06-13 21:21:06,22.98,88.76,1012.66,18.64,35.55,6.23
2026-06-13 21:31:06,23.44,88.17,1012.19,18.57,35.53,6.17
2026-06-13 21:41:06,23.32,88.05,1011.86,18.28,35.63,6.22
2026-06-13 21:51:06,23.46,88.47,1011.4,17.76,35.08,6.19
2026-06-13 22:01:06,22.42,89.2,1010.51,18.3,35.71,6.2
2026-06-13 22:11:06,22.7,89.21,1011.18,18.07,35.57,6.2
2026-06-13 22:21:06,22.3,88.84,1012.7,18.14,35.78,6.18
2026-06-13 22:31:06,22.3,89.25,1010.71,17.65,35.49,6.19
2026-06-13 22:41:06,22.27,89.02,1011.93,17.35,35.64,6.19
2026-06-13 22:51:06,21.59,88.88,1010.95,17.11,35.32,6.22
2026-06-13 23:01:06,22.18,90.0,1012.64,16.77,35.47,6.17
2026-06-13 23:11:06,21.53,89.53,1010.44,16.78,35.48,6.18
2026-06-13 23:21:06,21.89,89.44,1010.84,16.39,35.12,6.19
2026-06-13 23:31:06,21.29,89.18,1012.9,16.18,35.49,6.17
2026-06-13 23:41:06,21.43,89.54,1011.78,15.92,36.02,6.22
2026-06-13 23:51:06,22.08,89.55,1009.49,16.14,35.28,6.2
2026-06-14 00:01:06,21.34,89.17,1010.44,15.95,36.19,6.2
2026-06-14 00:11:06,21.4,89.29,1010.12,16.09,35.46,6.18
2026-06-14 00:21:06,21.43,89.94,1013.23,15.74,35.05,6.23
2026-06-14 00:31:06,21.13,89.88,1013.22,15.35,36.08,6.21
2026-06-14 00:41:06,21.3,89.64,1010.65,15.27,35.84,6.21
2026-06-14 00:51:06,21.71,89.93,1014.16,15.46,35.26,6.18
2026-06-14 01:01:06,21.21,90.0,1013.65,15.1,35.18,6.17
2026-06-14 01:11:06,21.55,89.84,1013.59,14.69,36.23,6.2
2026-06-14 01:21:06,21.59,89.63,1011.0,14.93,35.38,6.18
2026-06-14 01:31:06,21.0,90.0,1014.76,14.57,35.54,6.19
2026-06-14 01:41:06,21.21,90.0,1010.84,14.59,36.12,6.23
2026-06-14 01:51:06,21.0,90.0,1011.6,14.48,35.84,6.2
2026-06-14 02:01:06,21.25,89.13,1011.49,14.47,35.73,6.22
2026-06-14 02:11:06,21.4,89.54,1015.96,14.07,35.92,6.2
2026-06-14 02:21:06,21.0,89.26,1010.9,14.6,36.29,6.22
2026-06-14 02:31:06,21.0,90.0,1010.99,14.45,35.6,6.22
2026-06-14 02:41:06,21.0,89.96,1013.4,13.8,35.88,6.21
2026-06-14 02:51:06,21.48,88.8,1012.55,14.25,35.98,6.2
2026-06-14 03:01:06,21.12,89.92,1011.43,14.14,35.86,6.21
2026-06-14 03:11:06,21.3,89.9,1009.92,13.54,36.12,6.23
2026-06-14 03:21:06,21.45,89.79,1009.45,14.29,35.98,6.22
2026-06-14 03:31:06,21.0,89.51,1010.48,14.0,36.24,6.2
2026-06-14 03:41:06,21.94,89.38,1012.53,13.69,35.67,6.2
2026-06-14 03:51:06,21.27,88.7,1011.69,14.03,35.01,6.19
2026-06-14 04:01:06,21.2,89.16,1010.97,14.15,34.88,6.23
2026-06-14 04:11:06,21.14,89.85,1011.3,14.08,35.43,6.22
2026-06-14 04:21:06,21.21,89.47,1011.03,14.13,36.03,6.17
2026-06-14 04:31:06,21.86,89.9,1014.18,14.24,35.45,6.21
2026-06-14 04:41:06,22.16,88.94,1010.28,14.3,36.25,6.2
2026-06-14 04:51:06,21.67,88.73,1010.81,14.23,35.9,6.2
2026-06-14 05:01:06,22.03,89.02,1014.93,14.21,36.16,6.21
2026-06-14 05:11:06,22.02,88.6,1011.54,14.12,35.09,6.19
2026-06-14 05:21:06,22.0,89.55,1011.82,14.22,35.62,6.2
2026-06-14 05:31:06,22.51,88.79,1008.99,14.49,36.07,6.22
2026-06-14 05:41:06,22.63,88.31,1013.42,14.57,35.83,6.2
2026-06-14 05:51:06,22.53,87.88,1012.23,14.41,35.28,6.18
2026-06-14 06:01:06,22.59,88.76,1013.72,14.33,35.44,6.2
2026-06-14 06:11:06,22.81,88.09,1010.91,14.34,34.94,6.21
2026-06-14 06:21:06,23.02,88.45,1009.35,14.84,35.12,6.17
2026-06-14 06:31:06,23.35,87.93,1011.53,14.69,36.92,6.19
2026-06-14 06:41:06,23.44,87.32,1011.74,14.92,36.63,6.22
2026-06-14 06:51:06,23.09,88.44,1011.84,14.8,35.27,6.22
2026-06-14 07:01:06,23.81,87.03,1012.06,15.08,35.26,6.19
2026-06-14 07:11:06,23.86,87.35,1011.59,15.27,35.24,6.22
2026-06-14 07:21:06,23.94,88.12,1012.37,15.87,35.58,6.17
2026-06-14 07:31:06,24.64,87.54,1010.95,15.31,35.93,6.2
2026-06-14 07:41:06,24.15,87.22,1014.42,15.98,35.16,6.2
2026-06-14 07:51:06,24.03,87.4,1011.22,15.83,34.64,6.22
2026-06-14 08:01:06,24.97,87.61,1011.82,16.18,36.0,6.21
2026-06-14 08:11:06,24.92,86.71,1013.41,16.43,35.58,6.23
2026-06-14 08:21:06,25.07,87.49,1014.42,16.4,36.05,6.18
2026-06-14 08:31:06,24.9,87.17,1010.32,16.66,35.93,6.17
2026-06-14 08:41:06,25.06,87.36,1010.67,16.77,36.11,6.16
2026-06-14 08:51:06,25.17,86.74,1011.85,16.75,35.0,6.21
2026-06-14 09:01:06,25.28,85.14,1013.8,17.05,35.78,6.19
2026-06-14 09:11:06,24.96,86.31,1010.83,17.13,34.73,6.23
2026-06-14 09:21:06,25.71,85.12,1011.06,17.44,34.96,6.24
2026-06-14 09:31:06,25.37,85.3,1012.17,17.52,35.49,6.2
2026-06-14 09:41:06,25.91,86.53,1011.02,17.75,35.74,6.17
2026-06-14 09:51:06,25.81,85.72,1009.43,17.96,35.33,6.19
2026-06-14 10:01:06,26.46,85.54,1010.0,17.92,35.55,6.19
2026-06-14 10:11:06,26.13,85.48,1011.25,17.87,35.67,6.19
2026-06-14 10:21:06,26.7,84.22,1011.19,18.25,35.44,6.23
2026-06-14 10:31:06,26.22,85.6,1013.25,18.82,35.44,6.17
2026-06-14 10:41:06,26.98,85.25,1009.43,19.16,35.17,6.21
2026-06-14 10:51:06,27.07,85.28,1011.79,19.0,36.1,6.21
2026-06-14 11:01:06,26.3,85.59,1010.51,19.11,35.61,6.22
2026-06-14 11:11:06,26.95,84.38,1012.43,19.24,34.61,6.19
2026-06-14 11:21:06,27.65,84.37,1014.35,19.29,34.69,6.17
2026-06-14 11:31:06,27.44,84.11,1012.04,19.61,34.07,6.17
2026-06-14 11:41:06,27.48,84.14,1013.46,19.57,34.17,6.23
2026-06-14 11:51:06,27.42,84.78,1012.94,20.04,35.11,6.2
2026-06-14 12:01:06,27.09,84.49,1013.57,20.38,34.68,6.17
2026-06-14 12:11:06,27.46,84.89,1012.39,19.67,36.01,6.2
2026-06-14 12:21:06,27.42,84.0,1012.44,20.41,35.25,6.21
2026-06-14 12:31:06,28.0,84.66,1010.24,20.32,35.54,6.23
2026-06-14 12:41:06,27.64,84.5,1008.57,20.73,35.0,6.24
2026-06-14 12:51:06,27.69,84.57,1010.15,20.64,35.26,6.2
2026-06-14 13:01:06,28.0,84.14,1013.85,20.39,35.38,6.17
2026-06-14 13:11:06,27.42,84.12,1012.23,21.28,35.98,6.2
2026-06-14 13:21:06,27.69,84.11,1007.8,21.23,35.32,6.2
2026-06-14 13:31:06,27.72,84.1,1013.89,21.23,35.63,6.21
2026-06-14 13:41:06,27.45,84.0,1013.23,21.15,35.2,6.22
2026-06-14 13:51:06,27.8,84.0,1012.12,21.04,34.57,6.2
2026-06-14 14:01:06,27.98,84.11,1012.12,21.49,35.9,6.22
2026-06-14 14:11:06,27.32,84.05,1014.2,21.84,35.44,6.19
2026-06-14 14:21:06,27.95,84.23,1010.38,22.17,34.93,6.18
2026-06-14 14:31:06,28.0,84.0,1011.84,21.66,34.87,6.21
2026-06-14 14:41:06,27.93,84.4,1015.04,21.83,34.49,6.2
2026-06-14 14:51:06,27.75,84.0,1013.21,22.05,34.98,6.21
2026-06-14 15:01:06,27.82,84.63,1013.17,21.82,35.52,6.22
2026-06-14 15:11:06,27.88,84.0,1009.5,21.85,34.67,6.21
2026-06-14 15:21:06,27.52,84.01,1011.1,21.87,34.98,6.18
2026-06-14 15:31:06,28.0,84.06,1011.0,22.11,35.45,6.22
2026-06-14 15:41:06,27.73,84.27,1013.69,21.65,35.3,6.19
2026-06-14 15:51:06,27.83,84.03,1009.9,22.28,35.2,6.17
2026-06-14 16:01:06,27.73,84.44,1014.63,21.71,34.47,6.21
2026-06-14 16:11:06,26.97,84.93,1011.81,22.2,35.11,6.25
2026-06-14 16:21:06,26.79,85.51,1011.91,22.17,35.51,6.23
2026-06-14 16:31:06,26.66,84.0,1008.75,22.05,35.71,6.19
2026-06-14 16:41:06,26.37,84.0,1010.77,21.89,35.49,6.18
2026-06-14 16:51:06,26.94,85.2,1011.98,22.14,34.96,6.18
2026-06-14 17:01:06,26.93,85.07,1012.59,21.89,34.75,6.18
2026-06-14 17:11:06,26.7,84.65,1011.12,21.77,35.1,6.19
2026-06-14 17:21:06,26.76,85.13,1012.87,21.57,35.13,6.21
2026-06-14 17:31:06,26.85,85.68,1013.49,21.94,35.86,6.19
2026-06-14 17:41:06,26.93,85.55,1012.87,21.62,34.76,6.2
2026-06-14 17:51:06,26.65,85.58,1012.99,21.43,34.49,6.21
2026-06-14 18:01:06,26.39,85.29,1012.77,21.48,35.57,6.19
2026-06-14 18:11:06,26.17,86.22,1012.12,21.7,34.01,6.2
2026-06-14 18:21:06,25.66,85.49,1015.45,21.36,35.13,6.16
2026-06-14 18:31:06,25.66,85.85,1011.24,21.09,34.58,6.2
2026-06-14 18:41:06,25.74,84.9,1012.61,21.07,36.07,6.18
2026-06-14 18:51:06,25.51,85.15,1010.65,20.86,34.62,6.21
2026-06-14 19:01:06,25.82,85.52,1012.63,20.73,35.82,6.2
2026-06-14 19:11:06,25.14,85.01,1012.3,20.85,34.6,6.17
2026-06-14 19:21:06,25.33,86.46,1013.07,20.79,35.59,6.24
2026-06-14 19:31:06,25.16,85.88,1010.73,20.92,35.43,6.15
2026-06-14 19:41:06,24.94,87.33,1013.7,20.31,35.49,6.22
2026-06-14 19:51:06,24.76,87.43,1012.98,20.22,34.94,6.2
2026-06-14 20:01:06,24.34,87.29,1011.13,20.33,34.41,6.22
2026-06-14 20:11:06,24.52,86.86,1011.72,19.7,35.1,6.22
2026-06-14 20:21:06,24.04,87.77,1012.36,19.95,35.42,6.21
2026-06-14 20:31:06,24.96,87.69,1012.11,19.45,35.09,6.19
2026-06-14 20:41:06,23.48,87.7,1011.79,19.56,34.46,6.21
2026-06-14 20:51:06,23.38,87.35,1011.45,19.21,35.64,6.2
2026-06-14 21:01:06,23.45,87.83,1012.95,18.93,34.92,6.19
2026-06-14 21:11:06,24.08,88.42,1011.64,18.73,35.57,6.2
2026-06-14 21:21:06,23.41,88.14,1014.15,18.61,34.49,6.22
2026-06-14 21:31:06,23.47,88.27,1011.0,18.6,35.04,6.22
2026-06-14 21:41:06,22.82,88.03,1011.44,18.44,35.14,6.2
2026-06-14 21:51:06,22.32,88.46,1012.33,18.37,35.38,6.17
2026-06-14 22:01:06,22.87,88.49,1011.18,17.85,34.66,6.21
2026-06-14 22:11:06,23.07,88.5,1009.01,18.27,34.26,6.2
2026-06-14 22:21:06,22.62,88.2,1012.19,17.74,35.65,6.2
2026-06-14 22:31:06,22.16,88.75,1011.97,17.57,35.97,6.2
2026-06-14 22:41:06,21.83,89.46,1013.61,17.34,35.2,6.17
2026-06-14 22:51:06,22.14,88.34,1012.35,17.25,35.21,6.21
2026-06-14 23:01:06,22.14,88.67,1011.53,17.13,35.03,6.21
2026-06-14 23:11:06,22.27,89.69,1014.53,16.81,33.92,6.2
2026-06-14 23:21:06,21.39,88.61,1011.4,16.49,34.61,6.22
2026-06-14 23:31:06,22.37,89.76,1010.94,16.65,34.47,6.2
2026-06-14 23:41:06,21.62,89.42,1012.12,15.99,34.44,6.22
2026-06-14 23:51:06,21.7,89.73,1013.11,15.84,40.59,6.23
2026-06-15 00:01:06,21.62,89.22,1015.33,15.81,40.28,6.19
2026-06-15 00:11:06,21.06,89.56,1013.44,16.04,40.31,6.17
2026-06-15 00:21:06,21.43,89.8,1009.48,15.55,40.06,6.2
2026-06-15 00:31:06,21.47,89.34,1010.8,15.6,39.79,6.18
2026-06-15 00:41:06,21.0,89.62,1012.37,15.25,41.16,6.15
2026-06-15 00:51:06,21.0,89.67,1011.68,15.18,39.28,6.18
2026-06-15 01:01:06,21.54,89.6,1014.97,15.57,39.39,6.15
2026-06-15 01:11:06,21.0,90.0,1012.76,14.82,39.99,6.24
2026-06-15 01:21:06,21.23,89.45,1009.33,14.76,40.13,6.17
2026-06-15 01:31:06,21.0,90.0,1012.11,14.73,39.41,6.18
2026-06-15 01:41:06,21.0,89.38,1013.71,14.95,39.43,6.2
2026-06-15 01:51:06,21.0,90.0,1011.02,14.31,39.59,6.21
2026-06-15 02:01:06,21.0,89.96,1012.58,14.77,39.95,6.2
2026-06-15 02:11:06,21.03,89.39,1013.31,14.82,40.44,6.17
2026-06-15 02:21:06,21.0,89.49,1015.07,14.38,40.07,6.19
2026-06-15 02:31:06,21.23,89.96,1012.76,14.07,40.66,6.19
2026-06-15 02:41:06,21.17,89.49,1012.48,14.37,39.85,6.17
2026-06-15 02:51:06,21.04,90.0,1013.32,14.09,39.43,6.17
2026-06-15 03:01:06,21.0,89.82,1012.43,14.35,39.18,6.23
2026-06-15 03:11:06,21.69,89.77,1012.73,13.98,39.94,6.2
2026-06-15 03:21:06,21.29,90.0,1012.86,13.86,40.49,6.2
2026-06-15 03:31:06,21.33,89.78,1011.95,14.04,39.46,6.17
2026-06-15 03:41:06,21.0,90.0,1011.93,14.31,39.62,6.2
2026-06-15 03:51:06,21.47,89.42,1009.52,14.13,40.72,6.17
2026-06-15 04:01:06,21.39,89.35,1011.63,13.92,40.65,6.21
2026-06-15 04:11:06,22.04,89.03,1012.56,14.28,39.98,6.17
2026-06-15 04:21:06,21.51,88.6,1010.89,14.31,39.71,6.23
2026-06-15 04:31:06,22.35,90.0,1011.95,13.83,39.91,6.22
2026-06-15 04:41:06,22.12,88.85,1013.15,14.34,39.57,6.18
2026-06-15 04:51:06,21.72,89.37,1011.56,14.0,39.82,6.2
2026-06-15 05:01:06,22.17,89.36,1011.91,14.46,40.28,6.2
2026-06-15 05:11:06,21.97,88.73,1007.96,14.08,38.91,6.17
2026-06-15 05:21:06,22.48,88.79,1011.62,14.44,39.41,6.19
2026-06-15 05:31:06,22.53,89.11,1011.73,14.36,39.99,6.19
2026-06-15 05:41:06,22.4,88.54,1011.1,14.4,39.86,6.19
2026-06-15 05:51:06,22.37,88.79,1014.05,14.51,39.21,6.19
2026-06-15 06:01:06,23.44,87.95,1014.83,14.52,39.14,6.21
2026-06-15 06:11:06,22.32,87.71,1012.48,14.51,40.03,6.21
2026-06-15 06:21:06,22.83,88.55,1010.86,14.57,39.28,6.18
2026-06-15 06:31:06,22.75,88.54,1011.73,14.6,39.94,6.22
2026-06-15 06:41:06,22.84,88.23,1013.22,14.97,39.89,6.2
2026-06-15 06:51:06,23.49,87.85,1011.29,15.27,39.77,6.18
2026-06-15 07:01:06,23.96,87.65,1013.74,15.21,39.64,6.22
2026-06-15 07:11:06,23.71,87.54,1012.76,15.01,38.79,6.22
2026-06-15 07:21:06,23.9,87.63,1012.29,15.48,39.23,6.24
2026-06-15 07:31:06,24.34,86.87,1012.04,15.56,39.12,6.18
2026-06-15 07:41:06,24.86,86.7,1012.75,15.49,39.07,6.2
2026-06-15 07:51:06,24.31,86.6,1012.45,15.78,40.6,6.21
2026-06-15 08:01:06,24.19,85.94,1011.93,15.81,39.23,6.21
2026-06-15 08:11:06,24.14,87.28,1012.49,16.14,40.14,6.19
2026-06-15 08:21:06,25.39,86.1,1011.86,16.27,39.43,6.15
2026-06-15 08:31:06,24.9,86.51,1009.32,16.75,39.59,6.19
2026-06-15 08:41:06,25.05,86.46,1009.35,16.71,40.48,6.21
2026-06-15 08:51:06,25.42,86.06,1011.33,16.88,39.9,6.2
2026-06-15 09:01:06,25.42,86.91,1016.28,16.99,39.76,6.19
2026-06-15 09:11:06,25.9,86.68,1013.07,17.46,39.46,6.23
2026-06-15 09:21:06,26.18,85.07,1013.44,17.79,39.81,6.21
2026-06-15 09:31:06,25.92,85.55,1011.94,17.95,39.81,6.19
2026-06-15 09:41:06,25.92,85.25,1011.87,17.59,40.4,6.18
2026-06-15 09:51:06,25.87,85.34,1012.26,17.73,40.35,6.21
2026-06-15 10:01:06,26.63,86.36,1011.57,17.87,39.44,6.17
2026-06-15 10:11:06,26.38,85.14,1012.4,17.89,38.92,6.23
2026-06-15 10:21:06,27.23,85.13,1010.53,18.16,39.94,6.2
2026-06-15 10:31:06,27.1,84.66,1012.55,18.77,40.14,6.24
2026-06-15 10:41:06,26.93,85.46,1010.97,18.59,38.77,6.21
2026-06-15 10:51:06,26.46,85.67,1008.82,18.79,39.05,6.19
2026-06-15 11:01:06,26.39,84.34,1012.19,19.57,39.12,6.2
2026-06-15 11:11:06,26.87,84.71,1012.7,19.19,39.47,6.19
2026-06-15 11:21:06,27.11,84.17,1013.49,19.11,39.13,6.2
2026-06-15 11:31:06,27.78,84.0,1013.22,19.51,39.1,6.19
2026-06-15 11:41:06,27.02,84.0,1012.12,19.77,40.15,6.15
2026-06-15 11:51:06,26.72,84.45,1013.7,19.69,39.49,6.22
2026-06-15 12:01:06,27.8,84.35,1012.72,19.89,39.72,6.16
2026-06-15 12:11:06,27.84,84.17,1012.9,19.79,39.44,6.22
2026-06-15 12:21:06,27.57,84.38,1011.43,20.61,39.09,6.24
2026-06-15 12:31:06,27.09,85.04,1014.91,20.58,39.89,6.18
2026-06-15 12:41:06,28.0,84.0,1013.26,20.47,39.53,6.19
2026-06-15 12:51:06,27.69,84.53,1015.48,20.88,40.2,6.19
2026-06-15 13:01:06,27.73,84.17,1011.89,20.88,40.54,6.2
2026-06-15 13:11:06,27.81,84.0,1011.71,20.75,39.21,6.18
2026-06-15 13:21:06,28.0,84.0,1013.96,21.0,39.66,6.19
2026-06-15 13:31:06,27.19,84.0,1013.17,21.34,39.85,6.2
2026-06-15 13:41:06,28.0,84.15,1013.31,21.17,40.02,6.21
2026-06-15 13:51:06,28.0,84.86,1011.98,21.49,39.92,6.2
2026-06-15 14:01:06,27.66,84.0,1012.02,21.2,39.06,6.2
2026-06-15 14:11:06,28.0,84.77,1011.06,21.37,39.0,6.21
2026-06-15 14:21:06,27.74,84.0,1010.47,21.75,39.5,6.22
2026-06-15 14:31:06,27.84,84.0,1010.99,21.59,38.97,6.17
2026-06-15 14:41:06,27.59,84.18,1012.55,21.39,39.94,6.19
2026-06-15 14:51:06,27.78,84.47,1009.25,22.15,39.14,6.19
2026-06-15 15:01:06,27.71,84.0,1013.03,22.0,39.61,6.19
2026-06-15 15:11:06,27.93,84.0,1010.03,22.04,39.14,6.19
2026-06-15 15:21:06,27.59,84.4,1011.6,21.53,39.49,6.19
2026-06-15 15:31:06,27.31,84.0,1010.59,22.0,39.51,6.2
2026-06-15 15:41:06,27.48,84.42,1009.0,22.02,38.8,6.17
2026-06-15 15:51:06,27.56,84.73,1014.18,21.87,39.21,6.19
2026-06-15 16:01:06,27.78,84.18,1010.94,21.96,40.08,6.2
2026-06-15 16:11:06,27.79,85.04,1010.79,21.52,40.59,6.21
2026-06-15 16:21:06,27.66,85.63,1010.14,21.98,38.83,6.2
2026-06-15 16:31:06,27.62,84.25,1011.16,21.91,39.05,6.18
2026-06-15 16:41:06,27.2,85.04,1012.16,21.79,39.36,6.2
2026-06-15 16:51:06,26.92,85.54,1009.7,21.94,39.36,6.2
2026-06-15 17:01:06,26.91,85.33,1013.59,22.14,39.48,6.21
2026-06-15 17:11:06,27.0,84.68,1014.54,21.85,39.16,6.2
2026-06-15 17:21:06,27.1,84.76,1010.5,21.87,39.44,6.22
2026-06-15 17:31:06,26.75,84.63,1011.18,21.63,39.5,6.21
2026-06-15 17:41:06,26.68,84.29,1012.38,21.58,39.94,6.25
2026-06-15 17:51:06,26.45,85.47,1010.18,21.45,40.35,6.2
2026-06-15 18:01:06,26.22,86.07,1011.73,21.25,38.78,6.17
2026-06-15 18:11:06,25.68,84.94,1010.76,21.6,39.88,6.21
2026-06-15 18:21:06,26.15,85.28,1011.8,21.02,38.89,6.18
2026-06-15 18:31:06,25.92,86.73,1009.91,20.97,39.75,6.18
2026-06-15 18:41:06,25.91,85.95,1012.31,21.0,39.22,6.2
2026-06-15 18:51:06,25.61,85.69,1011.43,21.14,39.57,6.18
2026-06-15 19:01:06,25.38,86.56,1011.61,20.55,38.77,6.2
2026-06-15 19:11:06,25.16,86.06,1010.39,20.6,38.7,6.2
2026-06-15 19:21:06,25.57,86.59,1015.58,20.96,39.5,6.2
2026-06-15 19:31:06,25.55,86.86,1010.99,20.27,40.23,6.19
2026-06-15 19:41:06,24.58,86.75,1011.24,20.14,39.26,6.21
2026-06-15 19:51:06,24.62,86.79,1012.68,20.28,38.98,6.19
2026-06-15 20:01:06,24.04,87.57,1010.1,20.16,40.11,6.23
2026-06-15 20:11:06,24.05,87.57,1010.41,19.78,38.82,6.22
2026-06-15 20:21:06,24.24,87.57,1011.7,19.65,39.36,6.22
2026-06-15 20:31:06,23.92,88.24,1013.53,19.54,39.29,6.22
2026-06-15 20:41:06,23.77,86.9,1013.56,19.31,39.41,6.21
2026-06-15 20:51:06,24.26,89.48,1010.41,19.05,39.84,6.2
2026-06-15 21:01:06,23.67,88.11,1013.29,19.23,39.24,6.2
2026-06-15 21:11:06,24.24,88.22,1011.43,19.0,38.62,6.19
2026-06-15 21:21:06,23.49,88.1,1015.31,18.52,39.77,6.22
2026-06-15 21:31:06,23.41,88.37,1008.59,18.24,39.36,6.16
2026-06-15 21:41:06,22.67,88.5,1013.22,18.28,38.79,6.19
2026-06-15 21:51:06,22.82,88.92,1013.16,18.47,39.37,6.22
2026-06-15 22:01:06,22.85,88.99,1010.46,17.85,37.95,6.21
2026-06-15 22:11:06,22.18,88.7,1011.62,17.75,39.83,6.23
2026-06-15 22:21:06,22.23,88.84,1010.48,17.76,40.14,6.2
2026-06-15 22:31:06,22.45,88.83,1011.64,17.64,39.71,6.22
2026-06-15 22:41:06,22.35,89.11,1012.29,17.41,38.78,6.19
2026-06-15 22:51:06,22.48,88.71,1010.48,17.12,38.94,6.19
2026-06-15 23:01:06,21.66,88.66,1011.45,16.85,39.22,6.17
2026-06-15 23:11:06,22.05,88.19,1011.75,16.84,39.59,6.21
2026-06-15 23:21:06,21.93,90.0,1009.82,16.51,39.97,6.16
2026-06-15 23:31:06,21.69,89.9,1011.1,16.51,38.77,6.18
2026-06-15 23:41:06,21.58,89.21,1014.96,16.02,39.28,6.17
